2024-10-19 13:59:03,289 [Worker-1: Loading available Gradle versions] INFO  o.e.b.c.i.u.g.PublishedGradleVersions - Gradle version information cache is not available. Remote download required.
2024-10-19 14:33:45,703 [Worker-6: Creating project "SpringCoreFirstApp"] INFO  o.e.m.c.i.e.AbstractTransferListenerAdapter - Downloading https://repo.maven.apache.org/maven2/org/apache/maven/plugins/maven-clean-plugin/3.2.0/maven-clean-plugin-3.2.0.jar
2024-10-19 14:33:45,734 [Worker-6: Creating project "SpringCoreFirstApp"] INFO  o.e.m.c.i.e.AbstractTransferListenerAdapter - Downloaded https://repo.maven.apache.org/maven2/org/apache/maven/plugins/maven-clean-plugin/3.2.0/maven-clean-plugin-3.2.0.jar
2024-10-19 14:33:45,803 [Worker-6: Creating project "SpringCoreFirstApp"] INFO  o.e.m.c.i.e.AbstractTransferListenerAdapter - Downloading https://repo.maven.apache.org/maven2/org/apache/maven/plugins/maven-jar-plugin/3.4.1/maven-jar-plugin-3.4.1.jar
2024-10-19 14:33:45,814 [Worker-6: Creating project "SpringCoreFirstApp"] INFO  o.e.m.c.i.e.AbstractTransferListenerAdapter - Downloaded https://repo.maven.apache.org/maven2/org/apache/maven/plugins/maven-jar-plugin/3.4.1/maven-jar-plugin-3.4.1.jar
2024-10-19 14:33:45,863 [Worker-6: Creating project "SpringCoreFirstApp"] INFO  o.e.m.c.i.e.AbstractTransferListenerAdapter - Downloading https://repo.maven.apache.org/maven2/org/apache/maven/plugins/maven-install-plugin/3.1.2/maven-install-plugin-3.1.2.jar
2024-10-19 14:33:45,874 [Worker-6: Creating project "SpringCoreFirstApp"] INFO  o.e.m.c.i.e.AbstractTransferListenerAdapter - Downloaded https://repo.maven.apache.org/maven2/org/apache/maven/plugins/maven-install-plugin/3.1.2/maven-install-plugin-3.1.2.jar
2024-10-19 14:33:45,926 [Worker-6: Creating project "SpringCoreFirstApp"] INFO  o.e.m.c.i.e.AbstractTransferListenerAdapter - Downloading https://repo.maven.apache.org/maven2/org/apache/maven/plugins/maven-deploy-plugin/3.1.2/maven-deploy-plugin-3.1.2.jar
2024-10-19 14:33:45,936 [Worker-6: Creating project "SpringCoreFirstApp"] INFO  o.e.m.c.i.e.AbstractTransferListenerAdapter - Downloaded https://repo.maven.apache.org/maven2/org/apache/maven/plugins/maven-deploy-plugin/3.1.2/maven-deploy-plugin-3.1.2.jar
2024-10-19 14:33:47,560 [Worker-6: Creating project "SpringCoreFirstApp"] INFO  o.e.m.c.i.l.LifecycleMappingFactory - Using org.eclipse.m2e.jdt.JarLifecycleMapping lifecycle mapping for MavenProject: com.app:SpringCoreFirstApp:0.1 @ F:\WorkSpace6AM_BOOT\SpringCoreFirstApp\pom.xml.
2024-10-19 14:33:47,778 [Worker-6: Creating project "SpringCoreFirstApp"] INFO  o.e.m.c.i.e.AbstractTransferListenerAdapter - Downloading https://repo.maven.apache.org/maven2/org/apache/maven/plugins/maven-jar-plugin/3.4.1/maven-jar-plugin-3.4.1.pom
2024-10-19 14:33:47,788 [Worker-6: Creating project "SpringCoreFirstApp"] INFO  o.e.m.c.i.e.AbstractTransferListenerAdapter - Downloaded https://repo.maven.apache.org/maven2/org/apache/maven/plugins/maven-jar-plugin/3.4.1/maven-jar-plugin-3.4.1.pom
2024-10-19 14:33:48,755 [Worker-6: Creating project "SpringCoreFirstApp"] INFO  o.e.m.j.i.AbstractJavaProjectConfigurator - Adding source folder /SpringCoreFirstApp/src/main/java
2024-10-19 14:33:48,762 [Worker-6: Creating project "SpringCoreFirstApp"] INFO  o.e.m.j.i.AbstractJavaProjectConfigurator - Adding resource folder /SpringCoreFirstApp/src/main/resources
2024-10-19 14:33:48,763 [Worker-6: Creating project "SpringCoreFirstApp"] INFO  o.e.m.j.i.AbstractJavaProjectConfigurator - Adding source folder /SpringCoreFirstApp/src/test/java
2024-10-19 14:33:48,763 [Worker-6: Creating project "SpringCoreFirstApp"] INFO  o.e.m.j.i.AbstractJavaProjectConfigurator - Adding resource folder /SpringCoreFirstApp/src/test/resources
2024-10-19 14:33:50,251 [Worker-10: Building] WARN  o.a.m.s.f.DefaultMavenResourcesFiltering - Using platform encoding (UTF-8 actually) to copy filtered resources, i.e. build is platform dependent!
2024-10-19 14:33:50,272 [Worker-10: Building] INFO  o.a.m.s.f.DefaultMavenResourcesFiltering - Copying 0 resource from src\main\resources to target\classes
2024-10-19 14:33:50,290 [Worker-10: Building] WARN  o.a.m.s.f.DefaultMavenResourcesFiltering - Using platform encoding (UTF-8 actually) to copy filtered resources, i.e. build is platform dependent!
2024-10-19 14:33:50,295 [Worker-10: Building] INFO  o.a.m.s.f.DefaultMavenResourcesFiltering - Copying 0 resource from src\test\resources to target\test-classes
2024-10-19 14:37:33,569 [Worker-12: Building] INFO  o.e.m.c.i.l.LifecycleMappingFactory - Using org.eclipse.m2e.jdt.JarLifecycleMapping lifecycle mapping for MavenProject: com.app:SpringCoreFirstApp:0.1 @ F:\WorkSpace6AM_BOOT\SpringCoreFirstApp\pom.xml.
2024-10-19 14:37:33,755 [Worker-12: Building] WARN  o.a.m.s.f.DefaultMavenResourcesFiltering - Using platform encoding (UTF-8 actually) to copy filtered resources, i.e. build is platform dependent!
2024-10-19 14:37:33,758 [Worker-12: Building] INFO  o.a.m.s.f.DefaultMavenResourcesFiltering - Copying 0 resource from src\main\resources to target\classes
2024-10-19 14:37:33,766 [Worker-12: Building] WARN  o.a.m.s.f.DefaultMavenResourcesFiltering - Using platform encoding (UTF-8 actually) to copy filtered resources, i.e. build is platform dependent!
2024-10-19 14:37:33,767 [Worker-12: Building] INFO  o.a.m.s.f.DefaultMavenResourcesFiltering - Copying 0 resource from src\test\resources to target\test-classes
2024-10-19 14:38:21,171 [Worker-13: Building] INFO  o.e.m.c.i.l.LifecycleMappingFactory - Using org.eclipse.m2e.jdt.JarLifecycleMapping lifecycle mapping for MavenProject: com.app:SpringCoreFirstApp:0.1 @ F:\WorkSpace6AM_BOOT\SpringCoreFirstApp\pom.xml.
2024-10-19 14:38:21,337 [Worker-13: Building] WARN  o.a.m.s.f.DefaultMavenResourcesFiltering - Using platform encoding (UTF-8 actually) to copy filtered resources, i.e. build is platform dependent!
2024-10-19 14:38:21,342 [Worker-13: Building] INFO  o.a.m.s.f.DefaultMavenResourcesFiltering - Copying 0 resource from src\main\resources to target\classes
2024-10-19 14:38:21,348 [Worker-13: Building] WARN  o.a.m.s.f.DefaultMavenResourcesFiltering - Using platform encoding (UTF-8 actually) to copy filtered resources, i.e. build is platform dependent!
2024-10-19 14:38:21,349 [Worker-13: Building] INFO  o.a.m.s.f.DefaultMavenResourcesFiltering - Copying 0 resource from src\test\resources to target\test-classes
2024-10-19 14:39:09,067 [Worker-12: Building] INFO  o.e.m.c.i.l.LifecycleMappingFactory - Using org.eclipse.m2e.jdt.JarLifecycleMapping lifecycle mapping for MavenProject: com.app:SpringCoreFirstApp:0.1 @ F:\WorkSpace6AM_BOOT\SpringCoreFirstApp\pom.xml.
2024-10-19 14:39:09,172 [Worker-12: Building] WARN  o.a.m.s.f.DefaultMavenResourcesFiltering - Using platform encoding (UTF-8 actually) to copy filtered resources, i.e. build is platform dependent!
2024-10-19 14:39:09,175 [Worker-12: Building] INFO  o.a.m.s.f.DefaultMavenResourcesFiltering - Copying 0 resource from src\main\resources to target\classes
2024-10-19 14:39:09,180 [Worker-12: Building] WARN  o.a.m.s.f.DefaultMavenResourcesFiltering - Using platform encoding (UTF-8 actually) to copy filtered resources, i.e. build is platform dependent!
2024-10-19 14:39:09,182 [Worker-12: Building] INFO  o.a.m.s.f.DefaultMavenResourcesFiltering - Copying 0 resource from src\test\resources to target\test-classes
2024-10-19 14:39:18,686 [Worker-15: Updating Maven Project] INFO  o.e.m.c.i.p.ProjectConfigurationManager - Update started
2024-10-19 14:39:18,855 [Worker-15: Updating Maven Project] INFO  o.e.m.c.i.l.LifecycleMappingFactory - Using org.eclipse.m2e.jdt.JarLifecycleMapping lifecycle mapping for MavenProject: com.app:SpringCoreFirstApp:0.1 @ F:\WorkSpace6AM_BOOT\SpringCoreFirstApp\pom.xml.
2024-10-19 14:39:18,951 [Worker-15: Updating Maven Project] INFO  o.e.m.j.i.AbstractJavaProjectConfigurator - Adding source folder /SpringCoreFirstApp/src/main/java
2024-10-19 14:39:18,952 [Worker-15: Updating Maven Project] INFO  o.e.m.j.i.AbstractJavaProjectConfigurator - Adding resource folder /SpringCoreFirstApp/src/main/resources
2024-10-19 14:39:18,953 [Worker-15: Updating Maven Project] INFO  o.e.m.j.i.AbstractJavaProjectConfigurator - Adding source folder /SpringCoreFirstApp/src/test/java
2024-10-19 14:39:18,954 [Worker-15: Updating Maven Project] INFO  o.e.m.j.i.AbstractJavaProjectConfigurator - Adding resource folder /SpringCoreFirstApp/src/test/resources
2024-10-19 14:39:19,150 [Worker-15: Updating Maven Project] INFO  o.e.m.c.i.p.ProjectConfigurationManager - Update completed for 1 poms: local refresh takes 0.00 sec, refresh facades takes 0.00 sec, update config takes 0.00 sec 
2024-10-19 14:39:19,277 [Worker-13: Building] WARN  o.a.m.s.f.DefaultMavenResourcesFiltering - Using platform encoding (UTF-8 actually) to copy filtered resources, i.e. build is platform dependent!
2024-10-19 14:39:19,278 [Worker-13: Building] INFO  o.a.m.s.f.DefaultMavenResourcesFiltering - Copying 0 resource from src\main\resources to target\classes
2024-10-19 14:39:19,281 [Worker-13: Building] WARN  o.a.m.s.f.DefaultMavenResourcesFiltering - Using platform encoding (UTF-8 actually) to copy filtered resources, i.e. build is platform dependent!
2024-10-19 14:39:19,282 [Worker-13: Building] INFO  o.a.m.s.f.DefaultMavenResourcesFiltering - Copying 0 resource from src\test\resources to target\test-classes
2024-10-19 14:42:21,298 [Worker-15: Building] INFO  o.e.m.c.i.l.LifecycleMappingFactory - Using org.eclipse.m2e.jdt.JarLifecycleMapping lifecycle mapping for MavenProject: com.app:SpringCoreFirstApp:0.1 @ F:\WorkSpace6AM_BOOT\SpringCoreFirstApp\pom.xml.
2024-10-19 14:42:21,464 [Worker-15: Building] INFO  o.e.m.c.i.e.AbstractTransferListenerAdapter - Downloading https://repo.maven.apache.org/maven2/org/springframework/spring-context/6.1.14/spring-context-6.1.14.pom
2024-10-19 14:42:21,471 [Worker-15: Building] INFO  o.e.m.c.i.e.AbstractTransferListenerAdapter - Downloaded https://repo.maven.apache.org/maven2/org/springframework/spring-context/6.1.14/spring-context-6.1.14.pom
2024-10-19 14:42:21,526 [Worker-15: Building] INFO  o.e.m.c.i.e.AbstractTransferListenerAdapter - Downloading https://repo.maven.apache.org/maven2/org/springframework/spring-aop/6.1.14/spring-aop-6.1.14.pom
2024-10-19 14:42:21,533 [Worker-15: Building] INFO  o.e.m.c.i.e.AbstractTransferListenerAdapter - Downloaded https://repo.maven.apache.org/maven2/org/springframework/spring-aop/6.1.14/spring-aop-6.1.14.pom
2024-10-19 14:42:21,585 [Worker-15: Building] INFO  o.e.m.c.i.e.AbstractTransferListenerAdapter - Downloading https://repo.maven.apache.org/maven2/org/springframework/spring-beans/6.1.14/spring-beans-6.1.14.pom
2024-10-19 14:42:21,589 [Worker-15: Building] INFO  o.e.m.c.i.e.AbstractTransferListenerAdapter - Downloaded https://repo.maven.apache.org/maven2/org/springframework/spring-beans/6.1.14/spring-beans-6.1.14.pom
2024-10-19 14:42:21,640 [Worker-15: Building] INFO  o.e.m.c.i.e.AbstractTransferListenerAdapter - Downloading https://repo.maven.apache.org/maven2/org/springframework/spring-core/6.1.14/spring-core-6.1.14.pom
2024-10-19 14:42:21,644 [Worker-15: Building] INFO  o.e.m.c.i.e.AbstractTransferListenerAdapter - Downloaded https://repo.maven.apache.org/maven2/org/springframework/spring-core/6.1.14/spring-core-6.1.14.pom
2024-10-19 14:42:21,695 [Worker-15: Building] INFO  o.e.m.c.i.e.AbstractTransferListenerAdapter - Downloading https://repo.maven.apache.org/maven2/org/springframework/spring-jcl/6.1.14/spring-jcl-6.1.14.pom
2024-10-19 14:42:21,698 [Worker-15: Building] INFO  o.e.m.c.i.e.AbstractTransferListenerAdapter - Downloaded https://repo.maven.apache.org/maven2/org/springframework/spring-jcl/6.1.14/spring-jcl-6.1.14.pom
2024-10-19 14:42:21,747 [Worker-15: Building] INFO  o.e.m.c.i.e.AbstractTransferListenerAdapter - Downloading https://repo.maven.apache.org/maven2/org/springframework/spring-expression/6.1.14/spring-expression-6.1.14.pom
2024-10-19 14:42:21,749 [Worker-15: Building] INFO  o.e.m.c.i.e.AbstractTransferListenerAdapter - Downloaded https://repo.maven.apache.org/maven2/org/springframework/spring-expression/6.1.14/spring-expression-6.1.14.pom
2024-10-19 14:42:21,800 [Worker-15: Building] INFO  o.e.m.c.i.e.AbstractTransferListenerAdapter - Downloading https://repo.maven.apache.org/maven2/io/micrometer/micrometer-observation/1.12.11/micrometer-observation-1.12.11.pom
2024-10-19 14:42:21,806 [Worker-15: Building] INFO  o.e.m.c.i.e.AbstractTransferListenerAdapter - Downloaded https://repo.maven.apache.org/maven2/io/micrometer/micrometer-observation/1.12.11/micrometer-observation-1.12.11.pom
2024-10-19 14:42:21,855 [Worker-15: Building] INFO  o.e.m.c.i.e.AbstractTransferListenerAdapter - Downloading https://repo.maven.apache.org/maven2/io/micrometer/micrometer-commons/1.12.11/micrometer-commons-1.12.11.pom
2024-10-19 14:42:21,858 [Worker-15: Building] INFO  o.e.m.c.i.e.AbstractTransferListenerAdapter - Downloaded https://repo.maven.apache.org/maven2/io/micrometer/micrometer-commons/1.12.11/micrometer-commons-1.12.11.pom
2024-10-19 14:42:21,912 [Worker-15: Building] INFO  o.e.m.c.i.e.AbstractTransferListenerAdapter - Downloading https://repo.maven.apache.org/maven2/org/springframework/spring-context/6.1.14/spring-context-6.1.14.jar
2024-10-19 14:42:23,744 [Worker-15: Building] INFO  o.e.m.c.i.e.AbstractTransferListenerAdapter - Downloaded https://repo.maven.apache.org/maven2/org/springframework/spring-context/6.1.14/spring-context-6.1.14.jar
2024-10-19 14:42:23,839 [BasicRepositoryConnector-repo.maven.apache.org-0-4] INFO  o.e.m.c.i.e.AbstractTransferListenerAdapter - Downloading https://repo.maven.apache.org/maven2/org/springframework/spring-expression/6.1.14/spring-expression-6.1.14.jar
2024-10-19 14:42:23,898 [BasicRepositoryConnector-repo.maven.apache.org-0-2] INFO  o.e.m.c.i.e.AbstractTransferListenerAdapter - Downloading https://repo.maven.apache.org/maven2/org/springframework/spring-core/6.1.14/spring-core-6.1.14.jar
2024-10-19 14:42:23,923 [BasicRepositoryConnector-repo.maven.apache.org-0-3] INFO  o.e.m.c.i.e.AbstractTransferListenerAdapter - Downloading https://repo.maven.apache.org/maven2/org/springframework/spring-jcl/6.1.14/spring-jcl-6.1.14.jar
2024-10-19 14:42:23,981 [BasicRepositoryConnector-repo.maven.apache.org-0-3] INFO  o.e.m.c.i.e.AbstractTransferListenerAdapter - Downloaded https://repo.maven.apache.org/maven2/org/springframework/spring-jcl/6.1.14/spring-jcl-6.1.14.jar
2024-10-19 14:42:24,011 [BasicRepositoryConnector-repo.maven.apache.org-0-0] INFO  o.e.m.c.i.e.AbstractTransferListenerAdapter - Downloading https://repo.maven.apache.org/maven2/org/springframework/spring-aop/6.1.14/spring-aop-6.1.14.jar
2024-10-19 14:42:24,028 [BasicRepositoryConnector-repo.maven.apache.org-0-1] INFO  o.e.m.c.i.e.AbstractTransferListenerAdapter - Downloading https://repo.maven.apache.org/maven2/org/springframework/spring-beans/6.1.14/spring-beans-6.1.14.jar
2024-10-19 14:42:24,248 [BasicRepositoryConnector-repo.maven.apache.org-0-3] INFO  o.e.m.c.i.e.AbstractTransferListenerAdapter - Downloading https://repo.maven.apache.org/maven2/io/micrometer/micrometer-observation/1.12.11/micrometer-observation-1.12.11.jar
2024-10-19 14:42:24,672 [BasicRepositoryConnector-repo.maven.apache.org-0-3] INFO  o.e.m.c.i.e.AbstractTransferListenerAdapter - Downloaded https://repo.maven.apache.org/maven2/io/micrometer/micrometer-observation/1.12.11/micrometer-observation-1.12.11.jar
2024-10-19 14:42:24,932 [BasicRepositoryConnector-repo.maven.apache.org-0-3] INFO  o.e.m.c.i.e.AbstractTransferListenerAdapter - Downloading https://repo.maven.apache.org/maven2/io/micrometer/micrometer-commons/1.12.11/micrometer-commons-1.12.11.jar
2024-10-19 14:42:25,239 [BasicRepositoryConnector-repo.maven.apache.org-0-3] INFO  o.e.m.c.i.e.AbstractTransferListenerAdapter - Downloaded https://repo.maven.apache.org/maven2/io/micrometer/micrometer-commons/1.12.11/micrometer-commons-1.12.11.jar
2024-10-19 14:42:26,604 [BasicRepositoryConnector-repo.maven.apache.org-0-4] INFO  o.e.m.c.i.e.AbstractTransferListenerAdapter - Downloaded https://repo.maven.apache.org/maven2/org/springframework/spring-expression/6.1.14/spring-expression-6.1.14.jar
2024-10-19 14:42:27,031 [BasicRepositoryConnector-repo.maven.apache.org-0-0] INFO  o.e.m.c.i.e.AbstractTransferListenerAdapter - Downloaded https://repo.maven.apache.org/maven2/org/springframework/spring-aop/6.1.14/spring-aop-6.1.14.jar
2024-10-19 14:42:28,288 [BasicRepositoryConnector-repo.maven.apache.org-0-1] INFO  o.e.m.c.i.e.AbstractTransferListenerAdapter - Downloaded https://repo.maven.apache.org/maven2/org/springframework/spring-beans/6.1.14/spring-beans-6.1.14.jar
2024-10-19 14:42:29,714 [BasicRepositoryConnector-repo.maven.apache.org-0-2] INFO  o.e.m.c.i.e.AbstractTransferListenerAdapter - Downloaded https://repo.maven.apache.org/maven2/org/springframework/spring-core/6.1.14/spring-core-6.1.14.jar
2024-10-19 14:42:29,848 [Worker-15: Building] WARN  o.a.m.s.f.DefaultMavenResourcesFiltering - Using platform encoding (UTF-8 actually) to copy filtered resources, i.e. build is platform dependent!
2024-10-19 14:42:29,850 [Worker-15: Building] INFO  o.a.m.s.f.DefaultMavenResourcesFiltering - Copying 0 resource from src\main\resources to target\classes
2024-10-19 14:42:29,854 [Worker-15: Building] WARN  o.a.m.s.f.DefaultMavenResourcesFiltering - Using platform encoding (UTF-8 actually) to copy filtered resources, i.e. build is platform dependent!
2024-10-19 14:42:29,854 [Worker-15: Building] INFO  o.a.m.s.f.DefaultMavenResourcesFiltering - Copying 0 resource from src\test\resources to target\test-classes
2024-10-19 14:42:31,138 [Worker-19: Building] WARN  o.a.m.s.f.DefaultMavenResourcesFiltering - Using platform encoding (UTF-8 actually) to copy filtered resources, i.e. build is platform dependent!
2024-10-19 14:42:31,139 [Worker-19: Building] INFO  o.a.m.s.f.DefaultMavenResourcesFiltering - Copying 0 resource from src\main\resources to target\classes
2024-10-19 14:42:31,142 [Worker-19: Building] WARN  o.a.m.s.f.DefaultMavenResourcesFiltering - Using platform encoding (UTF-8 actually) to copy filtered resources, i.e. build is platform dependent!
2024-10-19 14:42:31,143 [Worker-19: Building] INFO  o.a.m.s.f.DefaultMavenResourcesFiltering - Copying 0 resource from src\test\resources to target\test-classes
2024-10-19 14:42:31,217 [Worker-13: Download sources and javadoc] INFO  o.e.m.c.i.e.AbstractTransferListenerAdapter - Downloading https://repo.maven.apache.org/maven2/org/springframework/spring-context/6.1.14/spring-context-6.1.14-sources.jar
2024-10-19 14:42:33,241 [Worker-13: Download sources and javadoc] INFO  o.e.m.c.i.e.AbstractTransferListenerAdapter - Downloaded https://repo.maven.apache.org/maven2/org/springframework/spring-context/6.1.14/spring-context-6.1.14-sources.jar
2024-10-19 14:42:33,244 [Worker-13: Download sources and javadoc] INFO  o.e.m.j.internal.DownloadSourcesJob - Downloaded sources for org.springframework:spring-context:6.1.14
2024-10-19 14:42:33,406 [Worker-12: Updating Maven Project] INFO  o.e.m.c.i.p.ProjectConfigurationManager - Update started
2024-10-19 14:42:33,553 [Worker-12: Updating Maven Project] INFO  o.e.m.c.i.l.LifecycleMappingFactory - Using org.eclipse.m2e.jdt.JarLifecycleMapping lifecycle mapping for MavenProject: com.app:SpringCoreFirstApp:0.1 @ F:\WorkSpace6AM_BOOT\SpringCoreFirstApp\pom.xml.
2024-10-19 14:42:33,587 [Worker-13: Download sources and javadoc] INFO  o.e.m.c.i.e.AbstractTransferListenerAdapter - Downloading https://repo.maven.apache.org/maven2/org/springframework/spring-aop/6.1.14/spring-aop-6.1.14-sources.jar
2024-10-19 14:42:34,094 [Worker-13: Download sources and javadoc] INFO  o.e.m.c.i.e.AbstractTransferListenerAdapter - Downloaded https://repo.maven.apache.org/maven2/org/springframework/spring-aop/6.1.14/spring-aop-6.1.14-sources.jar
2024-10-19 14:42:34,096 [Worker-13: Download sources and javadoc] INFO  o.e.m.j.internal.DownloadSourcesJob - Downloaded sources for org.springframework:spring-aop:6.1.14
2024-10-19 14:42:34,449 [Worker-13: Download sources and javadoc] INFO  o.e.m.c.i.e.AbstractTransferListenerAdapter - Downloading https://repo.maven.apache.org/maven2/org/springframework/spring-beans/6.1.14/spring-beans-6.1.14-sources.jar
2024-10-19 14:42:35,190 [Worker-13: Download sources and javadoc] INFO  o.e.m.c.i.e.AbstractTransferListenerAdapter - Downloaded https://repo.maven.apache.org/maven2/org/springframework/spring-beans/6.1.14/spring-beans-6.1.14-sources.jar
2024-10-19 14:42:35,193 [Worker-13: Download sources and javadoc] INFO  o.e.m.j.internal.DownloadSourcesJob - Downloaded sources for org.springframework:spring-beans:6.1.14
2024-10-19 14:42:35,295 [Worker-12: Updating Maven Project] INFO  o.e.m.j.i.AbstractJavaProjectConfigurator - Adding source folder /SpringCoreFirstApp/src/main/java
2024-10-19 14:42:35,296 [Worker-12: Updating Maven Project] INFO  o.e.m.j.i.AbstractJavaProjectConfigurator - Adding resource folder /SpringCoreFirstApp/src/main/resources
2024-10-19 14:42:35,296 [Worker-12: Updating Maven Project] INFO  o.e.m.j.i.AbstractJavaProjectConfigurator - Adding source folder /SpringCoreFirstApp/src/test/java
2024-10-19 14:42:35,296 [Worker-12: Updating Maven Project] INFO  o.e.m.j.i.AbstractJavaProjectConfigurator - Adding resource folder /SpringCoreFirstApp/src/test/resources
2024-10-19 14:42:35,484 [Worker-12: Updating Maven Project] INFO  o.e.m.c.i.p.ProjectConfigurationManager - Update completed for 1 poms: local refresh takes 0.00 sec, refresh facades takes 1.00 sec, update config takes 0.00 sec 
2024-10-19 14:42:35,532 [Worker-13: Download sources and javadoc] INFO  o.e.m.c.i.e.AbstractTransferListenerAdapter - Downloading https://repo.maven.apache.org/maven2/org/springframework/spring-core/6.1.14/spring-core-6.1.14-sources.jar
2024-10-19 14:42:35,632 [Worker-20: Building] WARN  o.a.m.s.f.DefaultMavenResourcesFiltering - Using platform encoding (UTF-8 actually) to copy filtered resources, i.e. build is platform dependent!
2024-10-19 14:42:35,634 [Worker-20: Building] INFO  o.a.m.s.f.DefaultMavenResourcesFiltering - Copying 0 resource from src\main\resources to target\classes
2024-10-19 14:42:35,638 [Worker-20: Building] WARN  o.a.m.s.f.DefaultMavenResourcesFiltering - Using platform encoding (UTF-8 actually) to copy filtered resources, i.e. build is platform dependent!
2024-10-19 14:42:35,639 [Worker-20: Building] INFO  o.a.m.s.f.DefaultMavenResourcesFiltering - Copying 0 resource from src\test\resources to target\test-classes
2024-10-19 14:42:37,727 [Worker-13: Download sources and javadoc] INFO  o.e.m.c.i.e.AbstractTransferListenerAdapter - Downloaded https://repo.maven.apache.org/maven2/org/springframework/spring-core/6.1.14/spring-core-6.1.14-sources.jar
2024-10-19 14:42:37,732 [Worker-13: Download sources and javadoc] INFO  o.e.m.j.internal.DownloadSourcesJob - Downloaded sources for org.springframework:spring-core:6.1.14
2024-10-19 14:42:38,070 [Worker-13: Download sources and javadoc] INFO  o.e.m.c.i.e.AbstractTransferListenerAdapter - Downloading https://repo.maven.apache.org/maven2/org/springframework/spring-jcl/6.1.14/spring-jcl-6.1.14-sources.jar
2024-10-19 14:42:38,086 [Worker-13: Download sources and javadoc] INFO  o.e.m.c.i.e.AbstractTransferListenerAdapter - Downloaded https://repo.maven.apache.org/maven2/org/springframework/spring-jcl/6.1.14/spring-jcl-6.1.14-sources.jar
2024-10-19 14:42:38,089 [Worker-13: Download sources and javadoc] INFO  o.e.m.j.internal.DownloadSourcesJob - Downloaded sources for org.springframework:spring-jcl:6.1.14
2024-10-19 14:42:38,430 [Worker-13: Download sources and javadoc] INFO  o.e.m.c.i.e.AbstractTransferListenerAdapter - Downloading https://repo.maven.apache.org/maven2/org/springframework/spring-expression/6.1.14/spring-expression-6.1.14-sources.jar
2024-10-19 14:42:38,781 [Worker-13: Download sources and javadoc] INFO  o.e.m.c.i.e.AbstractTransferListenerAdapter - Downloaded https://repo.maven.apache.org/maven2/org/springframework/spring-expression/6.1.14/spring-expression-6.1.14-sources.jar
2024-10-19 14:42:38,786 [Worker-13: Download sources and javadoc] INFO  o.e.m.j.internal.DownloadSourcesJob - Downloaded sources for org.springframework:spring-expression:6.1.14
2024-10-19 14:42:39,130 [Worker-13: Download sources and javadoc] INFO  o.e.m.c.i.e.AbstractTransferListenerAdapter - Downloading https://repo.maven.apache.org/maven2/io/micrometer/micrometer-observation/1.12.11/micrometer-observation-1.12.11-sources.jar
2024-10-19 14:42:39,194 [Worker-13: Download sources and javadoc] INFO  o.e.m.c.i.e.AbstractTransferListenerAdapter - Downloaded https://repo.maven.apache.org/maven2/io/micrometer/micrometer-observation/1.12.11/micrometer-observation-1.12.11-sources.jar
2024-10-19 14:42:39,198 [Worker-13: Download sources and javadoc] INFO  o.e.m.j.internal.DownloadSourcesJob - Downloaded sources for io.micrometer:micrometer-observation:1.12.11
2024-10-19 14:42:39,541 [Worker-13: Download sources and javadoc] INFO  o.e.m.c.i.e.AbstractTransferListenerAdapter - Downloading https://repo.maven.apache.org/maven2/io/micrometer/micrometer-commons/1.12.11/micrometer-commons-1.12.11-sources.jar
2024-10-19 14:42:39,632 [Worker-13: Download sources and javadoc] INFO  o.e.m.c.i.e.AbstractTransferListenerAdapter - Downloaded https://repo.maven.apache.org/maven2/io/micrometer/micrometer-commons/1.12.11/micrometer-commons-1.12.11-sources.jar
2024-10-19 14:42:39,634 [Worker-13: Download sources and javadoc] INFO  o.e.m.j.internal.DownloadSourcesJob - Downloaded sources for io.micrometer:micrometer-commons:1.12.11
2024-10-19 14:59:10,851 [Worker-23: Building] WARN  o.a.m.s.f.DefaultMavenResourcesFiltering - Using platform encoding (UTF-8 actually) to copy filtered resources, i.e. build is platform dependent!
2024-10-19 14:59:10,854 [Worker-23: Building] INFO  o.a.m.s.f.DefaultMavenResourcesFiltering - Copying 0 resource from src\main\resources to target\classes
2024-10-19 14:59:10,864 [Worker-23: Building] WARN  o.a.m.s.f.DefaultMavenResourcesFiltering - Using platform encoding (UTF-8 actually) to copy filtered resources, i.e. build is platform dependent!
2024-10-19 14:59:10,866 [Worker-23: Building] INFO  o.a.m.s.f.DefaultMavenResourcesFiltering - Copying 0 resource from src\test\resources to target\test-classes
2024-10-19 14:59:37,202 [Worker-25: Building] WARN  o.a.m.s.f.DefaultMavenResourcesFiltering - Using platform encoding (UTF-8 actually) to copy filtered resources, i.e. build is platform dependent!
2024-10-19 14:59:37,203 [Worker-25: Building] INFO  o.a.m.s.f.DefaultMavenResourcesFiltering - Copying 0 resource from src\main\resources to target\classes
2024-10-19 14:59:37,206 [Worker-25: Building] WARN  o.a.m.s.f.DefaultMavenResourcesFiltering - Using platform encoding (UTF-8 actually) to copy filtered resources, i.e. build is platform dependent!
2024-10-19 14:59:37,206 [Worker-25: Building] INFO  o.a.m.s.f.DefaultMavenResourcesFiltering - Copying 0 resource from src\test\resources to target\test-classes
2024-10-19 15:00:07,910 [Worker-25: Building] WARN  o.a.m.s.f.DefaultMavenResourcesFiltering - Using platform encoding (UTF-8 actually) to copy filtered resources, i.e. build is platform dependent!
2024-10-19 15:00:07,911 [Worker-25: Building] INFO  o.a.m.s.f.DefaultMavenResourcesFiltering - Copying 0 resource from src\main\resources to target\classes
2024-10-19 15:00:07,913 [Worker-25: Building] WARN  o.a.m.s.f.DefaultMavenResourcesFiltering - Using platform encoding (UTF-8 actually) to copy filtered resources, i.e. build is platform dependent!
2024-10-19 15:00:07,914 [Worker-25: Building] INFO  o.a.m.s.f.DefaultMavenResourcesFiltering - Copying 0 resource from src\test\resources to target\test-classes
2024-10-19 15:02:50,712 [Worker-24: Building] WARN  o.a.m.s.f.DefaultMavenResourcesFiltering - Using platform encoding (UTF-8 actually) to copy filtered resources, i.e. build is platform dependent!
2024-10-19 15:02:50,713 [Worker-24: Building] INFO  o.a.m.s.f.DefaultMavenResourcesFiltering - Copying 0 resource from src\main\resources to target\classes
2024-10-19 15:02:50,715 [Worker-24: Building] WARN  o.a.m.s.f.DefaultMavenResourcesFiltering - Using platform encoding (UTF-8 actually) to copy filtered resources, i.e. build is platform dependent!
2024-10-19 15:02:50,716 [Worker-24: Building] INFO  o.a.m.s.f.DefaultMavenResourcesFiltering - Copying 0 resource from src\test\resources to target\test-classes
2024-10-19 15:04:27,800 [Worker-24: Building] WARN  o.a.m.s.f.DefaultMavenResourcesFiltering - Using platform encoding (UTF-8 actually) to copy filtered resources, i.e. build is platform dependent!
2024-10-19 15:04:27,802 [Worker-24: Building] INFO  o.a.m.s.f.DefaultMavenResourcesFiltering - Copying 0 resource from src\main\resources to target\classes
2024-10-19 15:04:27,806 [Worker-24: Building] WARN  o.a.m.s.f.DefaultMavenResourcesFiltering - Using platform encoding (UTF-8 actually) to copy filtered resources, i.e. build is platform dependent!
2024-10-19 15:04:27,807 [Worker-24: Building] INFO  o.a.m.s.f.DefaultMavenResourcesFiltering - Copying 0 resource from src\test\resources to target\test-classes
2024-10-19 15:04:45,487 [Worker-23: Building] WARN  o.a.m.s.f.DefaultMavenResourcesFiltering - Using platform encoding (UTF-8 actually) to copy filtered resources, i.e. build is platform dependent!
2024-10-19 15:04:45,488 [Worker-23: Building] INFO  o.a.m.s.f.DefaultMavenResourcesFiltering - Copying 1 resource from src\main\resources to target\classes
2024-10-19 15:04:45,495 [Worker-23: Building] WARN  o.a.m.s.f.DefaultMavenResourcesFiltering - Using platform encoding (UTF-8 actually) to copy filtered resources, i.e. build is platform dependent!
2024-10-19 15:04:45,496 [Worker-23: Building] INFO  o.a.m.s.f.DefaultMavenResourcesFiltering - Copying 0 resource from src\test\resources to target\test-classes
2024-10-19 15:05:31,939 [Worker-27: Building] WARN  o.a.m.s.f.DefaultMavenResourcesFiltering - Using platform encoding (UTF-8 actually) to copy filtered resources, i.e. build is platform dependent!
2024-10-19 15:05:31,940 [Worker-27: Building] INFO  o.a.m.s.f.DefaultMavenResourcesFiltering - Copying 1 resource from src\main\resources to target\classes
2024-10-19 15:05:31,943 [Worker-27: Building] WARN  o.a.m.s.f.DefaultMavenResourcesFiltering - Using platform encoding (UTF-8 actually) to copy filtered resources, i.e. build is platform dependent!
2024-10-19 15:05:31,944 [Worker-27: Building] INFO  o.a.m.s.f.DefaultMavenResourcesFiltering - Copying 0 resource from src\test\resources to target\test-classes
2024-10-19 15:05:37,667 [Worker-28: Building] WARN  o.a.m.s.f.DefaultMavenResourcesFiltering - Using platform encoding (UTF-8 actually) to copy filtered resources, i.e. build is platform dependent!
2024-10-19 15:05:37,668 [Worker-28: Building] INFO  o.a.m.s.f.DefaultMavenResourcesFiltering - Copying 1 resource from src\main\resources to target\classes
2024-10-19 15:05:37,674 [Worker-28: Building] WARN  o.a.m.s.f.DefaultMavenResourcesFiltering - Using platform encoding (UTF-8 actually) to copy filtered resources, i.e. build is platform dependent!
2024-10-19 15:05:37,675 [Worker-28: Building] INFO  o.a.m.s.f.DefaultMavenResourcesFiltering - Copying 0 resource from src\test\resources to target\test-classes
2024-10-19 15:07:04,126 [Worker-29: Building] WARN  o.a.m.s.f.DefaultMavenResourcesFiltering - Using platform encoding (UTF-8 actually) to copy filtered resources, i.e. build is platform dependent!
2024-10-19 15:07:04,127 [Worker-29: Building] INFO  o.a.m.s.f.DefaultMavenResourcesFiltering - Copying 1 resource from src\main\resources to target\classes
2024-10-19 15:07:04,131 [Worker-29: Building] WARN  o.a.m.s.f.DefaultMavenResourcesFiltering - Using platform encoding (UTF-8 actually) to copy filtered resources, i.e. build is platform dependent!
2024-10-19 15:07:04,132 [Worker-29: Building] INFO  o.a.m.s.f.DefaultMavenResourcesFiltering - Copying 0 resource from src\test\resources to target\test-classes
2024-10-19 15:07:22,961 [Worker-29: Building] WARN  o.a.m.s.f.DefaultMavenResourcesFiltering - Using platform encoding (UTF-8 actually) to copy filtered resources, i.e. build is platform dependent!
2024-10-19 15:07:22,962 [Worker-29: Building] INFO  o.a.m.s.f.DefaultMavenResourcesFiltering - Copying 1 resource from src\main\resources to target\classes
2024-10-19 15:07:22,964 [Worker-29: Building] WARN  o.a.m.s.f.DefaultMavenResourcesFiltering - Using platform encoding (UTF-8 actually) to copy filtered resources, i.e. build is platform dependent!
2024-10-19 15:07:22,965 [Worker-29: Building] INFO  o.a.m.s.f.DefaultMavenResourcesFiltering - Copying 0 resource from src\test\resources to target\test-classes
2024-10-19 15:08:45,962 [Worker-29: Building] WARN  o.a.m.s.f.DefaultMavenResourcesFiltering - Using platform encoding (UTF-8 actually) to copy filtered resources, i.e. build is platform dependent!
2024-10-19 15:08:45,964 [Worker-29: Building] INFO  o.a.m.s.f.DefaultMavenResourcesFiltering - Copying 1 resource from src\main\resources to target\classes
2024-10-19 15:08:45,966 [Worker-29: Building] WARN  o.a.m.s.f.DefaultMavenResourcesFiltering - Using platform encoding (UTF-8 actually) to copy filtered resources, i.e. build is platform dependent!
2024-10-19 15:08:45,967 [Worker-29: Building] INFO  o.a.m.s.f.DefaultMavenResourcesFiltering - Copying 0 resource from src\test\resources to target\test-classes
2024-10-19 15:09:16,438 [Worker-30: Building] WARN  o.a.m.s.f.DefaultMavenResourcesFiltering - Using platform encoding (UTF-8 actually) to copy filtered resources, i.e. build is platform dependent!
2024-10-19 15:09:16,439 [Worker-30: Building] INFO  o.a.m.s.f.DefaultMavenResourcesFiltering - Copying 1 resource from src\main\resources to target\classes
2024-10-19 15:09:16,441 [Worker-30: Building] WARN  o.a.m.s.f.DefaultMavenResourcesFiltering - Using platform encoding (UTF-8 actually) to copy filtered resources, i.e. build is platform dependent!
2024-10-19 15:09:16,441 [Worker-30: Building] INFO  o.a.m.s.f.DefaultMavenResourcesFiltering - Copying 0 resource from src\test\resources to target\test-classes
2024-10-19 15:09:42,298 [Worker-23: Building] WARN  o.a.m.s.f.DefaultMavenResourcesFiltering - Using platform encoding (UTF-8 actually) to copy filtered resources, i.e. build is platform dependent!
2024-10-19 15:09:42,299 [Worker-23: Building] INFO  o.a.m.s.f.DefaultMavenResourcesFiltering - Copying 1 resource from src\main\resources to target\classes
2024-10-19 15:09:42,301 [Worker-23: Building] WARN  o.a.m.s.f.DefaultMavenResourcesFiltering - Using platform encoding (UTF-8 actually) to copy filtered resources, i.e. build is platform dependent!
2024-10-19 15:09:42,302 [Worker-23: Building] INFO  o.a.m.s.f.DefaultMavenResourcesFiltering - Copying 0 resource from src\test\resources to target\test-classes
2024-10-19 15:09:45,907 [Worker-24: Building] WARN  o.a.m.s.f.DefaultMavenResourcesFiltering - Using platform encoding (UTF-8 actually) to copy filtered resources, i.e. build is platform dependent!
2024-10-19 15:09:45,908 [Worker-24: Building] INFO  o.a.m.s.f.DefaultMavenResourcesFiltering - Copying 1 resource from src\main\resources to target\classes
2024-10-19 15:09:45,910 [Worker-24: Building] WARN  o.a.m.s.f.DefaultMavenResourcesFiltering - Using platform encoding (UTF-8 actually) to copy filtered resources, i.e. build is platform dependent!
2024-10-19 15:09:45,911 [Worker-24: Building] INFO  o.a.m.s.f.DefaultMavenResourcesFiltering - Copying 0 resource from src\test\resources to target\test-classes
2024-10-19 15:10:13,467 [Worker-27: Building] WARN  o.a.m.s.f.DefaultMavenResourcesFiltering - Using platform encoding (UTF-8 actually) to copy filtered resources, i.e. build is platform dependent!
2024-10-19 15:10:13,468 [Worker-27: Building] INFO  o.a.m.s.f.DefaultMavenResourcesFiltering - Copying 1 resource from src\main\resources to target\classes
2024-10-19 15:10:13,470 [Worker-27: Building] WARN  o.a.m.s.f.DefaultMavenResourcesFiltering - Using platform encoding (UTF-8 actually) to copy filtered resources, i.e. build is platform dependent!
2024-10-19 15:10:13,470 [Worker-27: Building] INFO  o.a.m.s.f.DefaultMavenResourcesFiltering - Copying 0 resource from src\test\resources to target\test-classes
2024-10-19 15:11:42,132 [Worker-31: Building] WARN  o.a.m.s.f.DefaultMavenResourcesFiltering - Using platform encoding (UTF-8 actually) to copy filtered resources, i.e. build is platform dependent!
2024-10-19 15:11:42,133 [Worker-31: Building] INFO  o.a.m.s.f.DefaultMavenResourcesFiltering - Copying 1 resource from src\main\resources to target\classes
2024-10-19 15:11:42,136 [Worker-31: Building] WARN  o.a.m.s.f.DefaultMavenResourcesFiltering - Using platform encoding (UTF-8 actually) to copy filtered resources, i.e. build is platform dependent!
2024-10-19 15:11:42,136 [Worker-31: Building] INFO  o.a.m.s.f.DefaultMavenResourcesFiltering - Copying 0 resource from src\test\resources to target\test-classes
2024-10-19 15:11:56,846 [Worker-24: Building] WARN  o.a.m.s.f.DefaultMavenResourcesFiltering - Using platform encoding (UTF-8 actually) to copy filtered resources, i.e. build is platform dependent!
2024-10-19 15:11:56,847 [Worker-24: Building] INFO  o.a.m.s.f.DefaultMavenResourcesFiltering - Copying 1 resource from src\main\resources to target\classes
2024-10-19 15:11:56,850 [Worker-24: Building] WARN  o.a.m.s.f.DefaultMavenResourcesFiltering - Using platform encoding (UTF-8 actually) to copy filtered resources, i.e. build is platform dependent!
2024-10-19 15:11:56,851 [Worker-24: Building] INFO  o.a.m.s.f.DefaultMavenResourcesFiltering - Copying 0 resource from src\test\resources to target\test-classes
2024-10-19 15:13:45,900 [Worker-27: Building] WARN  o.a.m.s.f.DefaultMavenResourcesFiltering - Using platform encoding (UTF-8 actually) to copy filtered resources, i.e. build is platform dependent!
2024-10-19 15:13:45,901 [Worker-27: Building] INFO  o.a.m.s.f.DefaultMavenResourcesFiltering - Copying 1 resource from src\main\resources to target\classes
2024-10-19 15:13:45,903 [Worker-27: Building] WARN  o.a.m.s.f.DefaultMavenResourcesFiltering - Using platform encoding (UTF-8 actually) to copy filtered resources, i.e. build is platform dependent!
2024-10-19 15:13:45,904 [Worker-27: Building] INFO  o.a.m.s.f.DefaultMavenResourcesFiltering - Copying 0 resource from src\test\resources to target\test-classes
2024-10-19 15:15:27,629 [Worker-30: Building] WARN  o.a.m.s.f.DefaultMavenResourcesFiltering - Using platform encoding (UTF-8 actually) to copy filtered resources, i.e. build is platform dependent!
2024-10-19 15:15:27,630 [Worker-30: Building] INFO  o.a.m.s.f.DefaultMavenResourcesFiltering - Copying 1 resource from src\main\resources to target\classes
2024-10-19 15:15:27,632 [Worker-30: Building] WARN  o.a.m.s.f.DefaultMavenResourcesFiltering - Using platform encoding (UTF-8 actually) to copy filtered resources, i.e. build is platform dependent!
2024-10-19 15:15:27,633 [Worker-30: Building] INFO  o.a.m.s.f.DefaultMavenResourcesFiltering - Copying 0 resource from src\test\resources to target\test-classes
2024-10-19 15:16:03,612 [Worker-30: Building] WARN  o.a.m.s.f.DefaultMavenResourcesFiltering - Using platform encoding (UTF-8 actually) to copy filtered resources, i.e. build is platform dependent!
2024-10-19 15:16:03,613 [Worker-30: Building] INFO  o.a.m.s.f.DefaultMavenResourcesFiltering - Copying 1 resource from src\main\resources to target\classes
2024-10-19 15:16:03,615 [Worker-30: Building] WARN  o.a.m.s.f.DefaultMavenResourcesFiltering - Using platform encoding (UTF-8 actually) to copy filtered resources, i.e. build is platform dependent!
2024-10-19 15:16:03,616 [Worker-30: Building] INFO  o.a.m.s.f.DefaultMavenResourcesFiltering - Copying 0 resource from src\test\resources to target\test-classes
2024-10-19 15:17:11,778 [Worker-31: Building] WARN  o.a.m.s.f.DefaultMavenResourcesFiltering - Using platform encoding (UTF-8 actually) to copy filtered resources, i.e. build is platform dependent!
2024-10-19 15:17:11,780 [Worker-31: Building] INFO  o.a.m.s.f.DefaultMavenResourcesFiltering - Copying 1 resource from src\main\resources to target\classes
2024-10-19 15:17:11,782 [Worker-31: Building] WARN  o.a.m.s.f.DefaultMavenResourcesFiltering - Using platform encoding (UTF-8 actually) to copy filtered resources, i.e. build is platform dependent!
2024-10-19 15:17:11,783 [Worker-31: Building] INFO  o.a.m.s.f.DefaultMavenResourcesFiltering - Copying 0 resource from src\test\resources to target\test-classes
2024-10-19 15:20:27,808 [Worker-33: Building] WARN  o.a.m.s.f.DefaultMavenResourcesFiltering - Using platform encoding (UTF-8 actually) to copy filtered resources, i.e. build is platform dependent!
2024-10-19 15:20:27,809 [Worker-33: Building] INFO  o.a.m.s.f.DefaultMavenResourcesFiltering - Copying 1 resource from src\main\resources to target\classes
2024-10-19 15:20:27,811 [Worker-33: Building] WARN  o.a.m.s.f.DefaultMavenResourcesFiltering - Using platform encoding (UTF-8 actually) to copy filtered resources, i.e. build is platform dependent!
2024-10-19 15:20:27,812 [Worker-33: Building] INFO  o.a.m.s.f.DefaultMavenResourcesFiltering - Copying 0 resource from src\test\resources to target\test-classes
2024-10-19 15:20:39,713 [Worker-35: Building] WARN  o.a.m.s.f.DefaultMavenResourcesFiltering - Using platform encoding (UTF-8 actually) to copy filtered resources, i.e. build is platform dependent!
2024-10-19 15:20:39,713 [Worker-35: Building] INFO  o.a.m.s.f.DefaultMavenResourcesFiltering - Copying 1 resource from src\main\resources to target\classes
2024-10-19 15:20:39,715 [Worker-35: Building] WARN  o.a.m.s.f.DefaultMavenResourcesFiltering - Using platform encoding (UTF-8 actually) to copy filtered resources, i.e. build is platform dependent!
2024-10-19 15:20:39,716 [Worker-35: Building] INFO  o.a.m.s.f.DefaultMavenResourcesFiltering - Copying 0 resource from src\test\resources to target\test-classes
2024-10-19 15:21:20,178 [Worker-29: Building] WARN  o.a.m.s.f.DefaultMavenResourcesFiltering - Using platform encoding (UTF-8 actually) to copy filtered resources, i.e. build is platform dependent!
2024-10-19 15:21:20,179 [Worker-29: Building] INFO  o.a.m.s.f.DefaultMavenResourcesFiltering - Copying 1 resource from src\main\resources to target\classes
2024-10-19 15:21:20,181 [Worker-29: Building] WARN  o.a.m.s.f.DefaultMavenResourcesFiltering - Using platform encoding (UTF-8 actually) to copy filtered resources, i.e. build is platform dependent!
2024-10-19 15:21:20,182 [Worker-29: Building] INFO  o.a.m.s.f.DefaultMavenResourcesFiltering - Copying 0 resource from src\test\resources to target\test-classes
2024-10-19 15:22:27,496 [Worker-35: Building] WARN  o.a.m.s.f.DefaultMavenResourcesFiltering - Using platform encoding (UTF-8 actually) to copy filtered resources, i.e. build is platform dependent!
2024-10-19 15:22:27,497 [Worker-35: Building] INFO  o.a.m.s.f.DefaultMavenResourcesFiltering - Copying 1 resource from src\main\resources to target\classes
2024-10-19 15:22:27,499 [Worker-35: Building] WARN  o.a.m.s.f.DefaultMavenResourcesFiltering - Using platform encoding (UTF-8 actually) to copy filtered resources, i.e. build is platform dependent!
2024-10-19 15:22:27,500 [Worker-35: Building] INFO  o.a.m.s.f.DefaultMavenResourcesFiltering - Copying 0 resource from src\test\resources to target\test-classes
2024-10-19 15:23:01,071 [Worker-36: Building] WARN  o.a.m.s.f.DefaultMavenResourcesFiltering - Using platform encoding (UTF-8 actually) to copy filtered resources, i.e. build is platform dependent!
2024-10-19 15:23:01,072 [Worker-36: Building] INFO  o.a.m.s.f.DefaultMavenResourcesFiltering - Copying 1 resource from src\main\resources to target\classes
2024-10-19 15:23:01,074 [Worker-36: Building] WARN  o.a.m.s.f.DefaultMavenResourcesFiltering - Using platform encoding (UTF-8 actually) to copy filtered resources, i.e. build is platform dependent!
2024-10-19 15:23:01,075 [Worker-36: Building] INFO  o.a.m.s.f.DefaultMavenResourcesFiltering - Copying 0 resource from src\test\resources to target\test-classes
2024-10-19 15:23:33,867 [Worker-34: Building] WARN  o.a.m.s.f.DefaultMavenResourcesFiltering - Using platform encoding (UTF-8 actually) to copy filtered resources, i.e. build is platform dependent!
2024-10-19 15:23:33,868 [Worker-34: Building] INFO  o.a.m.s.f.DefaultMavenResourcesFiltering - Copying 1 resource from src\main\resources to target\classes
2024-10-19 15:23:33,870 [Worker-34: Building] WARN  o.a.m.s.f.DefaultMavenResourcesFiltering - Using platform encoding (UTF-8 actually) to copy filtered resources, i.e. build is platform dependent!
2024-10-19 15:23:33,871 [Worker-34: Building] INFO  o.a.m.s.f.DefaultMavenResourcesFiltering - Copying 0 resource from src\test\resources to target\test-classes
2024-10-19 15:24:02,122 [Worker-33: Building] WARN  o.a.m.s.f.DefaultMavenResourcesFiltering - Using platform encoding (UTF-8 actually) to copy filtered resources, i.e. build is platform dependent!
2024-10-19 15:24:02,123 [Worker-33: Building] INFO  o.a.m.s.f.DefaultMavenResourcesFiltering - Copying 1 resource from src\main\resources to target\classes
2024-10-19 15:24:02,126 [Worker-33: Building] WARN  o.a.m.s.f.DefaultMavenResourcesFiltering - Using platform encoding (UTF-8 actually) to copy filtered resources, i.e. build is platform dependent!
2024-10-19 15:24:02,126 [Worker-33: Building] INFO  o.a.m.s.f.DefaultMavenResourcesFiltering - Copying 0 resource from src\test\resources to target\test-classes
2024-10-19 15:25:03,107 [Worker-24: Building] WARN  o.a.m.s.f.DefaultMavenResourcesFiltering - Using platform encoding (UTF-8 actually) to copy filtered resources, i.e. build is platform dependent!
2024-10-19 15:25:03,108 [Worker-24: Building] INFO  o.a.m.s.f.DefaultMavenResourcesFiltering - Copying 1 resource from src\main\resources to target\classes
2024-10-19 15:25:03,111 [Worker-24: Building] WARN  o.a.m.s.f.DefaultMavenResourcesFiltering - Using platform encoding (UTF-8 actually) to copy filtered resources, i.e. build is platform dependent!
2024-10-19 15:25:03,111 [Worker-24: Building] INFO  o.a.m.s.f.DefaultMavenResourcesFiltering - Copying 0 resource from src\test\resources to target\test-classes
2024-10-19 15:25:43,314 [Worker-29: Building] WARN  o.a.m.s.f.DefaultMavenResourcesFiltering - Using platform encoding (UTF-8 actually) to copy filtered resources, i.e. build is platform dependent!
2024-10-19 15:25:43,315 [Worker-29: Building] INFO  o.a.m.s.f.DefaultMavenResourcesFiltering - Copying 1 resource from src\main\resources to target\classes
2024-10-19 15:25:43,317 [Worker-29: Building] WARN  o.a.m.s.f.DefaultMavenResourcesFiltering - Using platform encoding (UTF-8 actually) to copy filtered resources, i.e. build is platform dependent!
2024-10-19 15:25:43,318 [Worker-29: Building] INFO  o.a.m.s.f.DefaultMavenResourcesFiltering - Copying 0 resource from src\test\resources to target\test-classes
2024-10-19 15:26:48,954 [Worker-29: Building] WARN  o.a.m.s.f.DefaultMavenResourcesFiltering - Using platform encoding (UTF-8 actually) to copy filtered resources, i.e. build is platform dependent!
2024-10-19 15:26:49,154 [Worker-29: Building] INFO  o.a.m.s.f.DefaultMavenResourcesFiltering - Copying 1 resource from src\main\resources to target\classes
2024-10-19 15:26:49,158 [Worker-29: Building] WARN  o.a.m.s.f.DefaultMavenResourcesFiltering - Using platform encoding (UTF-8 actually) to copy filtered resources, i.e. build is platform dependent!
2024-10-19 15:26:49,158 [Worker-29: Building] INFO  o.a.m.s.f.DefaultMavenResourcesFiltering - Copying 0 resource from src\test\resources to target\test-classes
2024-10-19 15:27:35,995 [Worker-34: Building] WARN  o.a.m.s.f.DefaultMavenResourcesFiltering - Using platform encoding (UTF-8 actually) to copy filtered resources, i.e. build is platform dependent!
2024-10-19 15:27:35,996 [Worker-34: Building] INFO  o.a.m.s.f.DefaultMavenResourcesFiltering - Copying 1 resource from src\main\resources to target\classes
2024-10-19 15:27:35,999 [Worker-34: Building] WARN  o.a.m.s.f.DefaultMavenResourcesFiltering - Using platform encoding (UTF-8 actually) to copy filtered resources, i.e. build is platform dependent!
2024-10-19 15:27:36,000 [Worker-34: Building] INFO  o.a.m.s.f.DefaultMavenResourcesFiltering - Copying 0 resource from src\test\resources to target\test-classes
2024-10-19 15:29:50,225 [Worker-39: Building] WARN  o.a.m.s.f.DefaultMavenResourcesFiltering - Using platform encoding (UTF-8 actually) to copy filtered resources, i.e. build is platform dependent!
2024-10-19 15:29:50,226 [Worker-39: Building] INFO  o.a.m.s.f.DefaultMavenResourcesFiltering - Copying 1 resource from src\main\resources to target\classes
2024-10-19 15:29:50,228 [Worker-39: Building] WARN  o.a.m.s.f.DefaultMavenResourcesFiltering - Using platform encoding (UTF-8 actually) to copy filtered resources, i.e. build is platform dependent!
2024-10-19 15:29:50,229 [Worker-39: Building] INFO  o.a.m.s.f.DefaultMavenResourcesFiltering - Copying 0 resource from src\test\resources to target\test-classes
2024-10-19 15:30:35,146 [Worker-33: Building] WARN  o.a.m.s.f.DefaultMavenResourcesFiltering - Using platform encoding (UTF-8 actually) to copy filtered resources, i.e. build is platform dependent!
2024-10-19 15:30:35,147 [Worker-33: Building] INFO  o.a.m.s.f.DefaultMavenResourcesFiltering - Copying 1 resource from src\main\resources to target\classes
2024-10-19 15:30:35,149 [Worker-33: Building] WARN  o.a.m.s.f.DefaultMavenResourcesFiltering - Using platform encoding (UTF-8 actually) to copy filtered resources, i.e. build is platform dependent!
2024-10-19 15:30:35,150 [Worker-33: Building] INFO  o.a.m.s.f.DefaultMavenResourcesFiltering - Copying 0 resource from src\test\resources to target\test-classes
2024-10-19 15:30:59,302 [Worker-33: Building] WARN  o.a.m.s.f.DefaultMavenResourcesFiltering - Using platform encoding (UTF-8 actually) to copy filtered resources, i.e. build is platform dependent!
2024-10-19 15:30:59,303 [Worker-33: Building] INFO  o.a.m.s.f.DefaultMavenResourcesFiltering - Copying 1 resource from src\main\resources to target\classes
2024-10-19 15:30:59,305 [Worker-33: Building] WARN  o.a.m.s.f.DefaultMavenResourcesFiltering - Using platform encoding (UTF-8 actually) to copy filtered resources, i.e. build is platform dependent!
2024-10-19 15:30:59,306 [Worker-33: Building] INFO  o.a.m.s.f.DefaultMavenResourcesFiltering - Copying 0 resource from src\test\resources to target\test-classes
2024-10-19 15:31:35,154 [Worker-33: Building] WARN  o.a.m.s.f.DefaultMavenResourcesFiltering - Using platform encoding (UTF-8 actually) to copy filtered resources, i.e. build is platform dependent!
2024-10-19 15:31:35,157 [Worker-33: Building] INFO  o.a.m.s.f.DefaultMavenResourcesFiltering - Copying 1 resource from src\main\resources to target\classes
2024-10-19 15:31:35,160 [Worker-33: Building] WARN  o.a.m.s.f.DefaultMavenResourcesFiltering - Using platform encoding (UTF-8 actually) to copy filtered resources, i.e. build is platform dependent!
2024-10-19 15:31:35,162 [Worker-33: Building] INFO  o.a.m.s.f.DefaultMavenResourcesFiltering - Copying 0 resource from src\test\resources to target\test-classes
2024-10-19 15:32:31,859 [Worker-39: Building] WARN  o.a.m.s.f.DefaultMavenResourcesFiltering - Using platform encoding (UTF-8 actually) to copy filtered resources, i.e. build is platform dependent!
2024-10-19 15:32:31,860 [Worker-39: Building] INFO  o.a.m.s.f.DefaultMavenResourcesFiltering - Copying 1 resource from src\main\resources to target\classes
2024-10-19 15:32:31,862 [Worker-39: Building] WARN  o.a.m.s.f.DefaultMavenResourcesFiltering - Using platform encoding (UTF-8 actually) to copy filtered resources, i.e. build is platform dependent!
2024-10-19 15:32:31,863 [Worker-39: Building] INFO  o.a.m.s.f.DefaultMavenResourcesFiltering - Copying 0 resource from src\test\resources to target\test-classes
2024-10-19 15:33:03,146 [Worker-40: Building] WARN  o.a.m.s.f.DefaultMavenResourcesFiltering - Using platform encoding (UTF-8 actually) to copy filtered resources, i.e. build is platform dependent!
2024-10-19 15:33:03,147 [Worker-40: Building] INFO  o.a.m.s.f.DefaultMavenResourcesFiltering - Copying 1 resource from src\main\resources to target\classes
2024-10-19 15:33:03,149 [Worker-40: Building] WARN  o.a.m.s.f.DefaultMavenResourcesFiltering - Using platform encoding (UTF-8 actually) to copy filtered resources, i.e. build is platform dependent!
2024-10-19 15:33:03,149 [Worker-40: Building] INFO  o.a.m.s.f.DefaultMavenResourcesFiltering - Copying 0 resource from src\test\resources to target\test-classes
2024-10-19 15:33:34,941 [Worker-41: Building] WARN  o.a.m.s.f.DefaultMavenResourcesFiltering - Using platform encoding (UTF-8 actually) to copy filtered resources, i.e. build is platform dependent!
2024-10-19 15:33:34,942 [Worker-41: Building] INFO  o.a.m.s.f.DefaultMavenResourcesFiltering - Copying 1 resource from src\main\resources to target\classes
2024-10-19 15:33:34,945 [Worker-41: Building] WARN  o.a.m.s.f.DefaultMavenResourcesFiltering - Using platform encoding (UTF-8 actually) to copy filtered resources, i.e. build is platform dependent!
2024-10-19 15:33:34,945 [Worker-41: Building] INFO  o.a.m.s.f.DefaultMavenResourcesFiltering - Copying 0 resource from src\test\resources to target\test-classes
2024-10-19 15:33:56,179 [Worker-40: Building] WARN  o.a.m.s.f.DefaultMavenResourcesFiltering - Using platform encoding (UTF-8 actually) to copy filtered resources, i.e. build is platform dependent!
2024-10-19 15:33:56,179 [Worker-40: Building] INFO  o.a.m.s.f.DefaultMavenResourcesFiltering - Copying 1 resource from src\main\resources to target\classes
2024-10-19 15:33:56,182 [Worker-40: Building] WARN  o.a.m.s.f.DefaultMavenResourcesFiltering - Using platform encoding (UTF-8 actually) to copy filtered resources, i.e. build is platform dependent!
2024-10-19 15:33:56,183 [Worker-40: Building] INFO  o.a.m.s.f.DefaultMavenResourcesFiltering - Copying 0 resource from src\test\resources to target\test-classes
2024-10-19 15:35:42,527 [Worker-37: Building] WARN  o.a.m.s.f.DefaultMavenResourcesFiltering - Using platform encoding (UTF-8 actually) to copy filtered resources, i.e. build is platform dependent!
2024-10-19 15:35:42,528 [Worker-37: Building] INFO  o.a.m.s.f.DefaultMavenResourcesFiltering - Copying 1 resource from src\main\resources to target\classes
2024-10-19 15:35:42,531 [Worker-37: Building] WARN  o.a.m.s.f.DefaultMavenResourcesFiltering - Using platform encoding (UTF-8 actually) to copy filtered resources, i.e. build is platform dependent!
2024-10-19 15:35:42,532 [Worker-37: Building] INFO  o.a.m.s.f.DefaultMavenResourcesFiltering - Copying 0 resource from src\test\resources to target\test-classes
2024-10-19 15:35:53,108 [Worker-33: Building] WARN  o.a.m.s.f.DefaultMavenResourcesFiltering - Using platform encoding (UTF-8 actually) to copy filtered resources, i.e. build is platform dependent!
2024-10-19 15:35:53,109 [Worker-33: Building] INFO  o.a.m.s.f.DefaultMavenResourcesFiltering - Copying 1 resource from src\main\resources to target\classes
2024-10-19 15:35:53,111 [Worker-33: Building] WARN  o.a.m.s.f.DefaultMavenResourcesFiltering - Using platform encoding (UTF-8 actually) to copy filtered resources, i.e. build is platform dependent!
2024-10-19 15:35:53,112 [Worker-33: Building] INFO  o.a.m.s.f.DefaultMavenResourcesFiltering - Copying 0 resource from src\test\resources to target\test-classes
2024-10-19 15:36:17,192 [Worker-33: Building] WARN  o.a.m.s.f.DefaultMavenResourcesFiltering - Using platform encoding (UTF-8 actually) to copy filtered resources, i.e. build is platform dependent!
2024-10-19 15:36:17,193 [Worker-33: Building] INFO  o.a.m.s.f.DefaultMavenResourcesFiltering - Copying 1 resource from src\main\resources to target\classes
2024-10-19 15:36:17,196 [Worker-33: Building] WARN  o.a.m.s.f.DefaultMavenResourcesFiltering - Using platform encoding (UTF-8 actually) to copy filtered resources, i.e. build is platform dependent!
2024-10-19 15:36:17,196 [Worker-33: Building] INFO  o.a.m.s.f.DefaultMavenResourcesFiltering - Copying 0 resource from src\test\resources to target\test-classes
2024-10-19 15:37:50,849 [Worker-42: Building] WARN  o.a.m.s.f.DefaultMavenResourcesFiltering - Using platform encoding (UTF-8 actually) to copy filtered resources, i.e. build is platform dependent!
2024-10-19 15:37:50,850 [Worker-42: Building] INFO  o.a.m.s.f.DefaultMavenResourcesFiltering - Copying 1 resource from src\main\resources to target\classes
2024-10-19 15:37:50,852 [Worker-42: Building] WARN  o.a.m.s.f.DefaultMavenResourcesFiltering - Using platform encoding (UTF-8 actually) to copy filtered resources, i.e. build is platform dependent!
2024-10-19 15:37:50,853 [Worker-42: Building] INFO  o.a.m.s.f.DefaultMavenResourcesFiltering - Copying 0 resource from src\test\resources to target\test-classes
2024-12-29 21:01:50,264 [Worker-1: Loading available Gradle versions] INFO  o.e.b.c.i.u.g.PublishedGradleVersions - Gradle version information cache is out-of-date. Trying to update.
2024-12-29 21:16:24,808 [Worker-0: Loading available Gradle versions] INFO  o.e.b.c.i.u.g.PublishedGradleVersions - Gradle version information cache is up-to-date. Trying to read.
2024-12-29 21:16:28,614 [Worker-6: Building] WARN  o.a.m.s.f.DefaultMavenResourcesFiltering - Using platform encoding (UTF-8 actually) to copy filtered resources, i.e. build is platform dependent!
2024-12-29 21:16:28,619 [Worker-6: Building] INFO  o.a.m.s.f.DefaultMavenResourcesFiltering - Copying 1 resource from src\main\resources to target\classes
2024-12-29 21:16:29,092 [Worker-6: Building] WARN  o.a.m.s.f.DefaultMavenResourcesFiltering - Using platform encoding (UTF-8 actually) to copy filtered resources, i.e. build is platform dependent!
2024-12-29 21:16:29,093 [Worker-6: Building] INFO  o.a.m.s.f.DefaultMavenResourcesFiltering - Copying 0 resource from src\test\resources to target\test-classes
2025-01-04 19:34:21,677 [Worker-4: Loading available Gradle versions] INFO  o.e.b.c.i.u.g.PublishedGradleVersions - Gradle version information cache is out-of-date. Trying to update.
2025-01-04 19:42:04,443 [Worker-8: Import Getting Started Content] INFO  o.e.m.c.i.e.AbstractTransferListenerAdapter - Downloading https://repo.maven.apache.org/maven2/org/springframework/boot/spring-boot-starter-parent/3.4.1/spring-boot-starter-parent-3.4.1.pom
2025-01-04 19:42:04,473 [Worker-8: Import Getting Started Content] INFO  o.e.m.c.i.e.AbstractTransferListenerAdapter - Downloaded https://repo.maven.apache.org/maven2/org/springframework/boot/spring-boot-starter-parent/3.4.1/spring-boot-starter-parent-3.4.1.pom
2025-01-04 19:42:04,605 [Worker-8: Import Getting Started Content] INFO  o.e.m.c.i.e.AbstractTransferListenerAdapter - Downloading https://repo.maven.apache.org/maven2/org/springframework/boot/spring-boot-dependencies/3.4.1/spring-boot-dependencies-3.4.1.pom
2025-01-04 19:42:04,748 [Worker-8: Import Getting Started Content] INFO  o.e.m.c.i.e.AbstractTransferListenerAdapter - Downloaded https://repo.maven.apache.org/maven2/org/springframework/boot/spring-boot-dependencies/3.4.1/spring-boot-dependencies-3.4.1.pom
2025-01-04 19:42:05,132 [Worker-8: Import Getting Started Content] INFO  o.e.m.c.i.e.AbstractTransferListenerAdapter - Downloading https://repo.maven.apache.org/maven2/org/apache/activemq/activemq-bom/6.1.4/activemq-bom-6.1.4.pom
2025-01-04 19:42:05,139 [Worker-8: Import Getting Started Content] INFO  o.e.m.c.i.e.AbstractTransferListenerAdapter - Downloaded https://repo.maven.apache.org/maven2/org/apache/activemq/activemq-bom/6.1.4/activemq-bom-6.1.4.pom
2025-01-04 19:42:05,250 [Worker-8: Import Getting Started Content] INFO  o.e.m.c.i.e.AbstractTransferListenerAdapter - Downloading https://repo.maven.apache.org/maven2/org/apache/activemq/artemis-bom/2.37.0/artemis-bom-2.37.0.pom
2025-01-04 19:42:05,260 [Worker-8: Import Getting Started Content] INFO  o.e.m.c.i.e.AbstractTransferListenerAdapter - Downloaded https://repo.maven.apache.org/maven2/org/apache/activemq/artemis-bom/2.37.0/artemis-bom-2.37.0.pom
2025-01-04 19:42:05,370 [Worker-8: Import Getting Started Content] INFO  o.e.m.c.i.e.AbstractTransferListenerAdapter - Downloading https://repo.maven.apache.org/maven2/org/apache/activemq/artemis-project/2.37.0/artemis-project-2.37.0.pom
2025-01-04 19:42:05,396 [Worker-8: Import Getting Started Content] INFO  o.e.m.c.i.e.AbstractTransferListenerAdapter - Downloaded https://repo.maven.apache.org/maven2/org/apache/activemq/artemis-project/2.37.0/artemis-project-2.37.0.pom
2025-01-04 19:42:05,509 [Worker-8: Import Getting Started Content] INFO  o.e.m.c.i.e.AbstractTransferListenerAdapter - Downloading https://repo.maven.apache.org/maven2/org/apache/apache/33/apache-33.pom
2025-01-04 19:42:05,519 [Worker-8: Import Getting Started Content] INFO  o.e.m.c.i.e.AbstractTransferListenerAdapter - Downloaded https://repo.maven.apache.org/maven2/org/apache/apache/33/apache-33.pom
2025-01-04 19:42:05,629 [Worker-8: Import Getting Started Content] INFO  o.e.m.c.i.e.AbstractTransferListenerAdapter - Downloading https://repo.maven.apache.org/maven2/org/assertj/assertj-bom/3.26.3/assertj-bom-3.26.3.pom
2025-01-04 19:42:05,631 [Worker-8: Import Getting Started Content] INFO  o.e.m.c.i.e.AbstractTransferListenerAdapter - Downloaded https://repo.maven.apache.org/maven2/org/assertj/assertj-bom/3.26.3/assertj-bom-3.26.3.pom
2025-01-04 19:42:05,739 [Worker-8: Import Getting Started Content] INFO  o.e.m.c.i.e.AbstractTransferListenerAdapter - Downloading https://repo.maven.apache.org/maven2/io/zipkin/reporter2/zipkin-reporter-bom/3.4.3/zipkin-reporter-bom-3.4.3.pom
2025-01-04 19:42:05,742 [Worker-8: Import Getting Started Content] INFO  o.e.m.c.i.e.AbstractTransferListenerAdapter - Downloaded https://repo.maven.apache.org/maven2/io/zipkin/reporter2/zipkin-reporter-bom/3.4.3/zipkin-reporter-bom-3.4.3.pom
2025-01-04 19:42:05,871 [Worker-8: Import Getting Started Content] INFO  o.e.m.c.i.e.AbstractTransferListenerAdapter - Downloading https://repo.maven.apache.org/maven2/org/apache/groovy/groovy-bom/4.0.24/groovy-bom-4.0.24.pom
2025-01-04 19:42:05,882 [Worker-8: Import Getting Started Content] INFO  o.e.m.c.i.e.AbstractTransferListenerAdapter - Downloaded https://repo.maven.apache.org/maven2/org/apache/groovy/groovy-bom/4.0.24/groovy-bom-4.0.24.pom
2025-01-04 19:42:05,994 [Worker-8: Import Getting Started Content] INFO  o.e.m.c.i.e.AbstractTransferListenerAdapter - Downloading https://repo.maven.apache.org/maven2/org/infinispan/infinispan-bom/15.0.11.Final/infinispan-bom-15.0.11.Final.pom
2025-01-04 19:42:06,003 [Worker-8: Import Getting Started Content] INFO  o.e.m.c.i.e.AbstractTransferListenerAdapter - Downloaded https://repo.maven.apache.org/maven2/org/infinispan/infinispan-bom/15.0.11.Final/infinispan-bom-15.0.11.Final.pom
2025-01-04 19:42:06,111 [Worker-8: Import Getting Started Content] INFO  o.e.m.c.i.e.AbstractTransferListenerAdapter - Downloading https://repo.maven.apache.org/maven2/org/infinispan/infinispan-build-configuration-parent/15.0.11.Final/infinispan-build-configuration-parent-15.0.11.Final.pom
2025-01-04 19:42:06,126 [Worker-8: Import Getting Started Content] INFO  o.e.m.c.i.e.AbstractTransferListenerAdapter - Downloaded https://repo.maven.apache.org/maven2/org/infinispan/infinispan-build-configuration-parent/15.0.11.Final/infinispan-build-configuration-parent-15.0.11.Final.pom
2025-01-04 19:42:06,247 [Worker-8: Import Getting Started Content] INFO  o.e.m.c.i.e.AbstractTransferListenerAdapter - Downloading https://repo.maven.apache.org/maven2/com/fasterxml/jackson/jackson-bom/2.18.2/jackson-bom-2.18.2.pom
2025-01-04 19:42:06,255 [Worker-8: Import Getting Started Content] INFO  o.e.m.c.i.e.AbstractTransferListenerAdapter - Downloaded https://repo.maven.apache.org/maven2/com/fasterxml/jackson/jackson-bom/2.18.2/jackson-bom-2.18.2.pom
2025-01-04 19:42:06,361 [Worker-8: Import Getting Started Content] INFO  o.e.m.c.i.e.AbstractTransferListenerAdapter - Downloading https://repo.maven.apache.org/maven2/com/fasterxml/jackson/jackson-parent/2.18.1/jackson-parent-2.18.1.pom
2025-01-04 19:42:06,367 [Worker-8: Import Getting Started Content] INFO  o.e.m.c.i.e.AbstractTransferListenerAdapter - Downloaded https://repo.maven.apache.org/maven2/com/fasterxml/jackson/jackson-parent/2.18.1/jackson-parent-2.18.1.pom
2025-01-04 19:42:06,473 [Worker-8: Import Getting Started Content] INFO  o.e.m.c.i.e.AbstractTransferListenerAdapter - Downloading https://repo.maven.apache.org/maven2/com/fasterxml/oss-parent/61/oss-parent-61.pom
2025-01-04 19:42:06,482 [Worker-8: Import Getting Started Content] INFO  o.e.m.c.i.e.AbstractTransferListenerAdapter - Downloaded https://repo.maven.apache.org/maven2/com/fasterxml/oss-parent/61/oss-parent-61.pom
2025-01-04 19:42:06,591 [Worker-8: Import Getting Started Content] INFO  o.e.m.c.i.e.AbstractTransferListenerAdapter - Downloading https://repo.maven.apache.org/maven2/org/glassfish/jersey/jersey-bom/3.1.9/jersey-bom-3.1.9.pom
2025-01-04 19:42:06,600 [Worker-8: Import Getting Started Content] INFO  o.e.m.c.i.e.AbstractTransferListenerAdapter - Downloaded https://repo.maven.apache.org/maven2/org/glassfish/jersey/jersey-bom/3.1.9/jersey-bom-3.1.9.pom
2025-01-04 19:42:06,748 [Worker-8: Import Getting Started Content] INFO  o.e.m.c.i.e.AbstractTransferListenerAdapter - Downloading https://repo.maven.apache.org/maven2/org/eclipse/jetty/ee10/jetty-ee10-bom/12.0.16/jetty-ee10-bom-12.0.16.pom
2025-01-04 19:42:06,751 [Worker-8: Import Getting Started Content] INFO  o.e.m.c.i.e.AbstractTransferListenerAdapter - Downloaded https://repo.maven.apache.org/maven2/org/eclipse/jetty/ee10/jetty-ee10-bom/12.0.16/jetty-ee10-bom-12.0.16.pom
2025-01-04 19:42:06,858 [Worker-8: Import Getting Started Content] INFO  o.e.m.c.i.e.AbstractTransferListenerAdapter - Downloading https://repo.maven.apache.org/maven2/org/eclipse/jetty/jetty-bom/12.0.16/jetty-bom-12.0.16.pom
2025-01-04 19:42:06,864 [Worker-8: Import Getting Started Content] INFO  o.e.m.c.i.e.AbstractTransferListenerAdapter - Downloaded https://repo.maven.apache.org/maven2/org/eclipse/jetty/jetty-bom/12.0.16/jetty-bom-12.0.16.pom
2025-01-04 19:42:06,973 [Worker-8: Import Getting Started Content] INFO  o.e.m.c.i.e.AbstractTransferListenerAdapter - Downloading https://repo.maven.apache.org/maven2/org/junit/junit-bom/5.11.4/junit-bom-5.11.4.pom
2025-01-04 19:42:06,976 [Worker-8: Import Getting Started Content] INFO  o.e.m.c.i.e.AbstractTransferListenerAdapter - Downloaded https://repo.maven.apache.org/maven2/org/junit/junit-bom/5.11.4/junit-bom-5.11.4.pom
2025-01-04 19:42:07,098 [Worker-8: Import Getting Started Content] INFO  o.e.m.c.i.e.AbstractTransferListenerAdapter - Downloading https://repo.maven.apache.org/maven2/org/apache/logging/log4j/log4j-bom/2.24.3/log4j-bom-2.24.3.pom
2025-01-04 19:42:07,104 [Worker-8: Import Getting Started Content] INFO  o.e.m.c.i.e.AbstractTransferListenerAdapter - Downloaded https://repo.maven.apache.org/maven2/org/apache/logging/log4j/log4j-bom/2.24.3/log4j-bom-2.24.3.pom
2025-01-04 19:42:07,338 [Worker-8: Import Getting Started Content] INFO  o.e.m.c.i.e.AbstractTransferListenerAdapter - Downloading https://repo.maven.apache.org/maven2/org/apache/logging/logging-parent/11.3.0/logging-parent-11.3.0.pom
2025-01-04 19:42:07,343 [Worker-8: Import Getting Started Content] INFO  o.e.m.c.i.e.AbstractTransferListenerAdapter - Downloaded https://repo.maven.apache.org/maven2/org/apache/logging/logging-parent/11.3.0/logging-parent-11.3.0.pom
2025-01-04 19:42:07,456 [Worker-8: Import Getting Started Content] INFO  o.e.m.c.i.e.AbstractTransferListenerAdapter - Downloading https://repo.maven.apache.org/maven2/io/micrometer/micrometer-bom/1.14.2/micrometer-bom-1.14.2.pom
2025-01-04 19:42:07,462 [Worker-8: Import Getting Started Content] INFO  o.e.m.c.i.e.AbstractTransferListenerAdapter - Downloaded https://repo.maven.apache.org/maven2/io/micrometer/micrometer-bom/1.14.2/micrometer-bom-1.14.2.pom
2025-01-04 19:42:07,571 [Worker-8: Import Getting Started Content] INFO  o.e.m.c.i.e.AbstractTransferListenerAdapter - Downloading https://repo.maven.apache.org/maven2/io/micrometer/micrometer-tracing-bom/1.4.1/micrometer-tracing-bom-1.4.1.pom
2025-01-04 19:42:07,575 [Worker-8: Import Getting Started Content] INFO  o.e.m.c.i.e.AbstractTransferListenerAdapter - Downloaded https://repo.maven.apache.org/maven2/io/micrometer/micrometer-tracing-bom/1.4.1/micrometer-tracing-bom-1.4.1.pom
2025-01-04 19:42:07,684 [Worker-8: Import Getting Started Content] INFO  o.e.m.c.i.e.AbstractTransferListenerAdapter - Downloading https://repo.maven.apache.org/maven2/org/mockito/mockito-bom/5.14.2/mockito-bom-5.14.2.pom
2025-01-04 19:42:07,686 [Worker-8: Import Getting Started Content] INFO  o.e.m.c.i.e.AbstractTransferListenerAdapter - Downloaded https://repo.maven.apache.org/maven2/org/mockito/mockito-bom/5.14.2/mockito-bom-5.14.2.pom
2025-01-04 19:42:07,798 [Worker-8: Import Getting Started Content] INFO  o.e.m.c.i.e.AbstractTransferListenerAdapter - Downloading https://repo.maven.apache.org/maven2/io/netty/netty-bom/4.1.116.Final/netty-bom-4.1.116.Final.pom
2025-01-04 19:42:07,803 [Worker-8: Import Getting Started Content] INFO  o.e.m.c.i.e.AbstractTransferListenerAdapter - Downloaded https://repo.maven.apache.org/maven2/io/netty/netty-bom/4.1.116.Final/netty-bom-4.1.116.Final.pom
2025-01-04 19:42:07,915 [Worker-8: Import Getting Started Content] INFO  o.e.m.c.i.e.AbstractTransferListenerAdapter - Downloading https://repo.maven.apache.org/maven2/io/opentelemetry/opentelemetry-bom/1.43.0/opentelemetry-bom-1.43.0.pom
2025-01-04 19:42:07,918 [Worker-8: Import Getting Started Content] INFO  o.e.m.c.i.e.AbstractTransferListenerAdapter - Downloaded https://repo.maven.apache.org/maven2/io/opentelemetry/opentelemetry-bom/1.43.0/opentelemetry-bom-1.43.0.pom
2025-01-04 19:42:08,024 [Worker-8: Import Getting Started Content] INFO  o.e.m.c.i.e.AbstractTransferListenerAdapter - Downloading https://repo.maven.apache.org/maven2/io/prometheus/prometheus-metrics-bom/1.3.5/prometheus-metrics-bom-1.3.5.pom
2025-01-04 19:42:08,027 [Worker-8: Import Getting Started Content] INFO  o.e.m.c.i.e.AbstractTransferListenerAdapter - Downloaded https://repo.maven.apache.org/maven2/io/prometheus/prometheus-metrics-bom/1.3.5/prometheus-metrics-bom-1.3.5.pom
2025-01-04 19:42:08,135 [Worker-8: Import Getting Started Content] INFO  o.e.m.c.i.e.AbstractTransferListenerAdapter - Downloading https://repo.maven.apache.org/maven2/io/prometheus/client_java/1.3.5/client_java-1.3.5.pom
2025-01-04 19:42:08,147 [Worker-8: Import Getting Started Content] INFO  o.e.m.c.i.e.AbstractTransferListenerAdapter - Downloaded https://repo.maven.apache.org/maven2/io/prometheus/client_java/1.3.5/client_java-1.3.5.pom
2025-01-04 19:42:08,285 [Worker-8: Import Getting Started Content] INFO  o.e.m.c.i.e.AbstractTransferListenerAdapter - Downloading https://repo.maven.apache.org/maven2/org/apache/pulsar/pulsar-bom/3.3.3/pulsar-bom-3.3.3.pom
2025-01-04 19:42:08,299 [Worker-8: Import Getting Started Content] INFO  o.e.m.c.i.e.AbstractTransferListenerAdapter - Downloaded https://repo.maven.apache.org/maven2/org/apache/pulsar/pulsar-bom/3.3.3/pulsar-bom-3.3.3.pom
2025-01-04 19:42:08,419 [Worker-8: Import Getting Started Content] INFO  o.e.m.c.i.e.AbstractTransferListenerAdapter - Downloading https://repo.maven.apache.org/maven2/io/projectreactor/reactor-bom/2024.0.1/reactor-bom-2024.0.1.pom
2025-01-04 19:42:08,424 [Worker-8: Import Getting Started Content] INFO  o.e.m.c.i.e.AbstractTransferListenerAdapter - Downloaded https://repo.maven.apache.org/maven2/io/projectreactor/reactor-bom/2024.0.1/reactor-bom-2024.0.1.pom
2025-01-04 19:42:08,537 [Worker-8: Import Getting Started Content] INFO  o.e.m.c.i.e.AbstractTransferListenerAdapter - Downloading https://repo.maven.apache.org/maven2/io/rest-assured/rest-assured-bom/5.5.0/rest-assured-bom-5.5.0.pom
2025-01-04 19:42:08,540 [Worker-8: Import Getting Started Content] INFO  o.e.m.c.i.e.AbstractTransferListenerAdapter - Downloaded https://repo.maven.apache.org/maven2/io/rest-assured/rest-assured-bom/5.5.0/rest-assured-bom-5.5.0.pom
2025-01-04 19:42:08,650 [Worker-8: Import Getting Started Content] INFO  o.e.m.c.i.e.AbstractTransferListenerAdapter - Downloading https://repo.maven.apache.org/maven2/org/seleniumhq/selenium/selenium-bom/4.25.0/selenium-bom-4.25.0.pom
2025-01-04 19:42:08,656 [Worker-8: Import Getting Started Content] INFO  o.e.m.c.i.e.AbstractTransferListenerAdapter - Downloaded https://repo.maven.apache.org/maven2/org/seleniumhq/selenium/selenium-bom/4.25.0/selenium-bom-4.25.0.pom
2025-01-04 19:42:08,766 [Worker-8: Import Getting Started Content] INFO  o.e.m.c.i.e.AbstractTransferListenerAdapter - Downloading https://repo.maven.apache.org/maven2/org/springframework/amqp/spring-amqp-bom/3.2.1/spring-amqp-bom-3.2.1.pom
2025-01-04 19:42:08,769 [Worker-8: Import Getting Started Content] INFO  o.e.m.c.i.e.AbstractTransferListenerAdapter - Downloaded https://repo.maven.apache.org/maven2/org/springframework/amqp/spring-amqp-bom/3.2.1/spring-amqp-bom-3.2.1.pom
2025-01-04 19:42:08,879 [Worker-8: Import Getting Started Content] INFO  o.e.m.c.i.e.AbstractTransferListenerAdapter - Downloading https://repo.maven.apache.org/maven2/org/springframework/batch/spring-batch-bom/5.2.1/spring-batch-bom-5.2.1.pom
2025-01-04 19:42:08,882 [Worker-8: Import Getting Started Content] INFO  o.e.m.c.i.e.AbstractTransferListenerAdapter - Downloaded https://repo.maven.apache.org/maven2/org/springframework/batch/spring-batch-bom/5.2.1/spring-batch-bom-5.2.1.pom
2025-01-04 19:42:08,997 [Worker-8: Import Getting Started Content] INFO  o.e.m.c.i.e.AbstractTransferListenerAdapter - Downloading https://repo.maven.apache.org/maven2/org/springframework/data/spring-data-bom/2024.1.1/spring-data-bom-2024.1.1.pom
2025-01-04 19:42:09,001 [Worker-8: Import Getting Started Content] INFO  o.e.m.c.i.e.AbstractTransferListenerAdapter - Downloaded https://repo.maven.apache.org/maven2/org/springframework/data/spring-data-bom/2024.1.1/spring-data-bom-2024.1.1.pom
2025-01-04 19:42:09,108 [Worker-8: Import Getting Started Content] INFO  o.e.m.c.i.e.AbstractTransferListenerAdapter - Downloading https://repo.maven.apache.org/maven2/org/springframework/spring-framework-bom/6.2.1/spring-framework-bom-6.2.1.pom
2025-01-04 19:42:09,111 [Worker-8: Import Getting Started Content] INFO  o.e.m.c.i.e.AbstractTransferListenerAdapter - Downloaded https://repo.maven.apache.org/maven2/org/springframework/spring-framework-bom/6.2.1/spring-framework-bom-6.2.1.pom
2025-01-04 19:42:09,229 [Worker-8: Import Getting Started Content] INFO  o.e.m.c.i.e.AbstractTransferListenerAdapter - Downloading https://repo.maven.apache.org/maven2/org/springframework/integration/spring-integration-bom/6.4.1/spring-integration-bom-6.4.1.pom
2025-01-04 19:42:09,244 [Worker-8: Import Getting Started Content] INFO  o.e.m.c.i.e.AbstractTransferListenerAdapter - Downloaded https://repo.maven.apache.org/maven2/org/springframework/integration/spring-integration-bom/6.4.1/spring-integration-bom-6.4.1.pom
2025-01-04 19:42:09,353 [Worker-8: Import Getting Started Content] INFO  o.e.m.c.i.e.AbstractTransferListenerAdapter - Downloading https://repo.maven.apache.org/maven2/org/springframework/pulsar/spring-pulsar-bom/1.2.1/spring-pulsar-bom-1.2.1.pom
2025-01-04 19:42:09,356 [Worker-8: Import Getting Started Content] INFO  o.e.m.c.i.e.AbstractTransferListenerAdapter - Downloaded https://repo.maven.apache.org/maven2/org/springframework/pulsar/spring-pulsar-bom/1.2.1/spring-pulsar-bom-1.2.1.pom
2025-01-04 19:42:09,461 [Worker-8: Import Getting Started Content] INFO  o.e.m.c.i.e.AbstractTransferListenerAdapter - Downloading https://repo.maven.apache.org/maven2/org/springframework/restdocs/spring-restdocs-bom/3.0.3/spring-restdocs-bom-3.0.3.pom
2025-01-04 19:42:09,464 [Worker-8: Import Getting Started Content] INFO  o.e.m.c.i.e.AbstractTransferListenerAdapter - Downloaded https://repo.maven.apache.org/maven2/org/springframework/restdocs/spring-restdocs-bom/3.0.3/spring-restdocs-bom-3.0.3.pom
2025-01-04 19:42:09,571 [Worker-8: Import Getting Started Content] INFO  o.e.m.c.i.e.AbstractTransferListenerAdapter - Downloading https://repo.maven.apache.org/maven2/org/springframework/security/spring-security-bom/6.4.2/spring-security-bom-6.4.2.pom
2025-01-04 19:42:09,576 [Worker-8: Import Getting Started Content] INFO  o.e.m.c.i.e.AbstractTransferListenerAdapter - Downloaded https://repo.maven.apache.org/maven2/org/springframework/security/spring-security-bom/6.4.2/spring-security-bom-6.4.2.pom
2025-01-04 19:42:09,692 [Worker-8: Import Getting Started Content] INFO  o.e.m.c.i.e.AbstractTransferListenerAdapter - Downloading https://repo.maven.apache.org/maven2/org/springframework/session/spring-session-bom/3.4.1/spring-session-bom-3.4.1.pom
2025-01-04 19:42:09,695 [Worker-8: Import Getting Started Content] INFO  o.e.m.c.i.e.AbstractTransferListenerAdapter - Downloaded https://repo.maven.apache.org/maven2/org/springframework/session/spring-session-bom/3.4.1/spring-session-bom-3.4.1.pom
2025-01-04 19:42:09,811 [Worker-8: Import Getting Started Content] INFO  o.e.m.c.i.e.AbstractTransferListenerAdapter - Downloading https://repo.maven.apache.org/maven2/org/testcontainers/testcontainers-bom/1.20.4/testcontainers-bom-1.20.4.pom
2025-01-04 19:42:09,815 [Worker-8: Import Getting Started Content] INFO  o.e.m.c.i.e.AbstractTransferListenerAdapter - Downloaded https://repo.maven.apache.org/maven2/org/testcontainers/testcontainers-bom/1.20.4/testcontainers-bom-1.20.4.pom
2025-01-04 19:42:10,550 [Worker-8: Import Getting Started Content] INFO  o.e.m.c.i.e.AbstractTransferListenerAdapter - Downloading https://repo.maven.apache.org/maven2/org/springframework/boot/spring-boot-maven-plugin/3.4.1/spring-boot-maven-plugin-3.4.1.pom
2025-01-04 19:42:10,553 [Worker-8: Import Getting Started Content] INFO  o.e.m.c.i.e.AbstractTransferListenerAdapter - Downloaded https://repo.maven.apache.org/maven2/org/springframework/boot/spring-boot-maven-plugin/3.4.1/spring-boot-maven-plugin-3.4.1.pom
2025-01-04 19:42:10,674 [Worker-8: Import Getting Started Content] INFO  o.e.m.c.i.e.AbstractTransferListenerAdapter - Downloading https://repo.maven.apache.org/maven2/org/springframework/boot/spring-boot-maven-plugin/3.4.1/spring-boot-maven-plugin-3.4.1.jar
2025-01-04 19:42:10,771 [Worker-8: Import Getting Started Content] INFO  o.e.m.c.i.e.AbstractTransferListenerAdapter - Downloaded https://repo.maven.apache.org/maven2/org/springframework/boot/spring-boot-maven-plugin/3.4.1/spring-boot-maven-plugin-3.4.1.jar
2025-01-04 19:42:10,935 [Worker-8: Import Getting Started Content] INFO  o.e.m.c.i.e.AbstractTransferListenerAdapter - Downloading https://repo.maven.apache.org/maven2/org/apache/maven/plugins/maven-clean-plugin/3.4.0/maven-clean-plugin-3.4.0.jar
2025-01-04 19:42:10,944 [Worker-8: Import Getting Started Content] INFO  o.e.m.c.i.e.AbstractTransferListenerAdapter - Downloaded https://repo.maven.apache.org/maven2/org/apache/maven/plugins/maven-clean-plugin/3.4.0/maven-clean-plugin-3.4.0.jar
2025-01-04 19:42:11,063 [Worker-8: Import Getting Started Content] INFO  o.e.m.c.i.e.AbstractTransferListenerAdapter - Downloading https://repo.maven.apache.org/maven2/org/apache/maven/plugins/maven-surefire-plugin/3.5.2/maven-surefire-plugin-3.5.2.jar
2025-01-04 19:42:11,074 [Worker-8: Import Getting Started Content] INFO  o.e.m.c.i.e.AbstractTransferListenerAdapter - Downloaded https://repo.maven.apache.org/maven2/org/apache/maven/plugins/maven-surefire-plugin/3.5.2/maven-surefire-plugin-3.5.2.jar
2025-01-04 19:42:11,502 [Worker-8: Import Getting Started Content] INFO  o.e.m.c.i.l.LifecycleMappingFactory - Using org.eclipse.m2e.jdt.JarLifecycleMapping lifecycle mapping for MavenProject: com.app.zayyni:01SpringBootFirstApp:1.0 @ F:\WorkSpace6AM_BOOT\01SpringBootFirstApp\pom.xml.
2025-01-04 19:42:11,619 [Worker-8: Import Getting Started Content] INFO  o.e.m.c.i.e.AbstractTransferListenerAdapter - Downloading https://repo.maven.apache.org/maven2/org/springframework/boot/spring-boot-starter/3.4.1/spring-boot-starter-3.4.1.pom
2025-01-04 19:42:11,624 [Worker-8: Import Getting Started Content] INFO  o.e.m.c.i.e.AbstractTransferListenerAdapter - Downloaded https://repo.maven.apache.org/maven2/org/springframework/boot/spring-boot-starter/3.4.1/spring-boot-starter-3.4.1.pom
2025-01-04 19:42:11,733 [Worker-8: Import Getting Started Content] INFO  o.e.m.c.i.e.AbstractTransferListenerAdapter - Downloading https://repo.maven.apache.org/maven2/org/springframework/boot/spring-boot/3.4.1/spring-boot-3.4.1.pom
2025-01-04 19:42:11,735 [Worker-8: Import Getting Started Content] INFO  o.e.m.c.i.e.AbstractTransferListenerAdapter - Downloaded https://repo.maven.apache.org/maven2/org/springframework/boot/spring-boot/3.4.1/spring-boot-3.4.1.pom
2025-01-04 19:42:11,841 [Worker-8: Import Getting Started Content] INFO  o.e.m.c.i.e.AbstractTransferListenerAdapter - Downloading https://repo.maven.apache.org/maven2/org/springframework/spring-core/6.2.1/spring-core-6.2.1.pom
2025-01-04 19:42:11,844 [Worker-8: Import Getting Started Content] INFO  o.e.m.c.i.e.AbstractTransferListenerAdapter - Downloaded https://repo.maven.apache.org/maven2/org/springframework/spring-core/6.2.1/spring-core-6.2.1.pom
2025-01-04 19:42:11,959 [Worker-8: Import Getting Started Content] INFO  o.e.m.c.i.e.AbstractTransferListenerAdapter - Downloading https://repo.maven.apache.org/maven2/org/springframework/spring-jcl/6.2.1/spring-jcl-6.2.1.pom
2025-01-04 19:42:11,963 [Worker-8: Import Getting Started Content] INFO  o.e.m.c.i.e.AbstractTransferListenerAdapter - Downloaded https://repo.maven.apache.org/maven2/org/springframework/spring-jcl/6.2.1/spring-jcl-6.2.1.pom
2025-01-04 19:42:12,095 [Worker-8: Import Getting Started Content] INFO  o.e.m.c.i.e.AbstractTransferListenerAdapter - Downloading https://repo.maven.apache.org/maven2/org/springframework/spring-context/6.2.1/spring-context-6.2.1.pom
2025-01-04 19:42:12,098 [Worker-8: Import Getting Started Content] INFO  o.e.m.c.i.e.AbstractTransferListenerAdapter - Downloaded https://repo.maven.apache.org/maven2/org/springframework/spring-context/6.2.1/spring-context-6.2.1.pom
2025-01-04 19:42:12,203 [Worker-8: Import Getting Started Content] INFO  o.e.m.c.i.e.AbstractTransferListenerAdapter - Downloading https://repo.maven.apache.org/maven2/org/springframework/spring-aop/6.2.1/spring-aop-6.2.1.pom
2025-01-04 19:42:12,206 [Worker-8: Import Getting Started Content] INFO  o.e.m.c.i.e.AbstractTransferListenerAdapter - Downloaded https://repo.maven.apache.org/maven2/org/springframework/spring-aop/6.2.1/spring-aop-6.2.1.pom
2025-01-04 19:42:12,317 [Worker-8: Import Getting Started Content] INFO  o.e.m.c.i.e.AbstractTransferListenerAdapter - Downloading https://repo.maven.apache.org/maven2/org/springframework/spring-beans/6.2.1/spring-beans-6.2.1.pom
2025-01-04 19:42:12,320 [Worker-8: Import Getting Started Content] INFO  o.e.m.c.i.e.AbstractTransferListenerAdapter - Downloaded https://repo.maven.apache.org/maven2/org/springframework/spring-beans/6.2.1/spring-beans-6.2.1.pom
2025-01-04 19:42:12,428 [Worker-8: Import Getting Started Content] INFO  o.e.m.c.i.e.AbstractTransferListenerAdapter - Downloading https://repo.maven.apache.org/maven2/org/springframework/spring-expression/6.2.1/spring-expression-6.2.1.pom
2025-01-04 19:42:12,431 [Worker-8: Import Getting Started Content] INFO  o.e.m.c.i.e.AbstractTransferListenerAdapter - Downloaded https://repo.maven.apache.org/maven2/org/springframework/spring-expression/6.2.1/spring-expression-6.2.1.pom
2025-01-04 19:42:12,540 [Worker-8: Import Getting Started Content] INFO  o.e.m.c.i.e.AbstractTransferListenerAdapter - Downloading https://repo.maven.apache.org/maven2/io/micrometer/micrometer-observation/1.14.2/micrometer-observation-1.14.2.pom
2025-01-04 19:42:12,543 [Worker-8: Import Getting Started Content] INFO  o.e.m.c.i.e.AbstractTransferListenerAdapter - Downloaded https://repo.maven.apache.org/maven2/io/micrometer/micrometer-observation/1.14.2/micrometer-observation-1.14.2.pom
2025-01-04 19:42:12,652 [Worker-8: Import Getting Started Content] INFO  o.e.m.c.i.e.AbstractTransferListenerAdapter - Downloading https://repo.maven.apache.org/maven2/io/micrometer/micrometer-commons/1.14.2/micrometer-commons-1.14.2.pom
2025-01-04 19:42:12,654 [Worker-8: Import Getting Started Content] INFO  o.e.m.c.i.e.AbstractTransferListenerAdapter - Downloaded https://repo.maven.apache.org/maven2/io/micrometer/micrometer-commons/1.14.2/micrometer-commons-1.14.2.pom
2025-01-04 19:42:12,765 [Worker-8: Import Getting Started Content] INFO  o.e.m.c.i.e.AbstractTransferListenerAdapter - Downloading https://repo.maven.apache.org/maven2/org/springframework/boot/spring-boot-autoconfigure/3.4.1/spring-boot-autoconfigure-3.4.1.pom
2025-01-04 19:42:12,768 [Worker-8: Import Getting Started Content] INFO  o.e.m.c.i.e.AbstractTransferListenerAdapter - Downloaded https://repo.maven.apache.org/maven2/org/springframework/boot/spring-boot-autoconfigure/3.4.1/spring-boot-autoconfigure-3.4.1.pom
2025-01-04 19:42:12,875 [Worker-8: Import Getting Started Content] INFO  o.e.m.c.i.e.AbstractTransferListenerAdapter - Downloading https://repo.maven.apache.org/maven2/org/springframework/boot/spring-boot-starter-logging/3.4.1/spring-boot-starter-logging-3.4.1.pom
2025-01-04 19:42:12,879 [Worker-8: Import Getting Started Content] INFO  o.e.m.c.i.e.AbstractTransferListenerAdapter - Downloaded https://repo.maven.apache.org/maven2/org/springframework/boot/spring-boot-starter-logging/3.4.1/spring-boot-starter-logging-3.4.1.pom
2025-01-04 19:42:12,994 [Worker-8: Import Getting Started Content] INFO  o.e.m.c.i.e.AbstractTransferListenerAdapter - Downloading https://repo.maven.apache.org/maven2/ch/qos/logback/logback-classic/1.5.12/logback-classic-1.5.12.pom
2025-01-04 19:42:12,998 [Worker-8: Import Getting Started Content] INFO  o.e.m.c.i.e.AbstractTransferListenerAdapter - Downloaded https://repo.maven.apache.org/maven2/ch/qos/logback/logback-classic/1.5.12/logback-classic-1.5.12.pom
2025-01-04 19:42:13,106 [Worker-8: Import Getting Started Content] INFO  o.e.m.c.i.e.AbstractTransferListenerAdapter - Downloading https://repo.maven.apache.org/maven2/ch/qos/logback/logback-parent/1.5.12/logback-parent-1.5.12.pom
2025-01-04 19:42:13,112 [Worker-8: Import Getting Started Content] INFO  o.e.m.c.i.e.AbstractTransferListenerAdapter - Downloaded https://repo.maven.apache.org/maven2/ch/qos/logback/logback-parent/1.5.12/logback-parent-1.5.12.pom
2025-01-04 19:42:13,221 [Worker-8: Import Getting Started Content] INFO  o.e.m.c.i.e.AbstractTransferListenerAdapter - Downloading https://repo.maven.apache.org/maven2/ch/qos/logback/logback-core/1.5.12/logback-core-1.5.12.pom
2025-01-04 19:42:13,227 [Worker-8: Import Getting Started Content] INFO  o.e.m.c.i.e.AbstractTransferListenerAdapter - Downloaded https://repo.maven.apache.org/maven2/ch/qos/logback/logback-core/1.5.12/logback-core-1.5.12.pom
2025-01-04 19:42:13,346 [Worker-8: Import Getting Started Content] INFO  o.e.m.c.i.e.AbstractTransferListenerAdapter - Downloading https://repo.maven.apache.org/maven2/org/apache/logging/log4j/log4j-to-slf4j/2.24.3/log4j-to-slf4j-2.24.3.pom
2025-01-04 19:42:13,349 [Worker-8: Import Getting Started Content] INFO  o.e.m.c.i.e.AbstractTransferListenerAdapter - Downloaded https://repo.maven.apache.org/maven2/org/apache/logging/log4j/log4j-to-slf4j/2.24.3/log4j-to-slf4j-2.24.3.pom
2025-01-04 19:42:13,465 [Worker-8: Import Getting Started Content] INFO  o.e.m.c.i.e.AbstractTransferListenerAdapter - Downloading https://repo.maven.apache.org/maven2/org/apache/logging/log4j/log4j/2.24.3/log4j-2.24.3.pom
2025-01-04 19:42:13,473 [Worker-8: Import Getting Started Content] INFO  o.e.m.c.i.e.AbstractTransferListenerAdapter - Downloaded https://repo.maven.apache.org/maven2/org/apache/logging/log4j/log4j/2.24.3/log4j-2.24.3.pom
2025-01-04 19:42:13,586 [Worker-8: Import Getting Started Content] INFO  o.e.m.c.i.e.AbstractTransferListenerAdapter - Downloading https://repo.maven.apache.org/maven2/org/apache/groovy/groovy-bom/4.0.22/groovy-bom-4.0.22.pom
2025-01-04 19:42:13,596 [Worker-8: Import Getting Started Content] INFO  o.e.m.c.i.e.AbstractTransferListenerAdapter - Downloaded https://repo.maven.apache.org/maven2/org/apache/groovy/groovy-bom/4.0.22/groovy-bom-4.0.22.pom
2025-01-04 19:42:13,749 [Worker-8: Import Getting Started Content] INFO  o.e.m.c.i.e.AbstractTransferListenerAdapter - Downloading https://repo.maven.apache.org/maven2/org/springframework/spring-framework-bom/5.3.39/spring-framework-bom-5.3.39.pom
2025-01-04 19:42:13,752 [Worker-8: Import Getting Started Content] INFO  o.e.m.c.i.e.AbstractTransferListenerAdapter - Downloaded https://repo.maven.apache.org/maven2/org/springframework/spring-framework-bom/5.3.39/spring-framework-bom-5.3.39.pom
2025-01-04 19:42:13,872 [Worker-8: Import Getting Started Content] INFO  o.e.m.c.i.e.AbstractTransferListenerAdapter - Downloading https://repo.maven.apache.org/maven2/org/apache/logging/log4j/log4j-api/2.24.3/log4j-api-2.24.3.pom
2025-01-04 19:42:13,874 [Worker-8: Import Getting Started Content] INFO  o.e.m.c.i.e.AbstractTransferListenerAdapter - Downloaded https://repo.maven.apache.org/maven2/org/apache/logging/log4j/log4j-api/2.24.3/log4j-api-2.24.3.pom
2025-01-04 19:42:14,001 [Worker-8: Import Getting Started Content] INFO  o.e.m.c.i.e.AbstractTransferListenerAdapter - Downloading https://repo.maven.apache.org/maven2/org/yaml/snakeyaml/2.3/snakeyaml-2.3.pom
2025-01-04 19:42:14,008 [Worker-8: Import Getting Started Content] INFO  o.e.m.c.i.e.AbstractTransferListenerAdapter - Downloaded https://repo.maven.apache.org/maven2/org/yaml/snakeyaml/2.3/snakeyaml-2.3.pom
2025-01-04 19:42:14,116 [Worker-8: Import Getting Started Content] INFO  o.e.m.c.i.e.AbstractTransferListenerAdapter - Downloading https://repo.maven.apache.org/maven2/org/springframework/boot/spring-boot-starter-test/3.4.1/spring-boot-starter-test-3.4.1.pom
2025-01-04 19:42:14,119 [Worker-8: Import Getting Started Content] INFO  o.e.m.c.i.e.AbstractTransferListenerAdapter - Downloaded https://repo.maven.apache.org/maven2/org/springframework/boot/spring-boot-starter-test/3.4.1/spring-boot-starter-test-3.4.1.pom
2025-01-04 19:42:14,241 [Worker-8: Import Getting Started Content] INFO  o.e.m.c.i.e.AbstractTransferListenerAdapter - Downloading https://repo.maven.apache.org/maven2/org/springframework/boot/spring-boot-test/3.4.1/spring-boot-test-3.4.1.pom
2025-01-04 19:42:14,245 [Worker-8: Import Getting Started Content] INFO  o.e.m.c.i.e.AbstractTransferListenerAdapter - Downloaded https://repo.maven.apache.org/maven2/org/springframework/boot/spring-boot-test/3.4.1/spring-boot-test-3.4.1.pom
2025-01-04 19:42:14,353 [Worker-8: Import Getting Started Content] INFO  o.e.m.c.i.e.AbstractTransferListenerAdapter - Downloading https://repo.maven.apache.org/maven2/org/springframework/spring-test/6.2.1/spring-test-6.2.1.pom
2025-01-04 19:42:14,356 [Worker-8: Import Getting Started Content] INFO  o.e.m.c.i.e.AbstractTransferListenerAdapter - Downloaded https://repo.maven.apache.org/maven2/org/springframework/spring-test/6.2.1/spring-test-6.2.1.pom
2025-01-04 19:42:14,468 [Worker-8: Import Getting Started Content] INFO  o.e.m.c.i.e.AbstractTransferListenerAdapter - Downloading https://repo.maven.apache.org/maven2/org/springframework/boot/spring-boot-test-autoconfigure/3.4.1/spring-boot-test-autoconfigure-3.4.1.pom
2025-01-04 19:42:14,471 [Worker-8: Import Getting Started Content] INFO  o.e.m.c.i.e.AbstractTransferListenerAdapter - Downloaded https://repo.maven.apache.org/maven2/org/springframework/boot/spring-boot-test-autoconfigure/3.4.1/spring-boot-test-autoconfigure-3.4.1.pom
2025-01-04 19:42:14,604 [Worker-8: Import Getting Started Content] INFO  o.e.m.c.i.e.AbstractTransferListenerAdapter - Downloading https://repo.maven.apache.org/maven2/org/assertj/assertj-core/3.26.3/assertj-core-3.26.3.pom
2025-01-04 19:42:14,608 [Worker-8: Import Getting Started Content] INFO  o.e.m.c.i.e.AbstractTransferListenerAdapter - Downloaded https://repo.maven.apache.org/maven2/org/assertj/assertj-core/3.26.3/assertj-core-3.26.3.pom
2025-01-04 19:42:14,714 [Worker-8: Import Getting Started Content] INFO  o.e.m.c.i.e.AbstractTransferListenerAdapter - Downloading https://repo.maven.apache.org/maven2/net/bytebuddy/byte-buddy/1.15.11/byte-buddy-1.15.11.pom
2025-01-04 19:42:14,720 [Worker-8: Import Getting Started Content] INFO  o.e.m.c.i.e.AbstractTransferListenerAdapter - Downloaded https://repo.maven.apache.org/maven2/net/bytebuddy/byte-buddy/1.15.11/byte-buddy-1.15.11.pom
2025-01-04 19:42:14,827 [Worker-8: Import Getting Started Content] INFO  o.e.m.c.i.e.AbstractTransferListenerAdapter - Downloading https://repo.maven.apache.org/maven2/net/bytebuddy/byte-buddy-parent/1.15.11/byte-buddy-parent-1.15.11.pom
2025-01-04 19:42:14,847 [Worker-8: Import Getting Started Content] INFO  o.e.m.c.i.e.AbstractTransferListenerAdapter - Downloaded https://repo.maven.apache.org/maven2/net/bytebuddy/byte-buddy-parent/1.15.11/byte-buddy-parent-1.15.11.pom
2025-01-04 19:42:14,967 [Worker-8: Import Getting Started Content] INFO  o.e.m.c.i.e.AbstractTransferListenerAdapter - Downloading https://repo.maven.apache.org/maven2/org/junit/jupiter/junit-jupiter/5.11.4/junit-jupiter-5.11.4.pom
2025-01-04 19:42:14,970 [Worker-8: Import Getting Started Content] INFO  o.e.m.c.i.e.AbstractTransferListenerAdapter - Downloaded https://repo.maven.apache.org/maven2/org/junit/jupiter/junit-jupiter/5.11.4/junit-jupiter-5.11.4.pom
2025-01-04 19:42:15,078 [Worker-8: Import Getting Started Content] INFO  o.e.m.c.i.e.AbstractTransferListenerAdapter - Downloading https://repo.maven.apache.org/maven2/org/junit/jupiter/junit-jupiter-api/5.11.4/junit-jupiter-api-5.11.4.pom
2025-01-04 19:42:15,080 [Worker-8: Import Getting Started Content] INFO  o.e.m.c.i.e.AbstractTransferListenerAdapter - Downloaded https://repo.maven.apache.org/maven2/org/junit/jupiter/junit-jupiter-api/5.11.4/junit-jupiter-api-5.11.4.pom
2025-01-04 19:42:15,194 [Worker-8: Import Getting Started Content] INFO  o.e.m.c.i.e.AbstractTransferListenerAdapter - Downloading https://repo.maven.apache.org/maven2/org/junit/platform/junit-platform-commons/1.11.4/junit-platform-commons-1.11.4.pom
2025-01-04 19:42:15,199 [Worker-8: Import Getting Started Content] INFO  o.e.m.c.i.e.AbstractTransferListenerAdapter - Downloaded https://repo.maven.apache.org/maven2/org/junit/platform/junit-platform-commons/1.11.4/junit-platform-commons-1.11.4.pom
2025-01-04 19:42:15,309 [Worker-8: Import Getting Started Content] INFO  o.e.m.c.i.e.AbstractTransferListenerAdapter - Downloading https://repo.maven.apache.org/maven2/org/junit/jupiter/junit-jupiter-params/5.11.4/junit-jupiter-params-5.11.4.pom
2025-01-04 19:42:15,312 [Worker-8: Import Getting Started Content] INFO  o.e.m.c.i.e.AbstractTransferListenerAdapter - Downloaded https://repo.maven.apache.org/maven2/org/junit/jupiter/junit-jupiter-params/5.11.4/junit-jupiter-params-5.11.4.pom
2025-01-04 19:42:15,418 [Worker-8: Import Getting Started Content] INFO  o.e.m.c.i.e.AbstractTransferListenerAdapter - Downloading https://repo.maven.apache.org/maven2/org/junit/jupiter/junit-jupiter-engine/5.11.4/junit-jupiter-engine-5.11.4.pom
2025-01-04 19:42:15,422 [Worker-8: Import Getting Started Content] INFO  o.e.m.c.i.e.AbstractTransferListenerAdapter - Downloaded https://repo.maven.apache.org/maven2/org/junit/jupiter/junit-jupiter-engine/5.11.4/junit-jupiter-engine-5.11.4.pom
2025-01-04 19:42:15,529 [Worker-8: Import Getting Started Content] INFO  o.e.m.c.i.e.AbstractTransferListenerAdapter - Downloading https://repo.maven.apache.org/maven2/org/junit/platform/junit-platform-engine/1.11.4/junit-platform-engine-1.11.4.pom
2025-01-04 19:42:15,532 [Worker-8: Import Getting Started Content] INFO  o.e.m.c.i.e.AbstractTransferListenerAdapter - Downloaded https://repo.maven.apache.org/maven2/org/junit/platform/junit-platform-engine/1.11.4/junit-platform-engine-1.11.4.pom
2025-01-04 19:42:15,637 [Worker-8: Import Getting Started Content] INFO  o.e.m.c.i.e.AbstractTransferListenerAdapter - Downloading https://repo.maven.apache.org/maven2/org/mockito/mockito-core/5.14.2/mockito-core-5.14.2.pom
2025-01-04 19:42:15,641 [Worker-8: Import Getting Started Content] INFO  o.e.m.c.i.e.AbstractTransferListenerAdapter - Downloaded https://repo.maven.apache.org/maven2/org/mockito/mockito-core/5.14.2/mockito-core-5.14.2.pom
2025-01-04 19:42:15,751 [Worker-8: Import Getting Started Content] INFO  o.e.m.c.i.e.AbstractTransferListenerAdapter - Downloading https://repo.maven.apache.org/maven2/net/bytebuddy/byte-buddy-agent/1.15.11/byte-buddy-agent-1.15.11.pom
2025-01-04 19:42:15,757 [Worker-8: Import Getting Started Content] INFO  o.e.m.c.i.e.AbstractTransferListenerAdapter - Downloaded https://repo.maven.apache.org/maven2/net/bytebuddy/byte-buddy-agent/1.15.11/byte-buddy-agent-1.15.11.pom
2025-01-04 19:42:15,877 [Worker-8: Import Getting Started Content] INFO  o.e.m.c.i.e.AbstractTransferListenerAdapter - Downloading https://repo.maven.apache.org/maven2/org/mockito/mockito-junit-jupiter/5.14.2/mockito-junit-jupiter-5.14.2.pom
2025-01-04 19:42:15,880 [Worker-8: Import Getting Started Content] INFO  o.e.m.c.i.e.AbstractTransferListenerAdapter - Downloaded https://repo.maven.apache.org/maven2/org/mockito/mockito-junit-jupiter/5.14.2/mockito-junit-jupiter-5.14.2.pom
2025-01-04 19:42:15,995 [Worker-8: Import Getting Started Content] INFO  o.e.m.c.i.e.AbstractTransferListenerAdapter - Downloading https://repo.maven.apache.org/maven2/org/xmlunit/xmlunit-core/2.10.0/xmlunit-core-2.10.0.pom
2025-01-04 19:42:15,998 [Worker-8: Import Getting Started Content] INFO  o.e.m.c.i.e.AbstractTransferListenerAdapter - Downloaded https://repo.maven.apache.org/maven2/org/xmlunit/xmlunit-core/2.10.0/xmlunit-core-2.10.0.pom
2025-01-04 19:42:16,102 [Worker-8: Import Getting Started Content] INFO  o.e.m.c.i.e.AbstractTransferListenerAdapter - Downloading https://repo.maven.apache.org/maven2/org/xmlunit/xmlunit-parent/2.10.0/xmlunit-parent-2.10.0.pom
2025-01-04 19:42:16,108 [Worker-8: Import Getting Started Content] INFO  o.e.m.c.i.e.AbstractTransferListenerAdapter - Downloaded https://repo.maven.apache.org/maven2/org/xmlunit/xmlunit-parent/2.10.0/xmlunit-parent-2.10.0.pom
2025-01-04 19:42:16,255 [Worker-8: Import Getting Started Content] INFO  o.e.m.c.i.e.AbstractTransferListenerAdapter - Downloading https://repo.maven.apache.org/maven2/org/springframework/boot/spring-boot-starter/3.4.1/spring-boot-starter-3.4.1.jar
2025-01-04 19:42:16,259 [Worker-8: Import Getting Started Content] INFO  o.e.m.c.i.e.AbstractTransferListenerAdapter - Downloaded https://repo.maven.apache.org/maven2/org/springframework/boot/spring-boot-starter/3.4.1/spring-boot-starter-3.4.1.jar
2025-01-04 19:42:16,395 [BasicRepositoryConnector-repo.maven.apache.org-0-1] INFO  o.e.m.c.i.e.AbstractTransferListenerAdapter - Downloading https://repo.maven.apache.org/maven2/org/springframework/spring-context/6.2.1/spring-context-6.2.1.jar
2025-01-04 19:42:16,615 [BasicRepositoryConnector-repo.maven.apache.org-0-4] INFO  o.e.m.c.i.e.AbstractTransferListenerAdapter - Downloading https://repo.maven.apache.org/maven2/org/springframework/spring-expression/6.2.1/spring-expression-6.2.1.jar
2025-01-04 19:42:16,756 [BasicRepositoryConnector-repo.maven.apache.org-0-0] INFO  o.e.m.c.i.e.AbstractTransferListenerAdapter - Downloading https://repo.maven.apache.org/maven2/org/springframework/boot/spring-boot/3.4.1/spring-boot-3.4.1.jar
2025-01-04 19:42:16,756 [BasicRepositoryConnector-repo.maven.apache.org-0-3] INFO  o.e.m.c.i.e.AbstractTransferListenerAdapter - Downloading https://repo.maven.apache.org/maven2/org/springframework/spring-beans/6.2.1/spring-beans-6.2.1.jar
2025-01-04 19:42:16,765 [BasicRepositoryConnector-repo.maven.apache.org-0-2] INFO  o.e.m.c.i.e.AbstractTransferListenerAdapter - Downloading https://repo.maven.apache.org/maven2/org/springframework/spring-aop/6.2.1/spring-aop-6.2.1.jar
2025-01-04 19:42:17,718 [BasicRepositoryConnector-repo.maven.apache.org-0-1] INFO  o.e.m.c.i.e.AbstractTransferListenerAdapter - Downloaded https://repo.maven.apache.org/maven2/org/springframework/spring-context/6.2.1/spring-context-6.2.1.jar
2025-01-04 19:42:17,819 [BasicRepositoryConnector-repo.maven.apache.org-0-1] INFO  o.e.m.c.i.e.AbstractTransferListenerAdapter - Downloading https://repo.maven.apache.org/maven2/io/micrometer/micrometer-observation/1.14.2/micrometer-observation-1.14.2.jar
2025-01-04 19:42:17,920 [BasicRepositoryConnector-repo.maven.apache.org-0-1] INFO  o.e.m.c.i.e.AbstractTransferListenerAdapter - Downloaded https://repo.maven.apache.org/maven2/io/micrometer/micrometer-observation/1.14.2/micrometer-observation-1.14.2.jar
2025-01-04 19:42:18,020 [BasicRepositoryConnector-repo.maven.apache.org-0-1] INFO  o.e.m.c.i.e.AbstractTransferListenerAdapter - Downloading https://repo.maven.apache.org/maven2/io/micrometer/micrometer-commons/1.14.2/micrometer-commons-1.14.2.jar
2025-01-04 19:42:18,094 [BasicRepositoryConnector-repo.maven.apache.org-0-1] INFO  o.e.m.c.i.e.AbstractTransferListenerAdapter - Downloaded https://repo.maven.apache.org/maven2/io/micrometer/micrometer-commons/1.14.2/micrometer-commons-1.14.2.jar
2025-01-04 19:42:18,197 [BasicRepositoryConnector-repo.maven.apache.org-0-1] INFO  o.e.m.c.i.e.AbstractTransferListenerAdapter - Downloading https://repo.maven.apache.org/maven2/org/springframework/boot/spring-boot-autoconfigure/3.4.1/spring-boot-autoconfigure-3.4.1.jar
2025-01-04 19:42:18,283 [BasicRepositoryConnector-repo.maven.apache.org-0-4] INFO  o.e.m.c.i.e.AbstractTransferListenerAdapter - Downloaded https://repo.maven.apache.org/maven2/org/springframework/spring-expression/6.2.1/spring-expression-6.2.1.jar
2025-01-04 19:42:18,417 [BasicRepositoryConnector-repo.maven.apache.org-0-4] INFO  o.e.m.c.i.e.AbstractTransferListenerAdapter - Downloading https://repo.maven.apache.org/maven2/org/springframework/boot/spring-boot-starter-logging/3.4.1/spring-boot-starter-logging-3.4.1.jar
2025-01-04 19:42:18,424 [BasicRepositoryConnector-repo.maven.apache.org-0-4] INFO  o.e.m.c.i.e.AbstractTransferListenerAdapter - Downloaded https://repo.maven.apache.org/maven2/org/springframework/boot/spring-boot-starter-logging/3.4.1/spring-boot-starter-logging-3.4.1.jar
2025-01-04 19:42:18,557 [BasicRepositoryConnector-repo.maven.apache.org-0-4] INFO  o.e.m.c.i.e.AbstractTransferListenerAdapter - Downloading https://repo.maven.apache.org/maven2/ch/qos/logback/logback-classic/1.5.12/logback-classic-1.5.12.jar
2025-01-04 19:42:19,312 [BasicRepositoryConnector-repo.maven.apache.org-0-2] INFO  o.e.m.c.i.e.AbstractTransferListenerAdapter - Downloaded https://repo.maven.apache.org/maven2/org/springframework/spring-aop/6.2.1/spring-aop-6.2.1.jar
2025-01-04 19:42:19,457 [BasicRepositoryConnector-repo.maven.apache.org-0-2] INFO  o.e.m.c.i.e.AbstractTransferListenerAdapter - Downloading https://repo.maven.apache.org/maven2/ch/qos/logback/logback-core/1.5.12/logback-core-1.5.12.jar
2025-01-04 19:42:20,137 [BasicRepositoryConnector-repo.maven.apache.org-0-4] INFO  o.e.m.c.i.e.AbstractTransferListenerAdapter - Downloaded https://repo.maven.apache.org/maven2/ch/qos/logback/logback-classic/1.5.12/logback-classic-1.5.12.jar
2025-01-04 19:42:20,247 [BasicRepositoryConnector-repo.maven.apache.org-0-4] INFO  o.e.m.c.i.e.AbstractTransferListenerAdapter - Downloading https://repo.maven.apache.org/maven2/org/apache/logging/log4j/log4j-to-slf4j/2.24.3/log4j-to-slf4j-2.24.3.jar
2025-01-04 19:42:20,383 [BasicRepositoryConnector-repo.maven.apache.org-0-4] INFO  o.e.m.c.i.e.AbstractTransferListenerAdapter - Downloaded https://repo.maven.apache.org/maven2/org/apache/logging/log4j/log4j-to-slf4j/2.24.3/log4j-to-slf4j-2.24.3.jar
2025-01-04 19:42:20,485 [BasicRepositoryConnector-repo.maven.apache.org-0-4] INFO  o.e.m.c.i.e.AbstractTransferListenerAdapter - Downloading https://repo.maven.apache.org/maven2/org/apache/logging/log4j/log4j-api/2.24.3/log4j-api-2.24.3.jar
2025-01-04 19:42:22,131 [BasicRepositoryConnector-repo.maven.apache.org-0-2] INFO  o.e.m.c.i.e.AbstractTransferListenerAdapter - Downloaded https://repo.maven.apache.org/maven2/ch/qos/logback/logback-core/1.5.12/logback-core-1.5.12.jar
2025-01-04 19:42:22,232 [BasicRepositoryConnector-repo.maven.apache.org-0-2] INFO  o.e.m.c.i.e.AbstractTransferListenerAdapter - Downloading https://repo.maven.apache.org/maven2/org/springframework/spring-core/6.2.1/spring-core-6.2.1.jar
2025-01-04 19:42:22,243 [BasicRepositoryConnector-repo.maven.apache.org-0-4] INFO  o.e.m.c.i.e.AbstractTransferListenerAdapter - Downloaded https://repo.maven.apache.org/maven2/org/apache/logging/log4j/log4j-api/2.24.3/log4j-api-2.24.3.jar
2025-01-04 19:42:22,346 [BasicRepositoryConnector-repo.maven.apache.org-0-4] INFO  o.e.m.c.i.e.AbstractTransferListenerAdapter - Downloading https://repo.maven.apache.org/maven2/org/springframework/spring-jcl/6.2.1/spring-jcl-6.2.1.jar
2025-01-04 19:42:22,419 [BasicRepositoryConnector-repo.maven.apache.org-0-4] INFO  o.e.m.c.i.e.AbstractTransferListenerAdapter - Downloaded https://repo.maven.apache.org/maven2/org/springframework/spring-jcl/6.2.1/spring-jcl-6.2.1.jar
2025-01-04 19:42:22,525 [BasicRepositoryConnector-repo.maven.apache.org-0-4] INFO  o.e.m.c.i.e.AbstractTransferListenerAdapter - Downloading https://repo.maven.apache.org/maven2/org/yaml/snakeyaml/2.3/snakeyaml-2.3.jar
2025-01-04 19:42:22,565 [BasicRepositoryConnector-repo.maven.apache.org-0-1] INFO  o.e.m.c.i.e.AbstractTransferListenerAdapter - Downloaded https://repo.maven.apache.org/maven2/org/springframework/boot/spring-boot-autoconfigure/3.4.1/spring-boot-autoconfigure-3.4.1.jar
2025-01-04 19:42:22,668 [BasicRepositoryConnector-repo.maven.apache.org-0-1] INFO  o.e.m.c.i.e.AbstractTransferListenerAdapter - Downloading https://repo.maven.apache.org/maven2/org/springframework/boot/spring-boot-starter-test/3.4.1/spring-boot-starter-test-3.4.1.jar
2025-01-04 19:42:22,683 [BasicRepositoryConnector-repo.maven.apache.org-0-1] INFO  o.e.m.c.i.e.AbstractTransferListenerAdapter - Downloaded https://repo.maven.apache.org/maven2/org/springframework/boot/spring-boot-starter-test/3.4.1/spring-boot-starter-test-3.4.1.jar
2025-01-04 19:42:22,775 [BasicRepositoryConnector-repo.maven.apache.org-0-3] INFO  o.e.m.c.i.e.AbstractTransferListenerAdapter - Downloaded https://repo.maven.apache.org/maven2/org/springframework/spring-beans/6.2.1/spring-beans-6.2.1.jar
2025-01-04 19:42:22,788 [BasicRepositoryConnector-repo.maven.apache.org-0-1] INFO  o.e.m.c.i.e.AbstractTransferListenerAdapter - Downloading https://repo.maven.apache.org/maven2/org/springframework/boot/spring-boot-test/3.4.1/spring-boot-test-3.4.1.jar
2025-01-04 19:42:22,899 [BasicRepositoryConnector-repo.maven.apache.org-0-3] INFO  o.e.m.c.i.e.AbstractTransferListenerAdapter - Downloading https://repo.maven.apache.org/maven2/org/springframework/boot/spring-boot-test-autoconfigure/3.4.1/spring-boot-test-autoconfigure-3.4.1.jar
2025-01-04 19:42:23,714 [BasicRepositoryConnector-repo.maven.apache.org-0-4] INFO  o.e.m.c.i.e.AbstractTransferListenerAdapter - Downloaded https://repo.maven.apache.org/maven2/org/yaml/snakeyaml/2.3/snakeyaml-2.3.jar
2025-01-04 19:42:23,750 [BasicRepositoryConnector-repo.maven.apache.org-0-0] INFO  o.e.m.c.i.e.AbstractTransferListenerAdapter - Downloaded https://repo.maven.apache.org/maven2/org/springframework/boot/spring-boot/3.4.1/spring-boot-3.4.1.jar
2025-01-04 19:42:23,817 [BasicRepositoryConnector-repo.maven.apache.org-0-4] INFO  o.e.m.c.i.e.AbstractTransferListenerAdapter - Downloading https://repo.maven.apache.org/maven2/org/assertj/assertj-core/3.26.3/assertj-core-3.26.3.jar
2025-01-04 19:42:23,853 [BasicRepositoryConnector-repo.maven.apache.org-0-0] INFO  o.e.m.c.i.e.AbstractTransferListenerAdapter - Downloading https://repo.maven.apache.org/maven2/net/bytebuddy/byte-buddy/1.15.11/byte-buddy-1.15.11.jar
2025-01-04 19:42:23,916 [BasicRepositoryConnector-repo.maven.apache.org-0-1] INFO  o.e.m.c.i.e.AbstractTransferListenerAdapter - Downloaded https://repo.maven.apache.org/maven2/org/springframework/boot/spring-boot-test/3.4.1/spring-boot-test-3.4.1.jar
2025-01-04 19:42:24,037 [BasicRepositoryConnector-repo.maven.apache.org-0-1] INFO  o.e.m.c.i.e.AbstractTransferListenerAdapter - Downloading https://repo.maven.apache.org/maven2/org/junit/jupiter/junit-jupiter/5.11.4/junit-jupiter-5.11.4.jar
2025-01-04 19:42:24,052 [BasicRepositoryConnector-repo.maven.apache.org-0-1] INFO  o.e.m.c.i.e.AbstractTransferListenerAdapter - Downloaded https://repo.maven.apache.org/maven2/org/junit/jupiter/junit-jupiter/5.11.4/junit-jupiter-5.11.4.jar
2025-01-04 19:42:24,220 [BasicRepositoryConnector-repo.maven.apache.org-0-1] INFO  o.e.m.c.i.e.AbstractTransferListenerAdapter - Downloading https://repo.maven.apache.org/maven2/org/junit/jupiter/junit-jupiter-api/5.11.4/junit-jupiter-api-5.11.4.jar
2025-01-04 19:42:24,842 [BasicRepositoryConnector-repo.maven.apache.org-0-3] INFO  o.e.m.c.i.e.AbstractTransferListenerAdapter - Downloaded https://repo.maven.apache.org/maven2/org/springframework/boot/spring-boot-test-autoconfigure/3.4.1/spring-boot-test-autoconfigure-3.4.1.jar
2025-01-04 19:42:24,965 [BasicRepositoryConnector-repo.maven.apache.org-0-3] INFO  o.e.m.c.i.e.AbstractTransferListenerAdapter - Downloading https://repo.maven.apache.org/maven2/org/junit/platform/junit-platform-commons/1.11.4/junit-platform-commons-1.11.4.jar
2025-01-04 19:42:25,336 [BasicRepositoryConnector-repo.maven.apache.org-0-1] INFO  o.e.m.c.i.e.AbstractTransferListenerAdapter - Downloaded https://repo.maven.apache.org/maven2/org/junit/jupiter/junit-jupiter-api/5.11.4/junit-jupiter-api-5.11.4.jar
2025-01-04 19:42:25,483 [BasicRepositoryConnector-repo.maven.apache.org-0-1] INFO  o.e.m.c.i.e.AbstractTransferListenerAdapter - Downloading https://repo.maven.apache.org/maven2/org/junit/jupiter/junit-jupiter-params/5.11.4/junit-jupiter-params-5.11.4.jar
2025-01-04 19:42:25,943 [BasicRepositoryConnector-repo.maven.apache.org-0-3] INFO  o.e.m.c.i.e.AbstractTransferListenerAdapter - Downloaded https://repo.maven.apache.org/maven2/org/junit/platform/junit-platform-commons/1.11.4/junit-platform-commons-1.11.4.jar
2025-01-04 19:42:26,053 [BasicRepositoryConnector-repo.maven.apache.org-0-3] INFO  o.e.m.c.i.e.AbstractTransferListenerAdapter - Downloading https://repo.maven.apache.org/maven2/org/junit/jupiter/junit-jupiter-engine/5.11.4/junit-jupiter-engine-5.11.4.jar
2025-01-04 19:42:27,693 [BasicRepositoryConnector-repo.maven.apache.org-0-1] INFO  o.e.m.c.i.e.AbstractTransferListenerAdapter - Downloaded https://repo.maven.apache.org/maven2/org/junit/jupiter/junit-jupiter-params/5.11.4/junit-jupiter-params-5.11.4.jar
2025-01-04 19:42:27,798 [BasicRepositoryConnector-repo.maven.apache.org-0-1] INFO  o.e.m.c.i.e.AbstractTransferListenerAdapter - Downloading https://repo.maven.apache.org/maven2/org/junit/platform/junit-platform-engine/1.11.4/junit-platform-engine-1.11.4.jar
2025-01-04 19:42:27,841 [BasicRepositoryConnector-repo.maven.apache.org-0-3] INFO  o.e.m.c.i.e.AbstractTransferListenerAdapter - Downloaded https://repo.maven.apache.org/maven2/org/junit/jupiter/junit-jupiter-engine/5.11.4/junit-jupiter-engine-5.11.4.jar
2025-01-04 19:42:27,977 [BasicRepositoryConnector-repo.maven.apache.org-0-3] INFO  o.e.m.c.i.e.AbstractTransferListenerAdapter - Downloading https://repo.maven.apache.org/maven2/org/mockito/mockito-core/5.14.2/mockito-core-5.14.2.jar
2025-01-04 19:42:28,525 [BasicRepositoryConnector-repo.maven.apache.org-0-2] INFO  o.e.m.c.i.e.AbstractTransferListenerAdapter - Downloaded https://repo.maven.apache.org/maven2/org/springframework/spring-core/6.2.1/spring-core-6.2.1.jar
2025-01-04 19:42:28,577 [BasicRepositoryConnector-repo.maven.apache.org-0-1] INFO  o.e.m.c.i.e.AbstractTransferListenerAdapter - Downloaded https://repo.maven.apache.org/maven2/org/junit/platform/junit-platform-engine/1.11.4/junit-platform-engine-1.11.4.jar
2025-01-04 19:42:28,628 [BasicRepositoryConnector-repo.maven.apache.org-0-2] INFO  o.e.m.c.i.e.AbstractTransferListenerAdapter - Downloading https://repo.maven.apache.org/maven2/net/bytebuddy/byte-buddy-agent/1.15.11/byte-buddy-agent-1.15.11.jar
2025-01-04 19:42:28,678 [BasicRepositoryConnector-repo.maven.apache.org-0-1] INFO  o.e.m.c.i.e.AbstractTransferListenerAdapter - Downloading https://repo.maven.apache.org/maven2/org/mockito/mockito-junit-jupiter/5.14.2/mockito-junit-jupiter-5.14.2.jar
2025-01-04 19:42:28,698 [BasicRepositoryConnector-repo.maven.apache.org-0-1] INFO  o.e.m.c.i.e.AbstractTransferListenerAdapter - Downloaded https://repo.maven.apache.org/maven2/org/mockito/mockito-junit-jupiter/5.14.2/mockito-junit-jupiter-5.14.2.jar
2025-01-04 19:42:28,799 [BasicRepositoryConnector-repo.maven.apache.org-0-1] INFO  o.e.m.c.i.e.AbstractTransferListenerAdapter - Downloading https://repo.maven.apache.org/maven2/org/springframework/spring-test/6.2.1/spring-test-6.2.1.jar
2025-01-04 19:42:28,833 [BasicRepositoryConnector-repo.maven.apache.org-0-4] INFO  o.e.m.c.i.e.AbstractTransferListenerAdapter - Downloaded https://repo.maven.apache.org/maven2/org/assertj/assertj-core/3.26.3/assertj-core-3.26.3.jar
2025-01-04 19:42:28,937 [BasicRepositoryConnector-repo.maven.apache.org-0-4] INFO  o.e.m.c.i.e.AbstractTransferListenerAdapter - Downloading https://repo.maven.apache.org/maven2/org/xmlunit/xmlunit-core/2.10.0/xmlunit-core-2.10.0.jar
2025-01-04 19:42:29,609 [BasicRepositoryConnector-repo.maven.apache.org-0-4] INFO  o.e.m.c.i.e.AbstractTransferListenerAdapter - Downloaded https://repo.maven.apache.org/maven2/org/xmlunit/xmlunit-core/2.10.0/xmlunit-core-2.10.0.jar
2025-01-04 19:42:29,985 [BasicRepositoryConnector-repo.maven.apache.org-0-2] INFO  o.e.m.c.i.e.AbstractTransferListenerAdapter - Downloaded https://repo.maven.apache.org/maven2/net/bytebuddy/byte-buddy-agent/1.15.11/byte-buddy-agent-1.15.11.jar
2025-01-04 19:42:31,274 [BasicRepositoryConnector-repo.maven.apache.org-0-1] INFO  o.e.m.c.i.e.AbstractTransferListenerAdapter - Downloaded https://repo.maven.apache.org/maven2/org/springframework/spring-test/6.2.1/spring-test-6.2.1.jar
2025-01-04 19:42:31,875 [BasicRepositoryConnector-repo.maven.apache.org-0-3] INFO  o.e.m.c.i.e.AbstractTransferListenerAdapter - Downloaded https://repo.maven.apache.org/maven2/org/mockito/mockito-core/5.14.2/mockito-core-5.14.2.jar
2025-01-04 19:42:46,155 [BasicRepositoryConnector-repo.maven.apache.org-0-0] INFO  o.e.m.c.i.e.AbstractTransferListenerAdapter - Downloaded https://repo.maven.apache.org/maven2/net/bytebuddy/byte-buddy/1.15.11/byte-buddy-1.15.11.jar
2025-01-04 19:42:46,540 [Worker-8: Import Getting Started Content] INFO  o.e.m.c.i.e.AbstractTransferListenerAdapter - Downloading https://repo.maven.apache.org/maven2/org/apache/maven/plugins/maven-surefire-plugin/3.5.2/maven-surefire-plugin-3.5.2.pom
2025-01-04 19:42:46,548 [Worker-8: Import Getting Started Content] INFO  o.e.m.c.i.e.AbstractTransferListenerAdapter - Downloaded https://repo.maven.apache.org/maven2/org/apache/maven/plugins/maven-surefire-plugin/3.5.2/maven-surefire-plugin-3.5.2.pom
2025-01-04 19:42:46,655 [Worker-8: Import Getting Started Content] INFO  o.e.m.c.i.e.AbstractTransferListenerAdapter - Downloading https://repo.maven.apache.org/maven2/org/apache/maven/surefire/surefire/3.5.2/surefire-3.5.2.pom
2025-01-04 19:42:46,687 [Worker-8: Import Getting Started Content] INFO  o.e.m.c.i.e.AbstractTransferListenerAdapter - Downloaded https://repo.maven.apache.org/maven2/org/apache/maven/surefire/surefire/3.5.2/surefire-3.5.2.pom
2025-01-04 19:42:46,794 [Worker-8: Import Getting Started Content] INFO  o.e.m.c.i.e.AbstractTransferListenerAdapter - Downloading https://repo.maven.apache.org/maven2/org/apache/maven/maven-parent/43/maven-parent-43.pom
2025-01-04 19:42:46,875 [Worker-8: Import Getting Started Content] INFO  o.e.m.c.i.e.AbstractTransferListenerAdapter - Downloaded https://repo.maven.apache.org/maven2/org/apache/maven/maven-parent/43/maven-parent-43.pom
2025-01-04 19:42:47,675 [Worker-8: Import Getting Started Content] INFO  o.e.m.j.i.AbstractJavaProjectConfigurator - Adding source folder /01SpringBootFirstApp/src/main/java
2025-01-04 19:42:47,677 [Worker-8: Import Getting Started Content] INFO  o.e.m.j.i.AbstractJavaProjectConfigurator - Adding resource folder /01SpringBootFirstApp/src/main/resources
2025-01-04 19:42:47,690 [Worker-8: Import Getting Started Content] INFO  o.e.m.j.i.AbstractJavaProjectConfigurator - Adding resource folder /01SpringBootFirstApp/src/main/resources
2025-01-04 19:42:47,694 [Worker-8: Import Getting Started Content] INFO  o.e.m.j.i.AbstractJavaProjectConfigurator - Adding source folder /01SpringBootFirstApp/src/test/java
2025-01-04 19:42:47,695 [Worker-8: Import Getting Started Content] INFO  o.e.m.j.i.AbstractJavaProjectConfigurator - Adding resource folder /01SpringBootFirstApp/src/test/resources
2025-01-04 19:42:48,108 [Worker-8: Import Getting Started Content] INFO  o.e.m.c.i.p.ProjectConfigurationManager - Imported and configured 1 project(s) in 44 sec
2025-01-04 19:42:48,111 [Worker-8: Import Getting Started Content] INFO  o.e.m.c.i.p.ProjectConfigurationManager - Update started
2025-01-04 19:42:49,107 [Worker-8: Import Getting Started Content] INFO  o.e.m.c.i.l.LifecycleMappingFactory - Using org.eclipse.m2e.jdt.JarLifecycleMapping lifecycle mapping for MavenProject: com.app.zayyni:01SpringBootFirstApp:1.0 @ F:\WorkSpace6AM_BOOT\01SpringBootFirstApp\pom.xml.
2025-01-04 19:42:49,435 [Worker-3: Download sources and javadoc] INFO  o.e.m.c.i.e.AbstractTransferListenerAdapter - Downloading https://repo.maven.apache.org/maven2/org/springframework/boot/spring-boot-starter/3.4.1/spring-boot-starter-3.4.1-sources.jar
2025-01-04 19:42:49,441 [Worker-3: Download sources and javadoc] INFO  o.e.m.c.i.e.AbstractTransferListenerAdapter - Downloaded https://repo.maven.apache.org/maven2/org/springframework/boot/spring-boot-starter/3.4.1/spring-boot-starter-3.4.1-sources.jar
2025-01-04 19:42:49,444 [Worker-3: Download sources and javadoc] INFO  o.e.m.j.internal.DownloadSourcesJob - Downloaded sources for org.springframework.boot:spring-boot-starter:3.4.1
2025-01-04 19:42:50,109 [Worker-3: Download sources and javadoc] INFO  o.e.m.c.i.e.AbstractTransferListenerAdapter - Downloading https://repo.maven.apache.org/maven2/org/springframework/boot/spring-boot/3.4.1/spring-boot-3.4.1-sources.jar
2025-01-04 19:42:50,118 [Worker-8: Import Getting Started Content] INFO  o.e.m.j.i.AbstractJavaProjectConfigurator - Adding source folder /01SpringBootFirstApp/src/main/java
2025-01-04 19:42:50,119 [Worker-8: Import Getting Started Content] INFO  o.e.m.j.i.AbstractJavaProjectConfigurator - Adding resource folder /01SpringBootFirstApp/src/main/resources
2025-01-04 19:42:50,119 [Worker-8: Import Getting Started Content] INFO  o.e.m.j.i.AbstractJavaProjectConfigurator - Adding resource folder /01SpringBootFirstApp/src/main/resources
2025-01-04 19:42:50,120 [Worker-8: Import Getting Started Content] INFO  o.e.m.j.i.AbstractJavaProjectConfigurator - Adding source folder /01SpringBootFirstApp/src/test/java
2025-01-04 19:42:50,120 [Worker-8: Import Getting Started Content] INFO  o.e.m.j.i.AbstractJavaProjectConfigurator - Adding resource folder /01SpringBootFirstApp/src/test/resources
2025-01-04 19:42:50,546 [Worker-8: Import Getting Started Content] INFO  o.e.m.c.i.p.ProjectConfigurationManager - Update completed for 1 poms: local refresh takes 0.00 sec, refresh facades takes 1.00 sec, update config takes 0.00 sec 
2025-01-04 19:42:51,020 [Worker-3: Download sources and javadoc] INFO  o.e.m.c.i.e.AbstractTransferListenerAdapter - Downloaded https://repo.maven.apache.org/maven2/org/springframework/boot/spring-boot/3.4.1/spring-boot-3.4.1-sources.jar
2025-01-04 19:42:51,022 [Worker-3: Download sources and javadoc] INFO  o.e.m.j.internal.DownloadSourcesJob - Downloaded sources for org.springframework.boot:spring-boot:3.4.1
2025-01-04 19:42:51,341 [Worker-3: Download sources and javadoc] INFO  o.e.m.c.i.e.AbstractTransferListenerAdapter - Downloading https://repo.maven.apache.org/maven2/org/springframework/spring-context/6.2.1/spring-context-6.2.1-sources.jar
2025-01-04 19:42:52,146 [Worker-3: Download sources and javadoc] INFO  o.e.m.c.i.e.AbstractTransferListenerAdapter - Downloaded https://repo.maven.apache.org/maven2/org/springframework/spring-context/6.2.1/spring-context-6.2.1-sources.jar
2025-01-04 19:42:52,149 [Worker-3: Download sources and javadoc] INFO  o.e.m.j.internal.DownloadSourcesJob - Downloaded sources for org.springframework:spring-context:6.2.1
2025-01-04 19:42:52,455 [Worker-3: Download sources and javadoc] INFO  o.e.m.c.i.e.AbstractTransferListenerAdapter - Downloading https://repo.maven.apache.org/maven2/org/springframework/spring-aop/6.2.1/spring-aop-6.2.1-sources.jar
2025-01-04 19:42:52,849 [Worker-13: Building] INFO  o.a.m.s.f.DefaultMavenResourcesFiltering - Copying 1 resource from src\main\resources to target\classes
2025-01-04 19:42:52,892 [Worker-13: Building] INFO  o.a.m.s.f.DefaultMavenResourcesFiltering - Copying 0 resource from src\main\resources to target\classes
2025-01-04 19:42:52,900 [Worker-13: Building] INFO  o.a.m.s.f.DefaultMavenResourcesFiltering - skip non existing resourceDirectory F:\WorkSpace6AM_BOOT\01SpringBootFirstApp\src\test\resources
2025-01-04 19:42:52,926 [Worker-3: Download sources and javadoc] INFO  o.e.m.c.i.e.AbstractTransferListenerAdapter - Downloaded https://repo.maven.apache.org/maven2/org/springframework/spring-aop/6.2.1/spring-aop-6.2.1-sources.jar
2025-01-04 19:42:52,929 [Worker-3: Download sources and javadoc] INFO  o.e.m.j.internal.DownloadSourcesJob - Downloaded sources for org.springframework:spring-aop:6.2.1
2025-01-04 19:42:53,288 [Worker-3: Download sources and javadoc] INFO  o.e.m.c.i.e.AbstractTransferListenerAdapter - Downloading https://repo.maven.apache.org/maven2/org/springframework/spring-beans/6.2.1/spring-beans-6.2.1-sources.jar
2025-01-04 19:42:54,148 [Worker-3: Download sources and javadoc] INFO  o.e.m.c.i.e.AbstractTransferListenerAdapter - Downloaded https://repo.maven.apache.org/maven2/org/springframework/spring-beans/6.2.1/spring-beans-6.2.1-sources.jar
2025-01-04 19:42:54,151 [Worker-3: Download sources and javadoc] INFO  o.e.m.j.internal.DownloadSourcesJob - Downloaded sources for org.springframework:spring-beans:6.2.1
2025-01-04 19:42:54,471 [Worker-3: Download sources and javadoc] INFO  o.e.m.c.i.e.AbstractTransferListenerAdapter - Downloading https://repo.maven.apache.org/maven2/org/springframework/spring-expression/6.2.1/spring-expression-6.2.1-sources.jar
2025-01-04 19:42:54,720 [Worker-3: Download sources and javadoc] INFO  o.e.m.c.i.e.AbstractTransferListenerAdapter - Downloaded https://repo.maven.apache.org/maven2/org/springframework/spring-expression/6.2.1/spring-expression-6.2.1-sources.jar
2025-01-04 19:42:54,723 [Worker-3: Download sources and javadoc] INFO  o.e.m.j.internal.DownloadSourcesJob - Downloaded sources for org.springframework:spring-expression:6.2.1
2025-01-04 19:42:55,054 [Worker-3: Download sources and javadoc] INFO  o.e.m.c.i.e.AbstractTransferListenerAdapter - Downloading https://repo.maven.apache.org/maven2/io/micrometer/micrometer-observation/1.14.2/micrometer-observation-1.14.2-sources.jar
2025-01-04 19:42:55,164 [Worker-3: Download sources and javadoc] INFO  o.e.m.c.i.e.AbstractTransferListenerAdapter - Downloaded https://repo.maven.apache.org/maven2/io/micrometer/micrometer-observation/1.14.2/micrometer-observation-1.14.2-sources.jar
2025-01-04 19:42:55,166 [Worker-3: Download sources and javadoc] INFO  o.e.m.j.internal.DownloadSourcesJob - Downloaded sources for io.micrometer:micrometer-observation:1.14.2
2025-01-04 19:42:55,497 [Worker-3: Download sources and javadoc] INFO  o.e.m.c.i.e.AbstractTransferListenerAdapter - Downloading https://repo.maven.apache.org/maven2/io/micrometer/micrometer-commons/1.14.2/micrometer-commons-1.14.2-sources.jar
2025-01-04 19:42:55,600 [Worker-3: Download sources and javadoc] INFO  o.e.m.c.i.e.AbstractTransferListenerAdapter - Downloaded https://repo.maven.apache.org/maven2/io/micrometer/micrometer-commons/1.14.2/micrometer-commons-1.14.2-sources.jar
2025-01-04 19:42:55,603 [Worker-3: Download sources and javadoc] INFO  o.e.m.j.internal.DownloadSourcesJob - Downloaded sources for io.micrometer:micrometer-commons:1.14.2
2025-01-04 19:42:55,924 [Worker-3: Download sources and javadoc] INFO  o.e.m.c.i.e.AbstractTransferListenerAdapter - Downloading https://repo.maven.apache.org/maven2/org/springframework/boot/spring-boot-autoconfigure/3.4.1/spring-boot-autoconfigure-3.4.1-sources.jar
2025-01-04 19:42:56,765 [Worker-3: Download sources and javadoc] INFO  o.e.m.c.i.e.AbstractTransferListenerAdapter - Downloaded https://repo.maven.apache.org/maven2/org/springframework/boot/spring-boot-autoconfigure/3.4.1/spring-boot-autoconfigure-3.4.1-sources.jar
2025-01-04 19:42:56,768 [Worker-3: Download sources and javadoc] INFO  o.e.m.j.internal.DownloadSourcesJob - Downloaded sources for org.springframework.boot:spring-boot-autoconfigure:3.4.1
2025-01-04 19:42:57,081 [Worker-3: Download sources and javadoc] INFO  o.e.m.c.i.e.AbstractTransferListenerAdapter - Downloading https://repo.maven.apache.org/maven2/org/springframework/boot/spring-boot-starter-logging/3.4.1/spring-boot-starter-logging-3.4.1-sources.jar
2025-01-04 19:42:57,084 [Worker-3: Download sources and javadoc] INFO  o.e.m.c.i.e.AbstractTransferListenerAdapter - Downloaded https://repo.maven.apache.org/maven2/org/springframework/boot/spring-boot-starter-logging/3.4.1/spring-boot-starter-logging-3.4.1-sources.jar
2025-01-04 19:42:57,087 [Worker-3: Download sources and javadoc] INFO  o.e.m.j.internal.DownloadSourcesJob - Downloaded sources for org.springframework.boot:spring-boot-starter-logging:3.4.1
2025-01-04 19:42:57,410 [Worker-3: Download sources and javadoc] INFO  o.e.m.c.i.e.AbstractTransferListenerAdapter - Downloading https://repo.maven.apache.org/maven2/ch/qos/logback/logback-classic/1.5.12/logback-classic-1.5.12-sources.jar
2025-01-04 19:42:57,678 [Worker-3: Download sources and javadoc] INFO  o.e.m.c.i.e.AbstractTransferListenerAdapter - Downloaded https://repo.maven.apache.org/maven2/ch/qos/logback/logback-classic/1.5.12/logback-classic-1.5.12-sources.jar
2025-01-04 19:42:57,681 [Worker-3: Download sources and javadoc] INFO  o.e.m.j.internal.DownloadSourcesJob - Downloaded sources for ch.qos.logback:logback-classic:1.5.12
2025-01-04 19:42:57,987 [Worker-3: Download sources and javadoc] INFO  o.e.m.c.i.e.AbstractTransferListenerAdapter - Downloading https://repo.maven.apache.org/maven2/ch/qos/logback/logback-core/1.5.12/logback-core-1.5.12-sources.jar
2025-01-04 19:42:58,463 [Worker-3: Download sources and javadoc] INFO  o.e.m.c.i.e.AbstractTransferListenerAdapter - Downloaded https://repo.maven.apache.org/maven2/ch/qos/logback/logback-core/1.5.12/logback-core-1.5.12-sources.jar
2025-01-04 19:42:58,466 [Worker-3: Download sources and javadoc] INFO  o.e.m.j.internal.DownloadSourcesJob - Downloaded sources for ch.qos.logback:logback-core:1.5.12
2025-01-04 19:42:58,776 [Worker-3: Download sources and javadoc] INFO  o.e.m.c.i.e.AbstractTransferListenerAdapter - Downloading https://repo.maven.apache.org/maven2/org/apache/logging/log4j/log4j-to-slf4j/2.24.3/log4j-to-slf4j-2.24.3-sources.jar
2025-01-04 19:42:58,790 [Worker-3: Download sources and javadoc] INFO  o.e.m.c.i.e.AbstractTransferListenerAdapter - Downloaded https://repo.maven.apache.org/maven2/org/apache/logging/log4j/log4j-to-slf4j/2.24.3/log4j-to-slf4j-2.24.3-sources.jar
2025-01-04 19:42:58,793 [Worker-3: Download sources and javadoc] INFO  o.e.m.j.internal.DownloadSourcesJob - Downloaded sources for org.apache.logging.log4j:log4j-to-slf4j:2.24.3
2025-01-04 19:42:59,101 [Worker-3: Download sources and javadoc] INFO  o.e.m.c.i.e.AbstractTransferListenerAdapter - Downloading https://repo.maven.apache.org/maven2/org/apache/logging/log4j/log4j-api/2.24.3/log4j-api-2.24.3-sources.jar
2025-01-04 19:42:59,420 [Worker-3: Download sources and javadoc] INFO  o.e.m.c.i.e.AbstractTransferListenerAdapter - Downloaded https://repo.maven.apache.org/maven2/org/apache/logging/log4j/log4j-api/2.24.3/log4j-api-2.24.3-sources.jar
2025-01-04 19:42:59,423 [Worker-3: Download sources and javadoc] INFO  o.e.m.j.internal.DownloadSourcesJob - Downloaded sources for org.apache.logging.log4j:log4j-api:2.24.3
2025-01-04 19:42:59,735 [Worker-3: Download sources and javadoc] INFO  o.e.m.c.i.e.AbstractTransferListenerAdapter - Downloading https://repo.maven.apache.org/maven2/org/springframework/spring-core/6.2.1/spring-core-6.2.1-sources.jar
2025-01-04 19:43:00,837 [Worker-3: Download sources and javadoc] INFO  o.e.m.c.i.e.AbstractTransferListenerAdapter - Downloaded https://repo.maven.apache.org/maven2/org/springframework/spring-core/6.2.1/spring-core-6.2.1-sources.jar
2025-01-04 19:43:00,840 [Worker-3: Download sources and javadoc] INFO  o.e.m.j.internal.DownloadSourcesJob - Downloaded sources for org.springframework:spring-core:6.2.1
2025-01-04 19:43:01,190 [Worker-3: Download sources and javadoc] INFO  o.e.m.c.i.e.AbstractTransferListenerAdapter - Downloading https://repo.maven.apache.org/maven2/org/springframework/spring-jcl/6.2.1/spring-jcl-6.2.1-sources.jar
2025-01-04 19:43:01,199 [Worker-3: Download sources and javadoc] INFO  o.e.m.c.i.e.AbstractTransferListenerAdapter - Downloaded https://repo.maven.apache.org/maven2/org/springframework/spring-jcl/6.2.1/spring-jcl-6.2.1-sources.jar
2025-01-04 19:43:01,202 [Worker-3: Download sources and javadoc] INFO  o.e.m.j.internal.DownloadSourcesJob - Downloaded sources for org.springframework:spring-jcl:6.2.1
2025-01-04 19:43:01,511 [Worker-3: Download sources and javadoc] INFO  o.e.m.c.i.e.AbstractTransferListenerAdapter - Downloading https://repo.maven.apache.org/maven2/org/yaml/snakeyaml/2.3/snakeyaml-2.3-sources.jar
2025-01-04 19:43:01,811 [Worker-3: Download sources and javadoc] INFO  o.e.m.c.i.e.AbstractTransferListenerAdapter - Downloaded https://repo.maven.apache.org/maven2/org/yaml/snakeyaml/2.3/snakeyaml-2.3-sources.jar
2025-01-04 19:43:01,813 [Worker-3: Download sources and javadoc] INFO  o.e.m.j.internal.DownloadSourcesJob - Downloaded sources for org.yaml:snakeyaml:2.3
2025-01-04 19:43:02,116 [Worker-3: Download sources and javadoc] INFO  o.e.m.c.i.e.AbstractTransferListenerAdapter - Downloading https://repo.maven.apache.org/maven2/org/springframework/boot/spring-boot-starter-test/3.4.1/spring-boot-starter-test-3.4.1-sources.jar
2025-01-04 19:43:02,123 [Worker-3: Download sources and javadoc] INFO  o.e.m.c.i.e.AbstractTransferListenerAdapter - Downloaded https://repo.maven.apache.org/maven2/org/springframework/boot/spring-boot-starter-test/3.4.1/spring-boot-starter-test-3.4.1-sources.jar
2025-01-04 19:43:02,125 [Worker-3: Download sources and javadoc] INFO  o.e.m.j.internal.DownloadSourcesJob - Downloaded sources for org.springframework.boot:spring-boot-starter-test:3.4.1
2025-01-04 19:43:02,461 [Worker-3: Download sources and javadoc] INFO  o.e.m.c.i.e.AbstractTransferListenerAdapter - Downloading https://repo.maven.apache.org/maven2/org/springframework/boot/spring-boot-test/3.4.1/spring-boot-test-3.4.1-sources.jar
2025-01-04 19:43:02,704 [Worker-3: Download sources and javadoc] INFO  o.e.m.c.i.e.AbstractTransferListenerAdapter - Downloaded https://repo.maven.apache.org/maven2/org/springframework/boot/spring-boot-test/3.4.1/spring-boot-test-3.4.1-sources.jar
2025-01-04 19:43:02,706 [Worker-3: Download sources and javadoc] INFO  o.e.m.j.internal.DownloadSourcesJob - Downloaded sources for org.springframework.boot:spring-boot-test:3.4.1
2025-01-04 19:43:03,024 [Worker-3: Download sources and javadoc] INFO  o.e.m.c.i.e.AbstractTransferListenerAdapter - Downloading https://repo.maven.apache.org/maven2/org/springframework/boot/spring-boot-test-autoconfigure/3.4.1/spring-boot-test-autoconfigure-3.4.1-sources.jar
2025-01-04 19:43:03,282 [Worker-3: Download sources and javadoc] INFO  o.e.m.c.i.e.AbstractTransferListenerAdapter - Downloaded https://repo.maven.apache.org/maven2/org/springframework/boot/spring-boot-test-autoconfigure/3.4.1/spring-boot-test-autoconfigure-3.4.1-sources.jar
2025-01-04 19:43:03,284 [Worker-3: Download sources and javadoc] INFO  o.e.m.j.internal.DownloadSourcesJob - Downloaded sources for org.springframework.boot:spring-boot-test-autoconfigure:3.4.1
2025-01-04 19:43:03,621 [Worker-3: Download sources and javadoc] INFO  o.e.m.c.i.e.AbstractTransferListenerAdapter - Downloading https://repo.maven.apache.org/maven2/org/assertj/assertj-core/3.26.3/assertj-core-3.26.3-sources.jar
2025-01-04 19:43:09,730 [Worker-3: Download sources and javadoc] INFO  o.e.m.c.i.e.AbstractTransferListenerAdapter - Downloaded https://repo.maven.apache.org/maven2/org/assertj/assertj-core/3.26.3/assertj-core-3.26.3-sources.jar
2025-01-04 19:43:09,732 [Worker-3: Download sources and javadoc] INFO  o.e.m.j.internal.DownloadSourcesJob - Downloaded sources for org.assertj:assertj-core:3.26.3
2025-01-04 19:43:10,075 [Worker-3: Download sources and javadoc] INFO  o.e.m.c.i.e.AbstractTransferListenerAdapter - Downloading https://repo.maven.apache.org/maven2/net/bytebuddy/byte-buddy/1.15.11/byte-buddy-1.15.11-sources.jar
2025-01-04 19:43:11,109 [Worker-3: Download sources and javadoc] INFO  o.e.m.c.i.e.AbstractTransferListenerAdapter - Downloaded https://repo.maven.apache.org/maven2/net/bytebuddy/byte-buddy/1.15.11/byte-buddy-1.15.11-sources.jar
2025-01-04 19:43:11,112 [Worker-3: Download sources and javadoc] INFO  o.e.m.j.internal.DownloadSourcesJob - Downloaded sources for net.bytebuddy:byte-buddy:1.15.11
2025-01-04 19:43:11,429 [Worker-3: Download sources and javadoc] INFO  o.e.m.c.i.e.AbstractTransferListenerAdapter - Downloading https://repo.maven.apache.org/maven2/org/junit/jupiter/junit-jupiter/5.11.4/junit-jupiter-5.11.4-sources.jar
2025-01-04 19:43:11,432 [Worker-3: Download sources and javadoc] INFO  o.e.m.c.i.e.AbstractTransferListenerAdapter - Downloaded https://repo.maven.apache.org/maven2/org/junit/jupiter/junit-jupiter/5.11.4/junit-jupiter-5.11.4-sources.jar
2025-01-04 19:43:11,434 [Worker-3: Download sources and javadoc] INFO  o.e.m.j.internal.DownloadSourcesJob - Downloaded sources for org.junit.jupiter:junit-jupiter:5.11.4
2025-01-04 19:43:11,739 [Worker-3: Download sources and javadoc] INFO  o.e.m.c.i.e.AbstractTransferListenerAdapter - Downloading https://repo.maven.apache.org/maven2/org/junit/jupiter/junit-jupiter-api/5.11.4/junit-jupiter-api-5.11.4-sources.jar
2025-01-04 19:43:12,003 [Worker-3: Download sources and javadoc] INFO  o.e.m.c.i.e.AbstractTransferListenerAdapter - Downloaded https://repo.maven.apache.org/maven2/org/junit/jupiter/junit-jupiter-api/5.11.4/junit-jupiter-api-5.11.4-sources.jar
2025-01-04 19:43:12,006 [Worker-3: Download sources and javadoc] INFO  o.e.m.j.internal.DownloadSourcesJob - Downloaded sources for org.junit.jupiter:junit-jupiter-api:5.11.4
2025-01-04 19:43:12,318 [Worker-3: Download sources and javadoc] INFO  o.e.m.c.i.e.AbstractTransferListenerAdapter - Downloading https://repo.maven.apache.org/maven2/org/junit/platform/junit-platform-commons/1.11.4/junit-platform-commons-1.11.4-sources.jar
2025-01-04 19:43:12,698 [Worker-3: Download sources and javadoc] INFO  o.e.m.c.i.e.AbstractTransferListenerAdapter - Downloaded https://repo.maven.apache.org/maven2/org/junit/platform/junit-platform-commons/1.11.4/junit-platform-commons-1.11.4-sources.jar
2025-01-04 19:43:12,701 [Worker-3: Download sources and javadoc] INFO  o.e.m.j.internal.DownloadSourcesJob - Downloaded sources for org.junit.platform:junit-platform-commons:1.11.4
2025-01-04 19:43:13,004 [Worker-3: Download sources and javadoc] INFO  o.e.m.c.i.e.AbstractTransferListenerAdapter - Downloading https://repo.maven.apache.org/maven2/org/junit/jupiter/junit-jupiter-params/5.11.4/junit-jupiter-params-5.11.4-sources.jar
2025-01-04 19:43:13,141 [Worker-3: Download sources and javadoc] INFO  o.e.m.c.i.e.AbstractTransferListenerAdapter - Downloaded https://repo.maven.apache.org/maven2/org/junit/jupiter/junit-jupiter-params/5.11.4/junit-jupiter-params-5.11.4-sources.jar
2025-01-04 19:43:13,144 [Worker-3: Download sources and javadoc] INFO  o.e.m.j.internal.DownloadSourcesJob - Downloaded sources for org.junit.jupiter:junit-jupiter-params:5.11.4
2025-01-04 19:43:13,464 [Worker-3: Download sources and javadoc] INFO  o.e.m.c.i.e.AbstractTransferListenerAdapter - Downloading https://repo.maven.apache.org/maven2/org/junit/jupiter/junit-jupiter-engine/5.11.4/junit-jupiter-engine-5.11.4-sources.jar
2025-01-04 19:43:13,657 [Worker-3: Download sources and javadoc] INFO  o.e.m.c.i.e.AbstractTransferListenerAdapter - Downloaded https://repo.maven.apache.org/maven2/org/junit/jupiter/junit-jupiter-engine/5.11.4/junit-jupiter-engine-5.11.4-sources.jar
2025-01-04 19:43:13,660 [Worker-3: Download sources and javadoc] INFO  o.e.m.j.internal.DownloadSourcesJob - Downloaded sources for org.junit.jupiter:junit-jupiter-engine:5.11.4
2025-01-04 19:43:13,996 [Worker-3: Download sources and javadoc] INFO  o.e.m.c.i.e.AbstractTransferListenerAdapter - Downloading https://repo.maven.apache.org/maven2/org/junit/platform/junit-platform-engine/1.11.4/junit-platform-engine-1.11.4-sources.jar
2025-01-04 19:43:14,215 [Worker-3: Download sources and javadoc] INFO  o.e.m.c.i.e.AbstractTransferListenerAdapter - Downloaded https://repo.maven.apache.org/maven2/org/junit/platform/junit-platform-engine/1.11.4/junit-platform-engine-1.11.4-sources.jar
2025-01-04 19:43:14,218 [Worker-3: Download sources and javadoc] INFO  o.e.m.j.internal.DownloadSourcesJob - Downloaded sources for org.junit.platform:junit-platform-engine:1.11.4
2025-01-04 19:43:14,541 [Worker-3: Download sources and javadoc] INFO  o.e.m.c.i.e.AbstractTransferListenerAdapter - Downloading https://repo.maven.apache.org/maven2/org/mockito/mockito-core/5.14.2/mockito-core-5.14.2-sources.jar
2025-01-04 19:43:14,934 [Worker-3: Download sources and javadoc] INFO  o.e.m.c.i.e.AbstractTransferListenerAdapter - Downloaded https://repo.maven.apache.org/maven2/org/mockito/mockito-core/5.14.2/mockito-core-5.14.2-sources.jar
2025-01-04 19:43:14,937 [Worker-3: Download sources and javadoc] INFO  o.e.m.j.internal.DownloadSourcesJob - Downloaded sources for org.mockito:mockito-core:5.14.2
2025-01-04 19:43:15,352 [Worker-3: Download sources and javadoc] INFO  o.e.m.c.i.e.AbstractTransferListenerAdapter - Downloading https://repo.maven.apache.org/maven2/net/bytebuddy/byte-buddy-agent/1.15.11/byte-buddy-agent-1.15.11-sources.jar
2025-01-04 19:43:15,896 [Worker-3: Download sources and javadoc] INFO  o.e.m.c.i.e.AbstractTransferListenerAdapter - Downloaded https://repo.maven.apache.org/maven2/net/bytebuddy/byte-buddy-agent/1.15.11/byte-buddy-agent-1.15.11-sources.jar
2025-01-04 19:43:15,899 [Worker-3: Download sources and javadoc] INFO  o.e.m.j.internal.DownloadSourcesJob - Downloaded sources for net.bytebuddy:byte-buddy-agent:1.15.11
2025-01-04 19:43:16,213 [Worker-3: Download sources and javadoc] INFO  o.e.m.c.i.e.AbstractTransferListenerAdapter - Downloading https://repo.maven.apache.org/maven2/org/mockito/mockito-junit-jupiter/5.14.2/mockito-junit-jupiter-5.14.2-sources.jar
2025-01-04 19:43:16,218 [Worker-3: Download sources and javadoc] INFO  o.e.m.c.i.e.AbstractTransferListenerAdapter - Downloaded https://repo.maven.apache.org/maven2/org/mockito/mockito-junit-jupiter/5.14.2/mockito-junit-jupiter-5.14.2-sources.jar
2025-01-04 19:43:16,220 [Worker-3: Download sources and javadoc] INFO  o.e.m.j.internal.DownloadSourcesJob - Downloaded sources for org.mockito:mockito-junit-jupiter:5.14.2
2025-01-04 19:43:17,658 [Worker-3: Download sources and javadoc] INFO  o.e.m.c.i.e.AbstractTransferListenerAdapter - Downloading https://repo.maven.apache.org/maven2/org/springframework/spring-test/6.2.1/spring-test-6.2.1-sources.jar
2025-01-04 19:43:18,170 [Worker-3: Download sources and javadoc] INFO  o.e.m.c.i.e.AbstractTransferListenerAdapter - Downloaded https://repo.maven.apache.org/maven2/org/springframework/spring-test/6.2.1/spring-test-6.2.1-sources.jar
2025-01-04 19:43:18,173 [Worker-3: Download sources and javadoc] INFO  o.e.m.j.internal.DownloadSourcesJob - Downloaded sources for org.springframework:spring-test:6.2.1
2025-01-04 19:43:18,487 [Worker-3: Download sources and javadoc] INFO  o.e.m.c.i.e.AbstractTransferListenerAdapter - Downloading https://repo.maven.apache.org/maven2/org/xmlunit/xmlunit-core/2.10.0/xmlunit-core-2.10.0-sources.jar
2025-01-04 19:43:18,631 [Worker-3: Download sources and javadoc] INFO  o.e.m.c.i.e.AbstractTransferListenerAdapter - Downloaded https://repo.maven.apache.org/maven2/org/xmlunit/xmlunit-core/2.10.0/xmlunit-core-2.10.0-sources.jar
2025-01-04 19:43:18,634 [Worker-3: Download sources and javadoc] INFO  o.e.m.j.internal.DownloadSourcesJob - Downloaded sources for org.xmlunit:xmlunit-core:2.10.0
2025-01-04 21:53:09,192 [Worker-34: Building] INFO  o.a.m.s.f.DefaultMavenResourcesFiltering - Copying 1 resource from src\main\resources to target\classes
2025-01-04 21:53:09,284 [Worker-34: Building] INFO  o.a.m.s.f.DefaultMavenResourcesFiltering - Copying 0 resource from src\main\resources to target\classes
2025-01-04 21:53:09,288 [Worker-34: Building] INFO  o.a.m.s.f.DefaultMavenResourcesFiltering - skip non existing resourceDirectory F:\WorkSpace6AM_BOOT\01SpringBootFirstApp\src\test\resources
2025-01-04 21:55:02,122 [Worker-37: Building] INFO  o.a.m.s.f.DefaultMavenResourcesFiltering - Copying 1 resource from src\main\resources to target\classes
2025-01-04 21:55:02,165 [Worker-37: Building] INFO  o.a.m.s.f.DefaultMavenResourcesFiltering - Copying 0 resource from src\main\resources to target\classes
2025-01-04 21:55:02,169 [Worker-37: Building] INFO  o.a.m.s.f.DefaultMavenResourcesFiltering - skip non existing resourceDirectory F:\WorkSpace6AM_BOOT\01SpringBootFirstApp\src\test\resources
2025-01-04 21:55:22,650 [Worker-35: Building] INFO  o.a.m.s.f.DefaultMavenResourcesFiltering - Copying 1 resource from src\main\resources to target\classes
2025-01-04 21:55:22,675 [Worker-35: Building] INFO  o.a.m.s.f.DefaultMavenResourcesFiltering - Copying 0 resource from src\main\resources to target\classes
2025-01-04 21:55:22,678 [Worker-35: Building] INFO  o.a.m.s.f.DefaultMavenResourcesFiltering - skip non existing resourceDirectory F:\WorkSpace6AM_BOOT\01SpringBootFirstApp\src\test\resources
2025-01-04 21:56:05,291 [Worker-34: Building] INFO  o.a.m.s.f.DefaultMavenResourcesFiltering - Copying 1 resource from src\main\resources to target\classes
2025-01-04 21:56:05,302 [Worker-34: Building] INFO  o.a.m.s.f.DefaultMavenResourcesFiltering - Copying 0 resource from src\main\resources to target\classes
2025-01-04 21:56:05,305 [Worker-34: Building] INFO  o.a.m.s.f.DefaultMavenResourcesFiltering - skip non existing resourceDirectory F:\WorkSpace6AM_BOOT\01SpringBootFirstApp\src\test\resources
2025-01-04 21:56:54,661 [Worker-37: Building] INFO  o.a.m.s.f.DefaultMavenResourcesFiltering - Copying 1 resource from src\main\resources to target\classes
2025-01-04 21:56:54,668 [Worker-37: Building] INFO  o.a.m.s.f.DefaultMavenResourcesFiltering - Copying 0 resource from src\main\resources to target\classes
2025-01-04 21:56:54,675 [Worker-37: Building] INFO  o.a.m.s.f.DefaultMavenResourcesFiltering - skip non existing resourceDirectory F:\WorkSpace6AM_BOOT\01SpringBootFirstApp\src\test\resources
2025-01-04 21:58:41,493 [Worker-37: Building] INFO  o.a.m.s.f.DefaultMavenResourcesFiltering - Copying 1 resource from src\main\resources to target\classes
2025-01-04 21:58:41,499 [Worker-37: Building] INFO  o.a.m.s.f.DefaultMavenResourcesFiltering - Copying 0 resource from src\main\resources to target\classes
2025-01-04 21:58:41,505 [Worker-37: Building] INFO  o.a.m.s.f.DefaultMavenResourcesFiltering - skip non existing resourceDirectory F:\WorkSpace6AM_BOOT\01SpringBootFirstApp\src\test\resources
2025-01-04 21:59:41,449 [Worker-39: Building] INFO  o.a.m.s.f.DefaultMavenResourcesFiltering - Copying 1 resource from src\main\resources to target\classes
2025-01-04 21:59:41,461 [Worker-39: Building] INFO  o.a.m.s.f.DefaultMavenResourcesFiltering - Copying 0 resource from src\main\resources to target\classes
2025-01-04 21:59:41,465 [Worker-39: Building] INFO  o.a.m.s.f.DefaultMavenResourcesFiltering - skip non existing resourceDirectory F:\WorkSpace6AM_BOOT\01SpringBootFirstApp\src\test\resources
2025-01-04 22:00:30,077 [Worker-37: Building] INFO  o.a.m.s.f.DefaultMavenResourcesFiltering - Copying 1 resource from src\main\resources to target\classes
2025-01-04 22:00:30,111 [Worker-37: Building] INFO  o.a.m.s.f.DefaultMavenResourcesFiltering - Copying 0 resource from src\main\resources to target\classes
2025-01-04 22:00:30,116 [Worker-37: Building] INFO  o.a.m.s.f.DefaultMavenResourcesFiltering - skip non existing resourceDirectory F:\WorkSpace6AM_BOOT\01SpringBootFirstApp\src\test\resources
2025-01-04 22:01:08,088 [Worker-35: Building] INFO  o.a.m.s.f.DefaultMavenResourcesFiltering - Copying 1 resource from src\main\resources to target\classes
2025-01-04 22:01:08,095 [Worker-35: Building] INFO  o.a.m.s.f.DefaultMavenResourcesFiltering - Copying 0 resource from src\main\resources to target\classes
2025-01-04 22:01:08,105 [Worker-35: Building] INFO  o.a.m.s.f.DefaultMavenResourcesFiltering - skip non existing resourceDirectory F:\WorkSpace6AM_BOOT\01SpringBootFirstApp\src\test\resources
2025-01-04 22:01:47,414 [Worker-37: Building] INFO  o.a.m.s.f.DefaultMavenResourcesFiltering - Copying 1 resource from src\main\resources to target\classes
2025-01-04 22:01:47,420 [Worker-37: Building] INFO  o.a.m.s.f.DefaultMavenResourcesFiltering - Copying 0 resource from src\main\resources to target\classes
2025-01-04 22:01:47,424 [Worker-37: Building] INFO  o.a.m.s.f.DefaultMavenResourcesFiltering - skip non existing resourceDirectory F:\WorkSpace6AM_BOOT\01SpringBootFirstApp\src\test\resources
2025-01-04 22:03:47,754 [Worker-35: Building] INFO  o.a.m.s.f.DefaultMavenResourcesFiltering - Copying 1 resource from src\main\resources to target\classes
2025-01-04 22:03:47,760 [Worker-35: Building] INFO  o.a.m.s.f.DefaultMavenResourcesFiltering - Copying 0 resource from src\main\resources to target\classes
2025-01-04 22:03:47,765 [Worker-35: Building] INFO  o.a.m.s.f.DefaultMavenResourcesFiltering - skip non existing resourceDirectory F:\WorkSpace6AM_BOOT\01SpringBootFirstApp\src\test\resources
2025-01-04 22:03:58,974 [Worker-37: Building] INFO  o.a.m.s.f.DefaultMavenResourcesFiltering - Copying 1 resource from src\main\resources to target\classes
2025-01-04 22:03:58,995 [Worker-37: Building] INFO  o.a.m.s.f.DefaultMavenResourcesFiltering - Copying 0 resource from src\main\resources to target\classes
2025-01-04 22:03:59,001 [Worker-37: Building] INFO  o.a.m.s.f.DefaultMavenResourcesFiltering - skip non existing resourceDirectory F:\WorkSpace6AM_BOOT\01SpringBootFirstApp\src\test\resources
2025-01-04 22:04:05,365 [Worker-40: Building] INFO  o.a.m.s.f.DefaultMavenResourcesFiltering - Copying 1 resource from src\main\resources to target\classes
2025-01-04 22:04:05,370 [Worker-40: Building] INFO  o.a.m.s.f.DefaultMavenResourcesFiltering - Copying 0 resource from src\main\resources to target\classes
2025-01-04 22:04:05,373 [Worker-40: Building] INFO  o.a.m.s.f.DefaultMavenResourcesFiltering - skip non existing resourceDirectory F:\WorkSpace6AM_BOOT\01SpringBootFirstApp\src\test\resources
2025-01-04 22:04:18,825 [Worker-39: Building] INFO  o.a.m.s.f.DefaultMavenResourcesFiltering - Copying 1 resource from src\main\resources to target\classes
2025-01-04 22:04:18,830 [Worker-39: Building] INFO  o.a.m.s.f.DefaultMavenResourcesFiltering - Copying 0 resource from src\main\resources to target\classes
2025-01-04 22:04:18,834 [Worker-39: Building] INFO  o.a.m.s.f.DefaultMavenResourcesFiltering - skip non existing resourceDirectory F:\WorkSpace6AM_BOOT\01SpringBootFirstApp\src\test\resources
2025-01-04 22:05:12,168 [Worker-35: Building] INFO  o.a.m.s.f.DefaultMavenResourcesFiltering - Copying 1 resource from src\main\resources to target\classes
2025-01-04 22:05:12,177 [Worker-35: Building] INFO  o.a.m.s.f.DefaultMavenResourcesFiltering - Copying 0 resource from src\main\resources to target\classes
2025-01-04 22:05:12,181 [Worker-35: Building] INFO  o.a.m.s.f.DefaultMavenResourcesFiltering - skip non existing resourceDirectory F:\WorkSpace6AM_BOOT\01SpringBootFirstApp\src\test\resources
2025-01-04 22:05:37,987 [Worker-42: Building] INFO  o.a.m.s.f.DefaultMavenResourcesFiltering - Copying 1 resource from src\main\resources to target\classes
2025-01-04 22:05:38,002 [Worker-42: Building] INFO  o.a.m.s.f.DefaultMavenResourcesFiltering - Copying 0 resource from src\main\resources to target\classes
2025-01-04 22:05:38,009 [Worker-42: Building] INFO  o.a.m.s.f.DefaultMavenResourcesFiltering - skip non existing resourceDirectory F:\WorkSpace6AM_BOOT\01SpringBootFirstApp\src\test\resources
2025-01-04 22:06:02,480 [Worker-44: Building] INFO  o.a.m.s.f.DefaultMavenResourcesFiltering - Copying 1 resource from src\main\resources to target\classes
2025-01-04 22:06:02,489 [Worker-44: Building] INFO  o.a.m.s.f.DefaultMavenResourcesFiltering - Copying 0 resource from src\main\resources to target\classes
2025-01-04 22:06:02,495 [Worker-44: Building] INFO  o.a.m.s.f.DefaultMavenResourcesFiltering - skip non existing resourceDirectory F:\WorkSpace6AM_BOOT\01SpringBootFirstApp\src\test\resources
2025-01-04 22:51:46,010 [Worker-46: Building] INFO  o.e.m.c.i.l.LifecycleMappingFactory - Using org.eclipse.m2e.jdt.JarLifecycleMapping lifecycle mapping for MavenProject: com.app.zayyni:01SpringBootFirstApp:1.0 @ F:\WorkSpace6AM_BOOT\01SpringBootFirstApp\pom.xml.
2025-01-04 22:51:46,884 [Worker-46: Building] INFO  o.e.m.c.i.e.AbstractTransferListenerAdapter - Downloading https://repo.maven.apache.org/maven2/org/projectlombok/lombok/1.18.36/lombok-1.18.36.pom
2025-01-04 22:51:46,889 [Worker-46: Building] INFO  o.e.m.c.i.e.AbstractTransferListenerAdapter - Downloaded https://repo.maven.apache.org/maven2/org/projectlombok/lombok/1.18.36/lombok-1.18.36.pom
2025-01-04 22:51:47,169 [Worker-46: Building] INFO  o.e.m.c.i.e.AbstractTransferListenerAdapter - Downloading https://repo.maven.apache.org/maven2/org/projectlombok/lombok/1.18.36/lombok-1.18.36.jar
2025-01-04 22:51:50,843 [Worker-46: Building] INFO  o.e.m.c.i.e.AbstractTransferListenerAdapter - Downloaded https://repo.maven.apache.org/maven2/org/projectlombok/lombok/1.18.36/lombok-1.18.36.jar
2025-01-04 22:51:51,123 [Worker-46: Building] INFO  o.a.m.s.f.DefaultMavenResourcesFiltering - Copying 0 resource from src\main\resources to target\classes
2025-01-04 22:51:51,123 [Worker-46: Building] INFO  o.a.m.s.f.DefaultMavenResourcesFiltering - Copying 0 resource from src\main\resources to target\classes
2025-01-04 22:51:51,129 [Worker-46: Building] INFO  o.a.m.s.f.DefaultMavenResourcesFiltering - skip non existing resourceDirectory F:\WorkSpace6AM_BOOT\01SpringBootFirstApp\src\test\resources
2025-01-04 22:51:52,640 [Worker-48: Download sources and javadoc] INFO  o.e.m.c.i.e.AbstractTransferListenerAdapter - Downloading https://repo.maven.apache.org/maven2/org/projectlombok/lombok/1.18.36/lombok-1.18.36-sources.jar
2025-01-04 22:51:52,865 [Worker-46: Building] INFO  o.e.m.c.i.l.LifecycleMappingFactory - Using org.eclipse.m2e.jdt.JarLifecycleMapping lifecycle mapping for MavenProject: com.app.zayyni:01SpringBootFirstApp:1.0 @ F:\WorkSpace6AM_BOOT\01SpringBootFirstApp\pom.xml.
2025-01-04 22:51:53,299 [Worker-46: Building] INFO  o.a.m.s.f.DefaultMavenResourcesFiltering - Copying 1 resource from src\main\resources to target\classes
2025-01-04 22:51:53,321 [Worker-46: Building] INFO  o.a.m.s.f.DefaultMavenResourcesFiltering - Copying 0 resource from src\main\resources to target\classes
2025-01-04 22:51:53,327 [Worker-46: Building] INFO  o.a.m.s.f.DefaultMavenResourcesFiltering - skip non existing resourceDirectory F:\WorkSpace6AM_BOOT\01SpringBootFirstApp\src\test\resources
2025-01-04 22:51:54,420 [Worker-48: Download sources and javadoc] INFO  o.e.m.c.i.e.AbstractTransferListenerAdapter - Downloaded https://repo.maven.apache.org/maven2/org/projectlombok/lombok/1.18.36/lombok-1.18.36-sources.jar
2025-01-04 22:51:54,423 [Worker-48: Download sources and javadoc] INFO  o.e.m.j.internal.DownloadSourcesJob - Downloaded sources for org.projectlombok:lombok:1.18.36
2025-01-04 22:52:39,836 [Worker-47: Building] INFO  o.e.m.c.i.l.LifecycleMappingFactory - Using org.eclipse.m2e.jdt.JarLifecycleMapping lifecycle mapping for MavenProject: com.app.zayyni:01SpringBootFirstApp:1.0 @ F:\WorkSpace6AM_BOOT\01SpringBootFirstApp\pom.xml.
2025-01-04 22:52:40,220 [Worker-47: Building] INFO  o.a.m.s.f.DefaultMavenResourcesFiltering - Copying 0 resource from src\main\resources to target\classes
2025-01-04 22:52:40,221 [Worker-47: Building] INFO  o.a.m.s.f.DefaultMavenResourcesFiltering - Copying 0 resource from src\main\resources to target\classes
2025-01-04 22:52:40,227 [Worker-47: Building] INFO  o.a.m.s.f.DefaultMavenResourcesFiltering - skip non existing resourceDirectory F:\WorkSpace6AM_BOOT\01SpringBootFirstApp\src\test\resources
2025-01-04 22:53:29,505 [Worker-49: Building] INFO  o.a.m.s.f.DefaultMavenResourcesFiltering - Copying 1 resource from src\main\resources to target\classes
2025-01-04 22:53:29,560 [Worker-49: Building] INFO  o.a.m.s.f.DefaultMavenResourcesFiltering - Copying 0 resource from src\main\resources to target\classes
2025-01-04 22:53:29,567 [Worker-49: Building] INFO  o.a.m.s.f.DefaultMavenResourcesFiltering - skip non existing resourceDirectory F:\WorkSpace6AM_BOOT\01SpringBootFirstApp\src\test\resources
2025-01-04 22:54:04,538 [Worker-51: Building] INFO  o.a.m.s.f.DefaultMavenResourcesFiltering - Copying 1 resource from src\main\resources to target\classes
2025-01-04 22:54:04,543 [Worker-51: Building] INFO  o.a.m.s.f.DefaultMavenResourcesFiltering - Copying 0 resource from src\main\resources to target\classes
2025-01-04 22:54:04,548 [Worker-51: Building] INFO  o.a.m.s.f.DefaultMavenResourcesFiltering - skip non existing resourceDirectory F:\WorkSpace6AM_BOOT\01SpringBootFirstApp\src\test\resources
2025-01-04 22:54:29,353 [Worker-50: Building] INFO  o.a.m.s.f.DefaultMavenResourcesFiltering - Copying 1 resource from src\main\resources to target\classes
2025-01-04 22:54:29,359 [Worker-50: Building] INFO  o.a.m.s.f.DefaultMavenResourcesFiltering - Copying 0 resource from src\main\resources to target\classes
2025-01-04 22:54:29,363 [Worker-50: Building] INFO  o.a.m.s.f.DefaultMavenResourcesFiltering - skip non existing resourceDirectory F:\WorkSpace6AM_BOOT\01SpringBootFirstApp\src\test\resources
2025-01-04 22:54:56,690 [Worker-45: Building] INFO  o.a.m.s.f.DefaultMavenResourcesFiltering - Copying 1 resource from src\main\resources to target\classes
2025-01-04 22:54:56,695 [Worker-45: Building] INFO  o.a.m.s.f.DefaultMavenResourcesFiltering - Copying 0 resource from src\main\resources to target\classes
2025-01-04 22:54:56,698 [Worker-45: Building] INFO  o.a.m.s.f.DefaultMavenResourcesFiltering - skip non existing resourceDirectory F:\WorkSpace6AM_BOOT\01SpringBootFirstApp\src\test\resources
2025-01-04 22:55:52,800 [Worker-46: Building] INFO  o.a.m.s.f.DefaultMavenResourcesFiltering - Copying 1 resource from src\main\resources to target\classes
2025-01-04 22:55:52,814 [Worker-46: Building] INFO  o.a.m.s.f.DefaultMavenResourcesFiltering - Copying 0 resource from src\main\resources to target\classes
2025-01-04 22:55:52,819 [Worker-46: Building] INFO  o.a.m.s.f.DefaultMavenResourcesFiltering - skip non existing resourceDirectory F:\WorkSpace6AM_BOOT\01SpringBootFirstApp\src\test\resources
2025-01-04 22:56:53,521 [Worker-47: Building] INFO  o.a.m.s.f.DefaultMavenResourcesFiltering - Copying 1 resource from src\main\resources to target\classes
2025-01-04 22:56:53,526 [Worker-47: Building] INFO  o.a.m.s.f.DefaultMavenResourcesFiltering - Copying 0 resource from src\main\resources to target\classes
2025-01-04 22:56:53,530 [Worker-47: Building] INFO  o.a.m.s.f.DefaultMavenResourcesFiltering - skip non existing resourceDirectory F:\WorkSpace6AM_BOOT\01SpringBootFirstApp\src\test\resources
2025-01-04 22:57:09,315 [Worker-50: Building] INFO  o.a.m.s.f.DefaultMavenResourcesFiltering - Copying 1 resource from src\main\resources to target\classes
2025-01-04 22:57:09,320 [Worker-50: Building] INFO  o.a.m.s.f.DefaultMavenResourcesFiltering - Copying 0 resource from src\main\resources to target\classes
2025-01-04 22:57:09,324 [Worker-50: Building] INFO  o.a.m.s.f.DefaultMavenResourcesFiltering - skip non existing resourceDirectory F:\WorkSpace6AM_BOOT\01SpringBootFirstApp\src\test\resources
2025-01-04 22:57:28,441 [Worker-49: Building] INFO  o.a.m.s.f.DefaultMavenResourcesFiltering - Copying 1 resource from src\main\resources to target\classes
2025-01-04 22:57:28,446 [Worker-49: Building] INFO  o.a.m.s.f.DefaultMavenResourcesFiltering - Copying 0 resource from src\main\resources to target\classes
2025-01-04 22:57:28,449 [Worker-49: Building] INFO  o.a.m.s.f.DefaultMavenResourcesFiltering - skip non existing resourceDirectory F:\WorkSpace6AM_BOOT\01SpringBootFirstApp\src\test\resources
2025-01-04 22:58:28,216 [Worker-49: Building] INFO  o.a.m.s.f.DefaultMavenResourcesFiltering - Copying 1 resource from src\main\resources to target\classes
2025-01-04 22:58:28,221 [Worker-49: Building] INFO  o.a.m.s.f.DefaultMavenResourcesFiltering - Copying 0 resource from src\main\resources to target\classes
2025-01-04 22:58:28,224 [Worker-49: Building] INFO  o.a.m.s.f.DefaultMavenResourcesFiltering - skip non existing resourceDirectory F:\WorkSpace6AM_BOOT\01SpringBootFirstApp\src\test\resources
2025-01-04 22:58:48,307 [Worker-48: Building] INFO  o.a.m.s.f.DefaultMavenResourcesFiltering - Copying 1 resource from src\main\resources to target\classes
2025-01-04 22:58:48,313 [Worker-48: Building] INFO  o.a.m.s.f.DefaultMavenResourcesFiltering - Copying 0 resource from src\main\resources to target\classes
2025-01-04 22:58:48,317 [Worker-48: Building] INFO  o.a.m.s.f.DefaultMavenResourcesFiltering - skip non existing resourceDirectory F:\WorkSpace6AM_BOOT\01SpringBootFirstApp\src\test\resources
2025-01-04 22:59:00,077 [Worker-46: Building] INFO  o.a.m.s.f.DefaultMavenResourcesFiltering - Copying 1 resource from src\main\resources to target\classes
2025-01-04 22:59:00,082 [Worker-46: Building] INFO  o.a.m.s.f.DefaultMavenResourcesFiltering - Copying 0 resource from src\main\resources to target\classes
2025-01-04 22:59:00,085 [Worker-46: Building] INFO  o.a.m.s.f.DefaultMavenResourcesFiltering - skip non existing resourceDirectory F:\WorkSpace6AM_BOOT\01SpringBootFirstApp\src\test\resources
2025-01-04 23:00:37,762 [Worker-49: Building] INFO  o.a.m.s.f.DefaultMavenResourcesFiltering - Copying 1 resource from src\main\resources to target\classes
2025-01-04 23:00:37,766 [Worker-49: Building] INFO  o.a.m.s.f.DefaultMavenResourcesFiltering - Copying 0 resource from src\main\resources to target\classes
2025-01-04 23:00:37,769 [Worker-49: Building] INFO  o.a.m.s.f.DefaultMavenResourcesFiltering - skip non existing resourceDirectory F:\WorkSpace6AM_BOOT\01SpringBootFirstApp\src\test\resources
2025-01-04 23:01:04,646 [Worker-35: Building] INFO  o.a.m.s.f.DefaultMavenResourcesFiltering - Copying 1 resource from src\main\resources to target\classes
2025-01-04 23:01:04,652 [Worker-35: Building] INFO  o.a.m.s.f.DefaultMavenResourcesFiltering - Copying 0 resource from src\main\resources to target\classes
2025-01-04 23:01:04,655 [Worker-35: Building] INFO  o.a.m.s.f.DefaultMavenResourcesFiltering - skip non existing resourceDirectory F:\WorkSpace6AM_BOOT\01SpringBootFirstApp\src\test\resources
2025-01-04 23:01:10,021 [Worker-49: Building] INFO  o.a.m.s.f.DefaultMavenResourcesFiltering - Copying 1 resource from src\main\resources to target\classes
2025-01-04 23:01:10,025 [Worker-49: Building] INFO  o.a.m.s.f.DefaultMavenResourcesFiltering - Copying 0 resource from src\main\resources to target\classes
2025-01-04 23:01:10,028 [Worker-49: Building] INFO  o.a.m.s.f.DefaultMavenResourcesFiltering - skip non existing resourceDirectory F:\WorkSpace6AM_BOOT\01SpringBootFirstApp\src\test\resources
2025-01-04 23:03:41,534 [Worker-46: Launching Executing clean in F__WorkSpace6AM_BOOT_01SpringBootFirstApp] INFO  o.eclipse.m2e.core.internal.Bundles - getClasspathEntries(Bundle=org.eclipse.m2e.maven.runtime_3.9.900.20240824-1409 [360])
2025-01-04 23:03:41,554 [Worker-46: Launching Executing clean in F__WorkSpace6AM_BOOT_01SpringBootFirstApp] INFO  o.eclipse.m2e.core.internal.Bundles - 	Entry: F:\MySts\spring-tool-suite-4-4.26.0.RELEASE-e4.33.0-win32.win32.x86_64\sts-4.26.0.RELEASE\plugins\org.eclipse.m2e.maven.runtime_3.9.900.20240824-1409
2025-01-04 23:03:41,554 [Worker-46: Launching Executing clean in F__WorkSpace6AM_BOOT_01SpringBootFirstApp] INFO  o.eclipse.m2e.core.internal.Bundles - 	Entry: F:\MySts\spring-tool-suite-4-4.26.0.RELEASE-e4.33.0-win32.win32.x86_64\sts-4.26.0.RELEASE\plugins\org.eclipse.m2e.maven.runtime_3.9.900.20240824-1409\jars\aopalliance-1.0.jar
2025-01-04 23:03:41,554 [Worker-46: Launching Executing clean in F__WorkSpace6AM_BOOT_01SpringBootFirstApp] INFO  o.eclipse.m2e.core.internal.Bundles - 	Entry: F:\MySts\spring-tool-suite-4-4.26.0.RELEASE-e4.33.0-win32.win32.x86_64\sts-4.26.0.RELEASE\plugins\org.eclipse.m2e.maven.runtime_3.9.900.20240824-1409\jars\guice-5.1.0.jar
2025-01-04 23:03:41,554 [Worker-46: Launching Executing clean in F__WorkSpace6AM_BOOT_01SpringBootFirstApp] INFO  o.eclipse.m2e.core.internal.Bundles - 	Entry: F:\MySts\spring-tool-suite-4-4.26.0.RELEASE-e4.33.0-win32.win32.x86_64\sts-4.26.0.RELEASE\plugins\org.eclipse.m2e.maven.runtime_3.9.900.20240824-1409\jars\httpclient-4.5.14.jar
2025-01-04 23:03:41,554 [Worker-46: Launching Executing clean in F__WorkSpace6AM_BOOT_01SpringBootFirstApp] INFO  o.eclipse.m2e.core.internal.Bundles - 	Entry: F:\MySts\spring-tool-suite-4-4.26.0.RELEASE-e4.33.0-win32.win32.x86_64\sts-4.26.0.RELEASE\plugins\org.eclipse.m2e.maven.runtime_3.9.900.20240824-1409\jars\httpcore-4.4.16.jar
2025-01-04 23:03:41,554 [Worker-46: Launching Executing clean in F__WorkSpace6AM_BOOT_01SpringBootFirstApp] INFO  o.eclipse.m2e.core.internal.Bundles - 	Entry: F:\MySts\spring-tool-suite-4-4.26.0.RELEASE-e4.33.0-win32.win32.x86_64\sts-4.26.0.RELEASE\plugins\org.eclipse.m2e.maven.runtime_3.9.900.20240824-1409\jars\jansi-2.4.1.jar
2025-01-04 23:03:41,554 [Worker-46: Launching Executing clean in F__WorkSpace6AM_BOOT_01SpringBootFirstApp] INFO  o.eclipse.m2e.core.internal.Bundles - 	Entry: F:\MySts\spring-tool-suite-4-4.26.0.RELEASE-e4.33.0-win32.win32.x86_64\sts-4.26.0.RELEASE\plugins\org.eclipse.m2e.maven.runtime_3.9.900.20240824-1409\jars\jcl-over-slf4j-1.7.36.jar
2025-01-04 23:03:41,554 [Worker-46: Launching Executing clean in F__WorkSpace6AM_BOOT_01SpringBootFirstApp] INFO  o.eclipse.m2e.core.internal.Bundles - 	Entry: F:\MySts\spring-tool-suite-4-4.26.0.RELEASE-e4.33.0-win32.win32.x86_64\sts-4.26.0.RELEASE\plugins\org.eclipse.m2e.maven.runtime_3.9.900.20240824-1409\jars\maven-artifact-3.9.9.jar
2025-01-04 23:03:41,554 [Worker-46: Launching Executing clean in F__WorkSpace6AM_BOOT_01SpringBootFirstApp] INFO  o.eclipse.m2e.core.internal.Bundles - 	Entry: F:\MySts\spring-tool-suite-4-4.26.0.RELEASE-e4.33.0-win32.win32.x86_64\sts-4.26.0.RELEASE\plugins\org.eclipse.m2e.maven.runtime_3.9.900.20240824-1409\jars\maven-builder-support-3.9.9.jar
2025-01-04 23:03:41,554 [Worker-46: Launching Executing clean in F__WorkSpace6AM_BOOT_01SpringBootFirstApp] INFO  o.eclipse.m2e.core.internal.Bundles - 	Entry: F:\MySts\spring-tool-suite-4-4.26.0.RELEASE-e4.33.0-win32.win32.x86_64\sts-4.26.0.RELEASE\plugins\org.eclipse.m2e.maven.runtime_3.9.900.20240824-1409\jars\maven-compat-3.9.9.jar
2025-01-04 23:03:41,554 [Worker-46: Launching Executing clean in F__WorkSpace6AM_BOOT_01SpringBootFirstApp] INFO  o.eclipse.m2e.core.internal.Bundles - 	Entry: F:\MySts\spring-tool-suite-4-4.26.0.RELEASE-e4.33.0-win32.win32.x86_64\sts-4.26.0.RELEASE\plugins\org.eclipse.m2e.maven.runtime_3.9.900.20240824-1409\jars\maven-core-3.9.9.jar
2025-01-04 23:03:41,556 [Worker-46: Launching Executing clean in F__WorkSpace6AM_BOOT_01SpringBootFirstApp] INFO  o.eclipse.m2e.core.internal.Bundles - 	Entry: F:\MySts\spring-tool-suite-4-4.26.0.RELEASE-e4.33.0-win32.win32.x86_64\sts-4.26.0.RELEASE\plugins\org.eclipse.m2e.maven.runtime_3.9.900.20240824-1409\jars\maven-embedder-3.9.9.jar
2025-01-04 23:03:41,556 [Worker-46: Launching Executing clean in F__WorkSpace6AM_BOOT_01SpringBootFirstApp] INFO  o.eclipse.m2e.core.internal.Bundles - 	Entry: F:\MySts\spring-tool-suite-4-4.26.0.RELEASE-e4.33.0-win32.win32.x86_64\sts-4.26.0.RELEASE\plugins\org.eclipse.m2e.maven.runtime_3.9.900.20240824-1409\jars\maven-model-3.9.9.jar
2025-01-04 23:03:41,556 [Worker-46: Launching Executing clean in F__WorkSpace6AM_BOOT_01SpringBootFirstApp] INFO  o.eclipse.m2e.core.internal.Bundles - 	Entry: F:\MySts\spring-tool-suite-4-4.26.0.RELEASE-e4.33.0-win32.win32.x86_64\sts-4.26.0.RELEASE\plugins\org.eclipse.m2e.maven.runtime_3.9.900.20240824-1409\jars\maven-model-builder-3.9.9.jar
2025-01-04 23:03:41,556 [Worker-46: Launching Executing clean in F__WorkSpace6AM_BOOT_01SpringBootFirstApp] INFO  o.eclipse.m2e.core.internal.Bundles - 	Entry: F:\MySts\spring-tool-suite-4-4.26.0.RELEASE-e4.33.0-win32.win32.x86_64\sts-4.26.0.RELEASE\plugins\org.eclipse.m2e.maven.runtime_3.9.900.20240824-1409\jars\maven-plugin-api-3.9.9.jar
2025-01-04 23:03:41,556 [Worker-46: Launching Executing clean in F__WorkSpace6AM_BOOT_01SpringBootFirstApp] INFO  o.eclipse.m2e.core.internal.Bundles - 	Entry: F:\MySts\spring-tool-suite-4-4.26.0.RELEASE-e4.33.0-win32.win32.x86_64\sts-4.26.0.RELEASE\plugins\org.eclipse.m2e.maven.runtime_3.9.900.20240824-1409\jars\maven-repository-metadata-3.9.9.jar
2025-01-04 23:03:41,556 [Worker-46: Launching Executing clean in F__WorkSpace6AM_BOOT_01SpringBootFirstApp] INFO  o.eclipse.m2e.core.internal.Bundles - 	Entry: F:\MySts\spring-tool-suite-4-4.26.0.RELEASE-e4.33.0-win32.win32.x86_64\sts-4.26.0.RELEASE\plugins\org.eclipse.m2e.maven.runtime_3.9.900.20240824-1409\jars\maven-resolver-api-1.9.22.jar
2025-01-04 23:03:41,556 [Worker-46: Launching Executing clean in F__WorkSpace6AM_BOOT_01SpringBootFirstApp] INFO  o.eclipse.m2e.core.internal.Bundles - 	Entry: F:\MySts\spring-tool-suite-4-4.26.0.RELEASE-e4.33.0-win32.win32.x86_64\sts-4.26.0.RELEASE\plugins\org.eclipse.m2e.maven.runtime_3.9.900.20240824-1409\jars\maven-resolver-connector-basic-1.9.22.jar
2025-01-04 23:03:41,556 [Worker-46: Launching Executing clean in F__WorkSpace6AM_BOOT_01SpringBootFirstApp] INFO  o.eclipse.m2e.core.internal.Bundles - 	Entry: F:\MySts\spring-tool-suite-4-4.26.0.RELEASE-e4.33.0-win32.win32.x86_64\sts-4.26.0.RELEASE\plugins\org.eclipse.m2e.maven.runtime_3.9.900.20240824-1409\jars\maven-resolver-impl-1.9.22.jar
2025-01-04 23:03:41,556 [Worker-46: Launching Executing clean in F__WorkSpace6AM_BOOT_01SpringBootFirstApp] INFO  o.eclipse.m2e.core.internal.Bundles - 	Entry: F:\MySts\spring-tool-suite-4-4.26.0.RELEASE-e4.33.0-win32.win32.x86_64\sts-4.26.0.RELEASE\plugins\org.eclipse.m2e.maven.runtime_3.9.900.20240824-1409\jars\maven-resolver-named-locks-1.9.22.jar
2025-01-04 23:03:41,556 [Worker-46: Launching Executing clean in F__WorkSpace6AM_BOOT_01SpringBootFirstApp] INFO  o.eclipse.m2e.core.internal.Bundles - 	Entry: F:\MySts\spring-tool-suite-4-4.26.0.RELEASE-e4.33.0-win32.win32.x86_64\sts-4.26.0.RELEASE\plugins\org.eclipse.m2e.maven.runtime_3.9.900.20240824-1409\jars\maven-resolver-provider-3.9.9.jar
2025-01-04 23:03:41,556 [Worker-46: Launching Executing clean in F__WorkSpace6AM_BOOT_01SpringBootFirstApp] INFO  o.eclipse.m2e.core.internal.Bundles - 	Entry: F:\MySts\spring-tool-suite-4-4.26.0.RELEASE-e4.33.0-win32.win32.x86_64\sts-4.26.0.RELEASE\plugins\org.eclipse.m2e.maven.runtime_3.9.900.20240824-1409\jars\maven-resolver-spi-1.9.22.jar
2025-01-04 23:03:41,556 [Worker-46: Launching Executing clean in F__WorkSpace6AM_BOOT_01SpringBootFirstApp] INFO  o.eclipse.m2e.core.internal.Bundles - 	Entry: F:\MySts\spring-tool-suite-4-4.26.0.RELEASE-e4.33.0-win32.win32.x86_64\sts-4.26.0.RELEASE\plugins\org.eclipse.m2e.maven.runtime_3.9.900.20240824-1409\jars\maven-resolver-transport-file-1.9.22.jar
2025-01-04 23:03:41,556 [Worker-46: Launching Executing clean in F__WorkSpace6AM_BOOT_01SpringBootFirstApp] INFO  o.eclipse.m2e.core.internal.Bundles - 	Entry: F:\MySts\spring-tool-suite-4-4.26.0.RELEASE-e4.33.0-win32.win32.x86_64\sts-4.26.0.RELEASE\plugins\org.eclipse.m2e.maven.runtime_3.9.900.20240824-1409\jars\maven-resolver-transport-http-1.9.22.jar
2025-01-04 23:03:41,556 [Worker-46: Launching Executing clean in F__WorkSpace6AM_BOOT_01SpringBootFirstApp] INFO  o.eclipse.m2e.core.internal.Bundles - 	Entry: F:\MySts\spring-tool-suite-4-4.26.0.RELEASE-e4.33.0-win32.win32.x86_64\sts-4.26.0.RELEASE\plugins\org.eclipse.m2e.maven.runtime_3.9.900.20240824-1409\jars\maven-resolver-transport-wagon-1.9.22.jar
2025-01-04 23:03:41,556 [Worker-46: Launching Executing clean in F__WorkSpace6AM_BOOT_01SpringBootFirstApp] INFO  o.eclipse.m2e.core.internal.Bundles - 	Entry: F:\MySts\spring-tool-suite-4-4.26.0.RELEASE-e4.33.0-win32.win32.x86_64\sts-4.26.0.RELEASE\plugins\org.eclipse.m2e.maven.runtime_3.9.900.20240824-1409\jars\maven-resolver-util-1.9.22.jar
2025-01-04 23:03:41,557 [Worker-46: Launching Executing clean in F__WorkSpace6AM_BOOT_01SpringBootFirstApp] INFO  o.eclipse.m2e.core.internal.Bundles - 	Entry: F:\MySts\spring-tool-suite-4-4.26.0.RELEASE-e4.33.0-win32.win32.x86_64\sts-4.26.0.RELEASE\plugins\org.eclipse.m2e.maven.runtime_3.9.900.20240824-1409\jars\maven-settings-3.9.9.jar
2025-01-04 23:03:41,557 [Worker-46: Launching Executing clean in F__WorkSpace6AM_BOOT_01SpringBootFirstApp] INFO  o.eclipse.m2e.core.internal.Bundles - 	Entry: F:\MySts\spring-tool-suite-4-4.26.0.RELEASE-e4.33.0-win32.win32.x86_64\sts-4.26.0.RELEASE\plugins\org.eclipse.m2e.maven.runtime_3.9.900.20240824-1409\jars\maven-settings-builder-3.9.9.jar
2025-01-04 23:03:41,557 [Worker-46: Launching Executing clean in F__WorkSpace6AM_BOOT_01SpringBootFirstApp] INFO  o.eclipse.m2e.core.internal.Bundles - 	Entry: F:\MySts\spring-tool-suite-4-4.26.0.RELEASE-e4.33.0-win32.win32.x86_64\sts-4.26.0.RELEASE\plugins\org.eclipse.m2e.maven.runtime_3.9.900.20240824-1409\jars\maven-shared-utils-3.4.2.jar
2025-01-04 23:03:41,557 [Worker-46: Launching Executing clean in F__WorkSpace6AM_BOOT_01SpringBootFirstApp] INFO  o.eclipse.m2e.core.internal.Bundles - 	Entry: F:\MySts\spring-tool-suite-4-4.26.0.RELEASE-e4.33.0-win32.win32.x86_64\sts-4.26.0.RELEASE\plugins\org.eclipse.m2e.maven.runtime_3.9.900.20240824-1409\jars\org.eclipse.sisu.inject-0.9.0.M3.jar
2025-01-04 23:03:41,557 [Worker-46: Launching Executing clean in F__WorkSpace6AM_BOOT_01SpringBootFirstApp] INFO  o.eclipse.m2e.core.internal.Bundles - 	Entry: F:\MySts\spring-tool-suite-4-4.26.0.RELEASE-e4.33.0-win32.win32.x86_64\sts-4.26.0.RELEASE\plugins\org.eclipse.m2e.maven.runtime_3.9.900.20240824-1409\jars\org.eclipse.sisu.plexus-0.9.0.M3.jar
2025-01-04 23:03:41,557 [Worker-46: Launching Executing clean in F__WorkSpace6AM_BOOT_01SpringBootFirstApp] INFO  o.eclipse.m2e.core.internal.Bundles - 	Entry: F:\MySts\spring-tool-suite-4-4.26.0.RELEASE-e4.33.0-win32.win32.x86_64\sts-4.26.0.RELEASE\plugins\org.eclipse.m2e.maven.runtime_3.9.900.20240824-1409\jars\plexus-build-api-0.0.7.jar
2025-01-04 23:03:41,557 [Worker-46: Launching Executing clean in F__WorkSpace6AM_BOOT_01SpringBootFirstApp] INFO  o.eclipse.m2e.core.internal.Bundles - 	Entry: F:\MySts\spring-tool-suite-4-4.26.0.RELEASE-e4.33.0-win32.win32.x86_64\sts-4.26.0.RELEASE\plugins\org.eclipse.m2e.maven.runtime_3.9.900.20240824-1409\jars\plexus-build-api-1.2.0.jar
2025-01-04 23:03:41,557 [Worker-46: Launching Executing clean in F__WorkSpace6AM_BOOT_01SpringBootFirstApp] INFO  o.eclipse.m2e.core.internal.Bundles - 	Entry: F:\MySts\spring-tool-suite-4-4.26.0.RELEASE-e4.33.0-win32.win32.x86_64\sts-4.26.0.RELEASE\plugins\org.eclipse.m2e.maven.runtime_3.9.900.20240824-1409\jars\plexus-cipher-2.0.jar
2025-01-04 23:03:41,557 [Worker-46: Launching Executing clean in F__WorkSpace6AM_BOOT_01SpringBootFirstApp] INFO  o.eclipse.m2e.core.internal.Bundles - 	Entry: F:\MySts\spring-tool-suite-4-4.26.0.RELEASE-e4.33.0-win32.win32.x86_64\sts-4.26.0.RELEASE\plugins\org.eclipse.m2e.maven.runtime_3.9.900.20240824-1409\jars\plexus-classworlds-2.8.0.jar
2025-01-04 23:03:41,557 [Worker-46: Launching Executing clean in F__WorkSpace6AM_BOOT_01SpringBootFirstApp] INFO  o.eclipse.m2e.core.internal.Bundles - 	Entry: F:\MySts\spring-tool-suite-4-4.26.0.RELEASE-e4.33.0-win32.win32.x86_64\sts-4.26.0.RELEASE\plugins\org.eclipse.m2e.maven.runtime_3.9.900.20240824-1409\jars\plexus-component-annotations-2.1.0.jar
2025-01-04 23:03:41,557 [Worker-46: Launching Executing clean in F__WorkSpace6AM_BOOT_01SpringBootFirstApp] INFO  o.eclipse.m2e.core.internal.Bundles - 	Entry: F:\MySts\spring-tool-suite-4-4.26.0.RELEASE-e4.33.0-win32.win32.x86_64\sts-4.26.0.RELEASE\plugins\org.eclipse.m2e.maven.runtime_3.9.900.20240824-1409\jars\plexus-interpolation-1.27.jar
2025-01-04 23:03:41,557 [Worker-46: Launching Executing clean in F__WorkSpace6AM_BOOT_01SpringBootFirstApp] INFO  o.eclipse.m2e.core.internal.Bundles - 	Entry: F:\MySts\spring-tool-suite-4-4.26.0.RELEASE-e4.33.0-win32.win32.x86_64\sts-4.26.0.RELEASE\plugins\org.eclipse.m2e.maven.runtime_3.9.900.20240824-1409\jars\plexus-sec-dispatcher-2.0.jar
2025-01-04 23:03:41,557 [Worker-46: Launching Executing clean in F__WorkSpace6AM_BOOT_01SpringBootFirstApp] INFO  o.eclipse.m2e.core.internal.Bundles - 	Entry: F:\MySts\spring-tool-suite-4-4.26.0.RELEASE-e4.33.0-win32.win32.x86_64\sts-4.26.0.RELEASE\plugins\org.eclipse.m2e.maven.runtime_3.9.900.20240824-1409\jars\plexus-utils-3.5.1.jar
2025-01-04 23:03:41,557 [Worker-46: Launching Executing clean in F__WorkSpace6AM_BOOT_01SpringBootFirstApp] INFO  o.eclipse.m2e.core.internal.Bundles - 	Entry: F:\MySts\spring-tool-suite-4-4.26.0.RELEASE-e4.33.0-win32.win32.x86_64\sts-4.26.0.RELEASE\plugins\org.eclipse.m2e.maven.runtime_3.9.900.20240824-1409\jars\plexus-xml-3.0.1.jar
2025-01-04 23:03:41,558 [Worker-46: Launching Executing clean in F__WorkSpace6AM_BOOT_01SpringBootFirstApp] INFO  o.eclipse.m2e.core.internal.Bundles - 	Entry: F:\MySts\spring-tool-suite-4-4.26.0.RELEASE-e4.33.0-win32.win32.x86_64\sts-4.26.0.RELEASE\plugins\org.eclipse.m2e.maven.runtime_3.9.900.20240824-1409\jars\wagon-file-3.5.3.jar
2025-01-04 23:03:41,558 [Worker-46: Launching Executing clean in F__WorkSpace6AM_BOOT_01SpringBootFirstApp] INFO  o.eclipse.m2e.core.internal.Bundles - 	Entry: F:\MySts\spring-tool-suite-4-4.26.0.RELEASE-e4.33.0-win32.win32.x86_64\sts-4.26.0.RELEASE\plugins\org.eclipse.m2e.maven.runtime_3.9.900.20240824-1409\jars\wagon-http-3.5.3.jar
2025-01-04 23:03:41,558 [Worker-46: Launching Executing clean in F__WorkSpace6AM_BOOT_01SpringBootFirstApp] INFO  o.eclipse.m2e.core.internal.Bundles - 	Entry: F:\MySts\spring-tool-suite-4-4.26.0.RELEASE-e4.33.0-win32.win32.x86_64\sts-4.26.0.RELEASE\plugins\org.eclipse.m2e.maven.runtime_3.9.900.20240824-1409\jars\wagon-http-shared-3.5.3.jar
2025-01-04 23:03:41,558 [Worker-46: Launching Executing clean in F__WorkSpace6AM_BOOT_01SpringBootFirstApp] INFO  o.eclipse.m2e.core.internal.Bundles - 	Entry: F:\MySts\spring-tool-suite-4-4.26.0.RELEASE-e4.33.0-win32.win32.x86_64\sts-4.26.0.RELEASE\plugins\org.eclipse.m2e.maven.runtime_3.9.900.20240824-1409\jars\wagon-provider-api-3.5.3.jar
2025-01-04 23:03:41,559 [Worker-46: Launching Executing clean in F__WorkSpace6AM_BOOT_01SpringBootFirstApp] INFO  o.eclipse.m2e.core.internal.Bundles - getClasspathEntries(Bundle=com.google.guava_33.3.0.jre [29])
2025-01-04 23:03:41,559 [Worker-46: Launching Executing clean in F__WorkSpace6AM_BOOT_01SpringBootFirstApp] INFO  o.eclipse.m2e.core.internal.Bundles - 	Entry: F:\MySts\spring-tool-suite-4-4.26.0.RELEASE-e4.33.0-win32.win32.x86_64\sts-4.26.0.RELEASE\plugins\com.google.guava_33.3.0.jre.jar
2025-01-04 23:03:41,559 [Worker-46: Launching Executing clean in F__WorkSpace6AM_BOOT_01SpringBootFirstApp] INFO  o.eclipse.m2e.core.internal.Bundles - getClasspathEntries(Bundle=slf4j.api_2.0.16 [593])
2025-01-04 23:03:41,560 [Worker-46: Launching Executing clean in F__WorkSpace6AM_BOOT_01SpringBootFirstApp] INFO  o.eclipse.m2e.core.internal.Bundles - 	Entry: F:\MySts\spring-tool-suite-4-4.26.0.RELEASE-e4.33.0-win32.win32.x86_64\sts-4.26.0.RELEASE\plugins\slf4j.api_2.0.16.jar
2025-01-04 23:03:41,560 [Worker-46: Launching Executing clean in F__WorkSpace6AM_BOOT_01SpringBootFirstApp] INFO  o.eclipse.m2e.core.internal.Bundles - getClasspathEntries(Bundle=jakarta.inject.jakarta.inject-api_1.0.5 [45])
2025-01-04 23:03:41,560 [Worker-46: Launching Executing clean in F__WorkSpace6AM_BOOT_01SpringBootFirstApp] INFO  o.eclipse.m2e.core.internal.Bundles - 	Entry: F:\MySts\spring-tool-suite-4-4.26.0.RELEASE-e4.33.0-win32.win32.x86_64\sts-4.26.0.RELEASE\plugins\jakarta.inject.jakarta.inject-api_1.0.5.jar
2025-01-04 23:03:41,560 [Worker-46: Launching Executing clean in F__WorkSpace6AM_BOOT_01SpringBootFirstApp] INFO  o.eclipse.m2e.core.internal.Bundles - getClasspathEntries(Bundle=jakarta.annotation-api_1.3.5 [41])
2025-01-04 23:03:41,560 [Worker-46: Launching Executing clean in F__WorkSpace6AM_BOOT_01SpringBootFirstApp] INFO  o.eclipse.m2e.core.internal.Bundles - 	Entry: F:\MySts\spring-tool-suite-4-4.26.0.RELEASE-e4.33.0-win32.win32.x86_64\sts-4.26.0.RELEASE\plugins\jakarta.annotation-api_1.3.5.jar
2025-01-04 23:03:41,560 [Worker-46: Launching Executing clean in F__WorkSpace6AM_BOOT_01SpringBootFirstApp] INFO  o.eclipse.m2e.core.internal.Bundles - getClasspathEntries(Bundle=org.apache.commons.cli_1.9.0 [77])
2025-01-04 23:03:41,560 [Worker-46: Launching Executing clean in F__WorkSpace6AM_BOOT_01SpringBootFirstApp] INFO  o.eclipse.m2e.core.internal.Bundles - 	Entry: F:\MySts\spring-tool-suite-4-4.26.0.RELEASE-e4.33.0-win32.win32.x86_64\sts-4.26.0.RELEASE\plugins\org.apache.commons.cli_1.9.0.jar
2025-01-04 23:03:41,560 [Worker-46: Launching Executing clean in F__WorkSpace6AM_BOOT_01SpringBootFirstApp] INFO  o.eclipse.m2e.core.internal.Bundles - getClasspathEntries(Bundle=org.apache.commons.commons-codec_1.16.0 [80])
2025-01-04 23:03:41,571 [Worker-46: Launching Executing clean in F__WorkSpace6AM_BOOT_01SpringBootFirstApp] INFO  o.eclipse.m2e.core.internal.Bundles - 	Entry: F:\MySts\spring-tool-suite-4-4.26.0.RELEASE-e4.33.0-win32.win32.x86_64\sts-4.26.0.RELEASE\plugins\org.apache.commons.commons-codec_1.16.0.jar
2025-01-04 23:03:41,571 [Worker-46: Launching Executing clean in F__WorkSpace6AM_BOOT_01SpringBootFirstApp] INFO  o.eclipse.m2e.core.internal.Bundles - getClasspathEntries(Bundle=com.google.guava.failureaccess_1.0.2 [30])
2025-01-04 23:03:41,571 [Worker-46: Launching Executing clean in F__WorkSpace6AM_BOOT_01SpringBootFirstApp] INFO  o.eclipse.m2e.core.internal.Bundles - 	Entry: F:\MySts\spring-tool-suite-4-4.26.0.RELEASE-e4.33.0-win32.win32.x86_64\sts-4.26.0.RELEASE\plugins\com.google.guava.failureaccess_1.0.2.jar
2025-01-04 23:03:41,587 [Worker-46: Launching Executing clean in F__WorkSpace6AM_BOOT_01SpringBootFirstApp] INFO  o.e.m.i.launch.MavenLaunchDelegate - Run build in "F:\WorkSpace6AM_BOOT\01SpringBootFirstApp":
2025-01-04 23:03:41,589 [Worker-46: Launching Executing clean in F__WorkSpace6AM_BOOT_01SpringBootFirstApp] INFO  o.e.m.i.launch.MavenLaunchDelegate -  mvn  -Ppom.xml -B -Dstyle.color=always clean
2025-01-04 23:03:46,177 [Worker-48: Building] INFO  o.a.m.s.f.DefaultMavenResourcesFiltering - Copying 1 resource from src\main\resources to target\classes
2025-01-04 23:03:46,183 [Worker-48: Building] INFO  o.a.m.s.f.DefaultMavenResourcesFiltering - Copying 0 resource from src\main\resources to target\classes
2025-01-04 23:03:46,186 [Worker-48: Building] INFO  o.a.m.s.f.DefaultMavenResourcesFiltering - skip non existing resourceDirectory F:\WorkSpace6AM_BOOT\01SpringBootFirstApp\src\test\resources
2025-01-04 23:04:06,895 [Worker-52: Building] INFO  o.e.m.c.i.l.LifecycleMappingFactory - Using org.eclipse.m2e.jdt.JarLifecycleMapping lifecycle mapping for MavenProject: com.app.zayyni:01SpringBootFirstApp:1.0 @ F:\WorkSpace6AM_BOOT\01SpringBootFirstApp\pom.xml.
2025-01-04 23:04:07,358 [Worker-52: Building] INFO  o.a.m.s.f.DefaultMavenResourcesFiltering - Copying 0 resource from src\main\resources to target\classes
2025-01-04 23:04:07,360 [Worker-52: Building] INFO  o.a.m.s.f.DefaultMavenResourcesFiltering - Copying 0 resource from src\main\resources to target\classes
2025-01-04 23:04:07,365 [Worker-52: Building] INFO  o.a.m.s.f.DefaultMavenResourcesFiltering - skip non existing resourceDirectory F:\WorkSpace6AM_BOOT\01SpringBootFirstApp\src\test\resources
2025-01-04 23:04:25,803 [Worker-53: Launching Executing clean in F__WorkSpace6AM_BOOT_01SpringBootFirstApp] INFO  o.eclipse.m2e.core.internal.Bundles - getClasspathEntries(Bundle=org.eclipse.m2e.maven.runtime_3.9.900.20240824-1409 [360])
2025-01-04 23:04:25,804 [Worker-53: Launching Executing clean in F__WorkSpace6AM_BOOT_01SpringBootFirstApp] INFO  o.eclipse.m2e.core.internal.Bundles - 	Entry: F:\MySts\spring-tool-suite-4-4.26.0.RELEASE-e4.33.0-win32.win32.x86_64\sts-4.26.0.RELEASE\plugins\org.eclipse.m2e.maven.runtime_3.9.900.20240824-1409
2025-01-04 23:04:25,804 [Worker-53: Launching Executing clean in F__WorkSpace6AM_BOOT_01SpringBootFirstApp] INFO  o.eclipse.m2e.core.internal.Bundles - 	Entry: F:\MySts\spring-tool-suite-4-4.26.0.RELEASE-e4.33.0-win32.win32.x86_64\sts-4.26.0.RELEASE\plugins\org.eclipse.m2e.maven.runtime_3.9.900.20240824-1409\jars\aopalliance-1.0.jar
2025-01-04 23:04:25,804 [Worker-53: Launching Executing clean in F__WorkSpace6AM_BOOT_01SpringBootFirstApp] INFO  o.eclipse.m2e.core.internal.Bundles - 	Entry: F:\MySts\spring-tool-suite-4-4.26.0.RELEASE-e4.33.0-win32.win32.x86_64\sts-4.26.0.RELEASE\plugins\org.eclipse.m2e.maven.runtime_3.9.900.20240824-1409\jars\guice-5.1.0.jar
2025-01-04 23:04:25,804 [Worker-53: Launching Executing clean in F__WorkSpace6AM_BOOT_01SpringBootFirstApp] INFO  o.eclipse.m2e.core.internal.Bundles - 	Entry: F:\MySts\spring-tool-suite-4-4.26.0.RELEASE-e4.33.0-win32.win32.x86_64\sts-4.26.0.RELEASE\plugins\org.eclipse.m2e.maven.runtime_3.9.900.20240824-1409\jars\httpclient-4.5.14.jar
2025-01-04 23:04:25,804 [Worker-53: Launching Executing clean in F__WorkSpace6AM_BOOT_01SpringBootFirstApp] INFO  o.eclipse.m2e.core.internal.Bundles - 	Entry: F:\MySts\spring-tool-suite-4-4.26.0.RELEASE-e4.33.0-win32.win32.x86_64\sts-4.26.0.RELEASE\plugins\org.eclipse.m2e.maven.runtime_3.9.900.20240824-1409\jars\httpcore-4.4.16.jar
2025-01-04 23:04:25,804 [Worker-53: Launching Executing clean in F__WorkSpace6AM_BOOT_01SpringBootFirstApp] INFO  o.eclipse.m2e.core.internal.Bundles - 	Entry: F:\MySts\spring-tool-suite-4-4.26.0.RELEASE-e4.33.0-win32.win32.x86_64\sts-4.26.0.RELEASE\plugins\org.eclipse.m2e.maven.runtime_3.9.900.20240824-1409\jars\jansi-2.4.1.jar
2025-01-04 23:04:25,804 [Worker-53: Launching Executing clean in F__WorkSpace6AM_BOOT_01SpringBootFirstApp] INFO  o.eclipse.m2e.core.internal.Bundles - 	Entry: F:\MySts\spring-tool-suite-4-4.26.0.RELEASE-e4.33.0-win32.win32.x86_64\sts-4.26.0.RELEASE\plugins\org.eclipse.m2e.maven.runtime_3.9.900.20240824-1409\jars\jcl-over-slf4j-1.7.36.jar
2025-01-04 23:04:25,804 [Worker-53: Launching Executing clean in F__WorkSpace6AM_BOOT_01SpringBootFirstApp] INFO  o.eclipse.m2e.core.internal.Bundles - 	Entry: F:\MySts\spring-tool-suite-4-4.26.0.RELEASE-e4.33.0-win32.win32.x86_64\sts-4.26.0.RELEASE\plugins\org.eclipse.m2e.maven.runtime_3.9.900.20240824-1409\jars\maven-artifact-3.9.9.jar
2025-01-04 23:04:25,804 [Worker-53: Launching Executing clean in F__WorkSpace6AM_BOOT_01SpringBootFirstApp] INFO  o.eclipse.m2e.core.internal.Bundles - 	Entry: F:\MySts\spring-tool-suite-4-4.26.0.RELEASE-e4.33.0-win32.win32.x86_64\sts-4.26.0.RELEASE\plugins\org.eclipse.m2e.maven.runtime_3.9.900.20240824-1409\jars\maven-builder-support-3.9.9.jar
2025-01-04 23:04:25,804 [Worker-53: Launching Executing clean in F__WorkSpace6AM_BOOT_01SpringBootFirstApp] INFO  o.eclipse.m2e.core.internal.Bundles - 	Entry: F:\MySts\spring-tool-suite-4-4.26.0.RELEASE-e4.33.0-win32.win32.x86_64\sts-4.26.0.RELEASE\plugins\org.eclipse.m2e.maven.runtime_3.9.900.20240824-1409\jars\maven-compat-3.9.9.jar
2025-01-04 23:04:25,805 [Worker-53: Launching Executing clean in F__WorkSpace6AM_BOOT_01SpringBootFirstApp] INFO  o.eclipse.m2e.core.internal.Bundles - 	Entry: F:\MySts\spring-tool-suite-4-4.26.0.RELEASE-e4.33.0-win32.win32.x86_64\sts-4.26.0.RELEASE\plugins\org.eclipse.m2e.maven.runtime_3.9.900.20240824-1409\jars\maven-core-3.9.9.jar
2025-01-04 23:04:25,805 [Worker-53: Launching Executing clean in F__WorkSpace6AM_BOOT_01SpringBootFirstApp] INFO  o.eclipse.m2e.core.internal.Bundles - 	Entry: F:\MySts\spring-tool-suite-4-4.26.0.RELEASE-e4.33.0-win32.win32.x86_64\sts-4.26.0.RELEASE\plugins\org.eclipse.m2e.maven.runtime_3.9.900.20240824-1409\jars\maven-embedder-3.9.9.jar
2025-01-04 23:04:25,805 [Worker-53: Launching Executing clean in F__WorkSpace6AM_BOOT_01SpringBootFirstApp] INFO  o.eclipse.m2e.core.internal.Bundles - 	Entry: F:\MySts\spring-tool-suite-4-4.26.0.RELEASE-e4.33.0-win32.win32.x86_64\sts-4.26.0.RELEASE\plugins\org.eclipse.m2e.maven.runtime_3.9.900.20240824-1409\jars\maven-model-3.9.9.jar
2025-01-04 23:04:25,805 [Worker-53: Launching Executing clean in F__WorkSpace6AM_BOOT_01SpringBootFirstApp] INFO  o.eclipse.m2e.core.internal.Bundles - 	Entry: F:\MySts\spring-tool-suite-4-4.26.0.RELEASE-e4.33.0-win32.win32.x86_64\sts-4.26.0.RELEASE\plugins\org.eclipse.m2e.maven.runtime_3.9.900.20240824-1409\jars\maven-model-builder-3.9.9.jar
2025-01-04 23:04:25,805 [Worker-53: Launching Executing clean in F__WorkSpace6AM_BOOT_01SpringBootFirstApp] INFO  o.eclipse.m2e.core.internal.Bundles - 	Entry: F:\MySts\spring-tool-suite-4-4.26.0.RELEASE-e4.33.0-win32.win32.x86_64\sts-4.26.0.RELEASE\plugins\org.eclipse.m2e.maven.runtime_3.9.900.20240824-1409\jars\maven-plugin-api-3.9.9.jar
2025-01-04 23:04:25,805 [Worker-53: Launching Executing clean in F__WorkSpace6AM_BOOT_01SpringBootFirstApp] INFO  o.eclipse.m2e.core.internal.Bundles - 	Entry: F:\MySts\spring-tool-suite-4-4.26.0.RELEASE-e4.33.0-win32.win32.x86_64\sts-4.26.0.RELEASE\plugins\org.eclipse.m2e.maven.runtime_3.9.900.20240824-1409\jars\maven-repository-metadata-3.9.9.jar
2025-01-04 23:04:25,805 [Worker-53: Launching Executing clean in F__WorkSpace6AM_BOOT_01SpringBootFirstApp] INFO  o.eclipse.m2e.core.internal.Bundles - 	Entry: F:\MySts\spring-tool-suite-4-4.26.0.RELEASE-e4.33.0-win32.win32.x86_64\sts-4.26.0.RELEASE\plugins\org.eclipse.m2e.maven.runtime_3.9.900.20240824-1409\jars\maven-resolver-api-1.9.22.jar
2025-01-04 23:04:25,805 [Worker-53: Launching Executing clean in F__WorkSpace6AM_BOOT_01SpringBootFirstApp] INFO  o.eclipse.m2e.core.internal.Bundles - 	Entry: F:\MySts\spring-tool-suite-4-4.26.0.RELEASE-e4.33.0-win32.win32.x86_64\sts-4.26.0.RELEASE\plugins\org.eclipse.m2e.maven.runtime_3.9.900.20240824-1409\jars\maven-resolver-connector-basic-1.9.22.jar
2025-01-04 23:04:25,805 [Worker-53: Launching Executing clean in F__WorkSpace6AM_BOOT_01SpringBootFirstApp] INFO  o.eclipse.m2e.core.internal.Bundles - 	Entry: F:\MySts\spring-tool-suite-4-4.26.0.RELEASE-e4.33.0-win32.win32.x86_64\sts-4.26.0.RELEASE\plugins\org.eclipse.m2e.maven.runtime_3.9.900.20240824-1409\jars\maven-resolver-impl-1.9.22.jar
2025-01-04 23:04:25,805 [Worker-53: Launching Executing clean in F__WorkSpace6AM_BOOT_01SpringBootFirstApp] INFO  o.eclipse.m2e.core.internal.Bundles - 	Entry: F:\MySts\spring-tool-suite-4-4.26.0.RELEASE-e4.33.0-win32.win32.x86_64\sts-4.26.0.RELEASE\plugins\org.eclipse.m2e.maven.runtime_3.9.900.20240824-1409\jars\maven-resolver-named-locks-1.9.22.jar
2025-01-04 23:04:25,805 [Worker-53: Launching Executing clean in F__WorkSpace6AM_BOOT_01SpringBootFirstApp] INFO  o.eclipse.m2e.core.internal.Bundles - 	Entry: F:\MySts\spring-tool-suite-4-4.26.0.RELEASE-e4.33.0-win32.win32.x86_64\sts-4.26.0.RELEASE\plugins\org.eclipse.m2e.maven.runtime_3.9.900.20240824-1409\jars\maven-resolver-provider-3.9.9.jar
2025-01-04 23:04:25,805 [Worker-53: Launching Executing clean in F__WorkSpace6AM_BOOT_01SpringBootFirstApp] INFO  o.eclipse.m2e.core.internal.Bundles - 	Entry: F:\MySts\spring-tool-suite-4-4.26.0.RELEASE-e4.33.0-win32.win32.x86_64\sts-4.26.0.RELEASE\plugins\org.eclipse.m2e.maven.runtime_3.9.900.20240824-1409\jars\maven-resolver-spi-1.9.22.jar
2025-01-04 23:04:25,805 [Worker-53: Launching Executing clean in F__WorkSpace6AM_BOOT_01SpringBootFirstApp] INFO  o.eclipse.m2e.core.internal.Bundles - 	Entry: F:\MySts\spring-tool-suite-4-4.26.0.RELEASE-e4.33.0-win32.win32.x86_64\sts-4.26.0.RELEASE\plugins\org.eclipse.m2e.maven.runtime_3.9.900.20240824-1409\jars\maven-resolver-transport-file-1.9.22.jar
2025-01-04 23:04:25,805 [Worker-53: Launching Executing clean in F__WorkSpace6AM_BOOT_01SpringBootFirstApp] INFO  o.eclipse.m2e.core.internal.Bundles - 	Entry: F:\MySts\spring-tool-suite-4-4.26.0.RELEASE-e4.33.0-win32.win32.x86_64\sts-4.26.0.RELEASE\plugins\org.eclipse.m2e.maven.runtime_3.9.900.20240824-1409\jars\maven-resolver-transport-http-1.9.22.jar
2025-01-04 23:04:25,806 [Worker-53: Launching Executing clean in F__WorkSpace6AM_BOOT_01SpringBootFirstApp] INFO  o.eclipse.m2e.core.internal.Bundles - 	Entry: F:\MySts\spring-tool-suite-4-4.26.0.RELEASE-e4.33.0-win32.win32.x86_64\sts-4.26.0.RELEASE\plugins\org.eclipse.m2e.maven.runtime_3.9.900.20240824-1409\jars\maven-resolver-transport-wagon-1.9.22.jar
2025-01-04 23:04:25,806 [Worker-53: Launching Executing clean in F__WorkSpace6AM_BOOT_01SpringBootFirstApp] INFO  o.eclipse.m2e.core.internal.Bundles - 	Entry: F:\MySts\spring-tool-suite-4-4.26.0.RELEASE-e4.33.0-win32.win32.x86_64\sts-4.26.0.RELEASE\plugins\org.eclipse.m2e.maven.runtime_3.9.900.20240824-1409\jars\maven-resolver-util-1.9.22.jar
2025-01-04 23:04:25,806 [Worker-53: Launching Executing clean in F__WorkSpace6AM_BOOT_01SpringBootFirstApp] INFO  o.eclipse.m2e.core.internal.Bundles - 	Entry: F:\MySts\spring-tool-suite-4-4.26.0.RELEASE-e4.33.0-win32.win32.x86_64\sts-4.26.0.RELEASE\plugins\org.eclipse.m2e.maven.runtime_3.9.900.20240824-1409\jars\maven-settings-3.9.9.jar
2025-01-04 23:04:25,806 [Worker-53: Launching Executing clean in F__WorkSpace6AM_BOOT_01SpringBootFirstApp] INFO  o.eclipse.m2e.core.internal.Bundles - 	Entry: F:\MySts\spring-tool-suite-4-4.26.0.RELEASE-e4.33.0-win32.win32.x86_64\sts-4.26.0.RELEASE\plugins\org.eclipse.m2e.maven.runtime_3.9.900.20240824-1409\jars\maven-settings-builder-3.9.9.jar
2025-01-04 23:04:25,806 [Worker-53: Launching Executing clean in F__WorkSpace6AM_BOOT_01SpringBootFirstApp] INFO  o.eclipse.m2e.core.internal.Bundles - 	Entry: F:\MySts\spring-tool-suite-4-4.26.0.RELEASE-e4.33.0-win32.win32.x86_64\sts-4.26.0.RELEASE\plugins\org.eclipse.m2e.maven.runtime_3.9.900.20240824-1409\jars\maven-shared-utils-3.4.2.jar
2025-01-04 23:04:25,806 [Worker-53: Launching Executing clean in F__WorkSpace6AM_BOOT_01SpringBootFirstApp] INFO  o.eclipse.m2e.core.internal.Bundles - 	Entry: F:\MySts\spring-tool-suite-4-4.26.0.RELEASE-e4.33.0-win32.win32.x86_64\sts-4.26.0.RELEASE\plugins\org.eclipse.m2e.maven.runtime_3.9.900.20240824-1409\jars\org.eclipse.sisu.inject-0.9.0.M3.jar
2025-01-04 23:04:25,806 [Worker-53: Launching Executing clean in F__WorkSpace6AM_BOOT_01SpringBootFirstApp] INFO  o.eclipse.m2e.core.internal.Bundles - 	Entry: F:\MySts\spring-tool-suite-4-4.26.0.RELEASE-e4.33.0-win32.win32.x86_64\sts-4.26.0.RELEASE\plugins\org.eclipse.m2e.maven.runtime_3.9.900.20240824-1409\jars\org.eclipse.sisu.plexus-0.9.0.M3.jar
2025-01-04 23:04:25,806 [Worker-53: Launching Executing clean in F__WorkSpace6AM_BOOT_01SpringBootFirstApp] INFO  o.eclipse.m2e.core.internal.Bundles - 	Entry: F:\MySts\spring-tool-suite-4-4.26.0.RELEASE-e4.33.0-win32.win32.x86_64\sts-4.26.0.RELEASE\plugins\org.eclipse.m2e.maven.runtime_3.9.900.20240824-1409\jars\plexus-build-api-0.0.7.jar
2025-01-04 23:04:25,806 [Worker-53: Launching Executing clean in F__WorkSpace6AM_BOOT_01SpringBootFirstApp] INFO  o.eclipse.m2e.core.internal.Bundles - 	Entry: F:\MySts\spring-tool-suite-4-4.26.0.RELEASE-e4.33.0-win32.win32.x86_64\sts-4.26.0.RELEASE\plugins\org.eclipse.m2e.maven.runtime_3.9.900.20240824-1409\jars\plexus-build-api-1.2.0.jar
2025-01-04 23:04:25,806 [Worker-53: Launching Executing clean in F__WorkSpace6AM_BOOT_01SpringBootFirstApp] INFO  o.eclipse.m2e.core.internal.Bundles - 	Entry: F:\MySts\spring-tool-suite-4-4.26.0.RELEASE-e4.33.0-win32.win32.x86_64\sts-4.26.0.RELEASE\plugins\org.eclipse.m2e.maven.runtime_3.9.900.20240824-1409\jars\plexus-cipher-2.0.jar
2025-01-04 23:04:25,806 [Worker-53: Launching Executing clean in F__WorkSpace6AM_BOOT_01SpringBootFirstApp] INFO  o.eclipse.m2e.core.internal.Bundles - 	Entry: F:\MySts\spring-tool-suite-4-4.26.0.RELEASE-e4.33.0-win32.win32.x86_64\sts-4.26.0.RELEASE\plugins\org.eclipse.m2e.maven.runtime_3.9.900.20240824-1409\jars\plexus-classworlds-2.8.0.jar
2025-01-04 23:04:25,806 [Worker-53: Launching Executing clean in F__WorkSpace6AM_BOOT_01SpringBootFirstApp] INFO  o.eclipse.m2e.core.internal.Bundles - 	Entry: F:\MySts\spring-tool-suite-4-4.26.0.RELEASE-e4.33.0-win32.win32.x86_64\sts-4.26.0.RELEASE\plugins\org.eclipse.m2e.maven.runtime_3.9.900.20240824-1409\jars\plexus-component-annotations-2.1.0.jar
2025-01-04 23:04:25,806 [Worker-53: Launching Executing clean in F__WorkSpace6AM_BOOT_01SpringBootFirstApp] INFO  o.eclipse.m2e.core.internal.Bundles - 	Entry: F:\MySts\spring-tool-suite-4-4.26.0.RELEASE-e4.33.0-win32.win32.x86_64\sts-4.26.0.RELEASE\plugins\org.eclipse.m2e.maven.runtime_3.9.900.20240824-1409\jars\plexus-interpolation-1.27.jar
2025-01-04 23:04:25,806 [Worker-53: Launching Executing clean in F__WorkSpace6AM_BOOT_01SpringBootFirstApp] INFO  o.eclipse.m2e.core.internal.Bundles - 	Entry: F:\MySts\spring-tool-suite-4-4.26.0.RELEASE-e4.33.0-win32.win32.x86_64\sts-4.26.0.RELEASE\plugins\org.eclipse.m2e.maven.runtime_3.9.900.20240824-1409\jars\plexus-sec-dispatcher-2.0.jar
2025-01-04 23:04:25,806 [Worker-53: Launching Executing clean in F__WorkSpace6AM_BOOT_01SpringBootFirstApp] INFO  o.eclipse.m2e.core.internal.Bundles - 	Entry: F:\MySts\spring-tool-suite-4-4.26.0.RELEASE-e4.33.0-win32.win32.x86_64\sts-4.26.0.RELEASE\plugins\org.eclipse.m2e.maven.runtime_3.9.900.20240824-1409\jars\plexus-utils-3.5.1.jar
2025-01-04 23:04:25,807 [Worker-53: Launching Executing clean in F__WorkSpace6AM_BOOT_01SpringBootFirstApp] INFO  o.eclipse.m2e.core.internal.Bundles - 	Entry: F:\MySts\spring-tool-suite-4-4.26.0.RELEASE-e4.33.0-win32.win32.x86_64\sts-4.26.0.RELEASE\plugins\org.eclipse.m2e.maven.runtime_3.9.900.20240824-1409\jars\plexus-xml-3.0.1.jar
2025-01-04 23:04:25,807 [Worker-53: Launching Executing clean in F__WorkSpace6AM_BOOT_01SpringBootFirstApp] INFO  o.eclipse.m2e.core.internal.Bundles - 	Entry: F:\MySts\spring-tool-suite-4-4.26.0.RELEASE-e4.33.0-win32.win32.x86_64\sts-4.26.0.RELEASE\plugins\org.eclipse.m2e.maven.runtime_3.9.900.20240824-1409\jars\wagon-file-3.5.3.jar
2025-01-04 23:04:25,807 [Worker-53: Launching Executing clean in F__WorkSpace6AM_BOOT_01SpringBootFirstApp] INFO  o.eclipse.m2e.core.internal.Bundles - 	Entry: F:\MySts\spring-tool-suite-4-4.26.0.RELEASE-e4.33.0-win32.win32.x86_64\sts-4.26.0.RELEASE\plugins\org.eclipse.m2e.maven.runtime_3.9.900.20240824-1409\jars\wagon-http-3.5.3.jar
2025-01-04 23:04:25,807 [Worker-53: Launching Executing clean in F__WorkSpace6AM_BOOT_01SpringBootFirstApp] INFO  o.eclipse.m2e.core.internal.Bundles - 	Entry: F:\MySts\spring-tool-suite-4-4.26.0.RELEASE-e4.33.0-win32.win32.x86_64\sts-4.26.0.RELEASE\plugins\org.eclipse.m2e.maven.runtime_3.9.900.20240824-1409\jars\wagon-http-shared-3.5.3.jar
2025-01-04 23:04:25,807 [Worker-53: Launching Executing clean in F__WorkSpace6AM_BOOT_01SpringBootFirstApp] INFO  o.eclipse.m2e.core.internal.Bundles - 	Entry: F:\MySts\spring-tool-suite-4-4.26.0.RELEASE-e4.33.0-win32.win32.x86_64\sts-4.26.0.RELEASE\plugins\org.eclipse.m2e.maven.runtime_3.9.900.20240824-1409\jars\wagon-provider-api-3.5.3.jar
2025-01-04 23:04:25,807 [Worker-53: Launching Executing clean in F__WorkSpace6AM_BOOT_01SpringBootFirstApp] INFO  o.eclipse.m2e.core.internal.Bundles - getClasspathEntries(Bundle=com.google.guava_33.3.0.jre [29])
2025-01-04 23:04:25,807 [Worker-53: Launching Executing clean in F__WorkSpace6AM_BOOT_01SpringBootFirstApp] INFO  o.eclipse.m2e.core.internal.Bundles - 	Entry: F:\MySts\spring-tool-suite-4-4.26.0.RELEASE-e4.33.0-win32.win32.x86_64\sts-4.26.0.RELEASE\plugins\com.google.guava_33.3.0.jre.jar
2025-01-04 23:04:25,807 [Worker-53: Launching Executing clean in F__WorkSpace6AM_BOOT_01SpringBootFirstApp] INFO  o.eclipse.m2e.core.internal.Bundles - getClasspathEntries(Bundle=slf4j.api_2.0.16 [593])
2025-01-04 23:04:25,808 [Worker-53: Launching Executing clean in F__WorkSpace6AM_BOOT_01SpringBootFirstApp] INFO  o.eclipse.m2e.core.internal.Bundles - 	Entry: F:\MySts\spring-tool-suite-4-4.26.0.RELEASE-e4.33.0-win32.win32.x86_64\sts-4.26.0.RELEASE\plugins\slf4j.api_2.0.16.jar
2025-01-04 23:04:25,808 [Worker-53: Launching Executing clean in F__WorkSpace6AM_BOOT_01SpringBootFirstApp] INFO  o.eclipse.m2e.core.internal.Bundles - getClasspathEntries(Bundle=jakarta.inject.jakarta.inject-api_1.0.5 [45])
2025-01-04 23:04:25,808 [Worker-53: Launching Executing clean in F__WorkSpace6AM_BOOT_01SpringBootFirstApp] INFO  o.eclipse.m2e.core.internal.Bundles - 	Entry: F:\MySts\spring-tool-suite-4-4.26.0.RELEASE-e4.33.0-win32.win32.x86_64\sts-4.26.0.RELEASE\plugins\jakarta.inject.jakarta.inject-api_1.0.5.jar
2025-01-04 23:04:25,808 [Worker-53: Launching Executing clean in F__WorkSpace6AM_BOOT_01SpringBootFirstApp] INFO  o.eclipse.m2e.core.internal.Bundles - getClasspathEntries(Bundle=jakarta.annotation-api_1.3.5 [41])
2025-01-04 23:04:25,808 [Worker-53: Launching Executing clean in F__WorkSpace6AM_BOOT_01SpringBootFirstApp] INFO  o.eclipse.m2e.core.internal.Bundles - 	Entry: F:\MySts\spring-tool-suite-4-4.26.0.RELEASE-e4.33.0-win32.win32.x86_64\sts-4.26.0.RELEASE\plugins\jakarta.annotation-api_1.3.5.jar
2025-01-04 23:04:25,808 [Worker-53: Launching Executing clean in F__WorkSpace6AM_BOOT_01SpringBootFirstApp] INFO  o.eclipse.m2e.core.internal.Bundles - getClasspathEntries(Bundle=org.apache.commons.cli_1.9.0 [77])
2025-01-04 23:04:25,808 [Worker-53: Launching Executing clean in F__WorkSpace6AM_BOOT_01SpringBootFirstApp] INFO  o.eclipse.m2e.core.internal.Bundles - 	Entry: F:\MySts\spring-tool-suite-4-4.26.0.RELEASE-e4.33.0-win32.win32.x86_64\sts-4.26.0.RELEASE\plugins\org.apache.commons.cli_1.9.0.jar
2025-01-04 23:04:25,808 [Worker-53: Launching Executing clean in F__WorkSpace6AM_BOOT_01SpringBootFirstApp] INFO  o.eclipse.m2e.core.internal.Bundles - getClasspathEntries(Bundle=org.apache.commons.commons-codec_1.16.0 [80])
2025-01-04 23:04:25,809 [Worker-53: Launching Executing clean in F__WorkSpace6AM_BOOT_01SpringBootFirstApp] INFO  o.eclipse.m2e.core.internal.Bundles - 	Entry: F:\MySts\spring-tool-suite-4-4.26.0.RELEASE-e4.33.0-win32.win32.x86_64\sts-4.26.0.RELEASE\plugins\org.apache.commons.commons-codec_1.16.0.jar
2025-01-04 23:04:25,809 [Worker-53: Launching Executing clean in F__WorkSpace6AM_BOOT_01SpringBootFirstApp] INFO  o.eclipse.m2e.core.internal.Bundles - getClasspathEntries(Bundle=com.google.guava.failureaccess_1.0.2 [30])
2025-01-04 23:04:25,809 [Worker-53: Launching Executing clean in F__WorkSpace6AM_BOOT_01SpringBootFirstApp] INFO  o.eclipse.m2e.core.internal.Bundles - 	Entry: F:\MySts\spring-tool-suite-4-4.26.0.RELEASE-e4.33.0-win32.win32.x86_64\sts-4.26.0.RELEASE\plugins\com.google.guava.failureaccess_1.0.2.jar
2025-01-04 23:04:25,810 [Worker-53: Launching Executing clean in F__WorkSpace6AM_BOOT_01SpringBootFirstApp] INFO  o.e.m.i.launch.MavenLaunchDelegate - Run build in "F:\WorkSpace6AM_BOOT\01SpringBootFirstApp":
2025-01-04 23:04:25,810 [Worker-53: Launching Executing clean in F__WorkSpace6AM_BOOT_01SpringBootFirstApp] INFO  o.e.m.i.launch.MavenLaunchDelegate -  mvn  -Ppom.xml -B -Dstyle.color=always clean
2025-01-04 23:04:25,810 [Worker-53: Launching Executing clean in F__WorkSpace6AM_BOOT_01SpringBootFirstApp] WARN  o.e.m.i.l.MavenLaunchExtensionsSupport - Unknown or unsupported source locator org.eclipse.jdt.internal.launching.sourcelookup.advanced.AdvancedSourceLookupDirector
2025-01-04 23:04:29,529 [Worker-46: Building] INFO  o.a.m.s.f.DefaultMavenResourcesFiltering - Copying 1 resource from src\main\resources to target\classes
2025-01-04 23:04:29,543 [Worker-46: Building] INFO  o.a.m.s.f.DefaultMavenResourcesFiltering - Copying 0 resource from src\main\resources to target\classes
2025-01-04 23:04:29,546 [Worker-46: Building] INFO  o.a.m.s.f.DefaultMavenResourcesFiltering - skip non existing resourceDirectory F:\WorkSpace6AM_BOOT\01SpringBootFirstApp\src\test\resources
2025-01-04 23:05:54,280 [Worker-1: Loading available Gradle versions] INFO  o.e.b.c.i.u.g.PublishedGradleVersions - Gradle version information cache is up-to-date. Trying to read.
2025-01-04 23:06:12,320 [Worker-2: Launching Executing clean in F__WorkSpace6AM_BOOT_01SpringBootFirstApp] INFO  o.eclipse.m2e.core.internal.Bundles - getClasspathEntries(Bundle=org.eclipse.m2e.maven.runtime_3.9.900.20240824-1409 [360])
2025-01-04 23:06:12,338 [Worker-2: Launching Executing clean in F__WorkSpace6AM_BOOT_01SpringBootFirstApp] INFO  o.eclipse.m2e.core.internal.Bundles - 	Entry: F:\MySts\spring-tool-suite-4-4.26.0.RELEASE-e4.33.0-win32.win32.x86_64\sts-4.26.0.RELEASE\plugins\org.eclipse.m2e.maven.runtime_3.9.900.20240824-1409
2025-01-04 23:06:12,339 [Worker-2: Launching Executing clean in F__WorkSpace6AM_BOOT_01SpringBootFirstApp] INFO  o.eclipse.m2e.core.internal.Bundles - 	Entry: F:\MySts\spring-tool-suite-4-4.26.0.RELEASE-e4.33.0-win32.win32.x86_64\sts-4.26.0.RELEASE\plugins\org.eclipse.m2e.maven.runtime_3.9.900.20240824-1409\jars\aopalliance-1.0.jar
2025-01-04 23:06:12,339 [Worker-2: Launching Executing clean in F__WorkSpace6AM_BOOT_01SpringBootFirstApp] INFO  o.eclipse.m2e.core.internal.Bundles - 	Entry: F:\MySts\spring-tool-suite-4-4.26.0.RELEASE-e4.33.0-win32.win32.x86_64\sts-4.26.0.RELEASE\plugins\org.eclipse.m2e.maven.runtime_3.9.900.20240824-1409\jars\guice-5.1.0.jar
2025-01-04 23:06:12,339 [Worker-2: Launching Executing clean in F__WorkSpace6AM_BOOT_01SpringBootFirstApp] INFO  o.eclipse.m2e.core.internal.Bundles - 	Entry: F:\MySts\spring-tool-suite-4-4.26.0.RELEASE-e4.33.0-win32.win32.x86_64\sts-4.26.0.RELEASE\plugins\org.eclipse.m2e.maven.runtime_3.9.900.20240824-1409\jars\httpclient-4.5.14.jar
2025-01-04 23:06:12,339 [Worker-2: Launching Executing clean in F__WorkSpace6AM_BOOT_01SpringBootFirstApp] INFO  o.eclipse.m2e.core.internal.Bundles - 	Entry: F:\MySts\spring-tool-suite-4-4.26.0.RELEASE-e4.33.0-win32.win32.x86_64\sts-4.26.0.RELEASE\plugins\org.eclipse.m2e.maven.runtime_3.9.900.20240824-1409\jars\httpcore-4.4.16.jar
2025-01-04 23:06:12,339 [Worker-2: Launching Executing clean in F__WorkSpace6AM_BOOT_01SpringBootFirstApp] INFO  o.eclipse.m2e.core.internal.Bundles - 	Entry: F:\MySts\spring-tool-suite-4-4.26.0.RELEASE-e4.33.0-win32.win32.x86_64\sts-4.26.0.RELEASE\plugins\org.eclipse.m2e.maven.runtime_3.9.900.20240824-1409\jars\jansi-2.4.1.jar
2025-01-04 23:06:12,340 [Worker-2: Launching Executing clean in F__WorkSpace6AM_BOOT_01SpringBootFirstApp] INFO  o.eclipse.m2e.core.internal.Bundles - 	Entry: F:\MySts\spring-tool-suite-4-4.26.0.RELEASE-e4.33.0-win32.win32.x86_64\sts-4.26.0.RELEASE\plugins\org.eclipse.m2e.maven.runtime_3.9.900.20240824-1409\jars\jcl-over-slf4j-1.7.36.jar
2025-01-04 23:06:12,340 [Worker-2: Launching Executing clean in F__WorkSpace6AM_BOOT_01SpringBootFirstApp] INFO  o.eclipse.m2e.core.internal.Bundles - 	Entry: F:\MySts\spring-tool-suite-4-4.26.0.RELEASE-e4.33.0-win32.win32.x86_64\sts-4.26.0.RELEASE\plugins\org.eclipse.m2e.maven.runtime_3.9.900.20240824-1409\jars\maven-artifact-3.9.9.jar
2025-01-04 23:06:12,340 [Worker-2: Launching Executing clean in F__WorkSpace6AM_BOOT_01SpringBootFirstApp] INFO  o.eclipse.m2e.core.internal.Bundles - 	Entry: F:\MySts\spring-tool-suite-4-4.26.0.RELEASE-e4.33.0-win32.win32.x86_64\sts-4.26.0.RELEASE\plugins\org.eclipse.m2e.maven.runtime_3.9.900.20240824-1409\jars\maven-builder-support-3.9.9.jar
2025-01-04 23:06:12,340 [Worker-2: Launching Executing clean in F__WorkSpace6AM_BOOT_01SpringBootFirstApp] INFO  o.eclipse.m2e.core.internal.Bundles - 	Entry: F:\MySts\spring-tool-suite-4-4.26.0.RELEASE-e4.33.0-win32.win32.x86_64\sts-4.26.0.RELEASE\plugins\org.eclipse.m2e.maven.runtime_3.9.900.20240824-1409\jars\maven-compat-3.9.9.jar
2025-01-04 23:06:12,340 [Worker-2: Launching Executing clean in F__WorkSpace6AM_BOOT_01SpringBootFirstApp] INFO  o.eclipse.m2e.core.internal.Bundles - 	Entry: F:\MySts\spring-tool-suite-4-4.26.0.RELEASE-e4.33.0-win32.win32.x86_64\sts-4.26.0.RELEASE\plugins\org.eclipse.m2e.maven.runtime_3.9.900.20240824-1409\jars\maven-core-3.9.9.jar
2025-01-04 23:06:12,340 [Worker-2: Launching Executing clean in F__WorkSpace6AM_BOOT_01SpringBootFirstApp] INFO  o.eclipse.m2e.core.internal.Bundles - 	Entry: F:\MySts\spring-tool-suite-4-4.26.0.RELEASE-e4.33.0-win32.win32.x86_64\sts-4.26.0.RELEASE\plugins\org.eclipse.m2e.maven.runtime_3.9.900.20240824-1409\jars\maven-embedder-3.9.9.jar
2025-01-04 23:06:12,340 [Worker-2: Launching Executing clean in F__WorkSpace6AM_BOOT_01SpringBootFirstApp] INFO  o.eclipse.m2e.core.internal.Bundles - 	Entry: F:\MySts\spring-tool-suite-4-4.26.0.RELEASE-e4.33.0-win32.win32.x86_64\sts-4.26.0.RELEASE\plugins\org.eclipse.m2e.maven.runtime_3.9.900.20240824-1409\jars\maven-model-3.9.9.jar
2025-01-04 23:06:12,340 [Worker-2: Launching Executing clean in F__WorkSpace6AM_BOOT_01SpringBootFirstApp] INFO  o.eclipse.m2e.core.internal.Bundles - 	Entry: F:\MySts\spring-tool-suite-4-4.26.0.RELEASE-e4.33.0-win32.win32.x86_64\sts-4.26.0.RELEASE\plugins\org.eclipse.m2e.maven.runtime_3.9.900.20240824-1409\jars\maven-model-builder-3.9.9.jar
2025-01-04 23:06:12,341 [Worker-2: Launching Executing clean in F__WorkSpace6AM_BOOT_01SpringBootFirstApp] INFO  o.eclipse.m2e.core.internal.Bundles - 	Entry: F:\MySts\spring-tool-suite-4-4.26.0.RELEASE-e4.33.0-win32.win32.x86_64\sts-4.26.0.RELEASE\plugins\org.eclipse.m2e.maven.runtime_3.9.900.20240824-1409\jars\maven-plugin-api-3.9.9.jar
2025-01-04 23:06:12,341 [Worker-2: Launching Executing clean in F__WorkSpace6AM_BOOT_01SpringBootFirstApp] INFO  o.eclipse.m2e.core.internal.Bundles - 	Entry: F:\MySts\spring-tool-suite-4-4.26.0.RELEASE-e4.33.0-win32.win32.x86_64\sts-4.26.0.RELEASE\plugins\org.eclipse.m2e.maven.runtime_3.9.900.20240824-1409\jars\maven-repository-metadata-3.9.9.jar
2025-01-04 23:06:12,341 [Worker-2: Launching Executing clean in F__WorkSpace6AM_BOOT_01SpringBootFirstApp] INFO  o.eclipse.m2e.core.internal.Bundles - 	Entry: F:\MySts\spring-tool-suite-4-4.26.0.RELEASE-e4.33.0-win32.win32.x86_64\sts-4.26.0.RELEASE\plugins\org.eclipse.m2e.maven.runtime_3.9.900.20240824-1409\jars\maven-resolver-api-1.9.22.jar
2025-01-04 23:06:12,341 [Worker-2: Launching Executing clean in F__WorkSpace6AM_BOOT_01SpringBootFirstApp] INFO  o.eclipse.m2e.core.internal.Bundles - 	Entry: F:\MySts\spring-tool-suite-4-4.26.0.RELEASE-e4.33.0-win32.win32.x86_64\sts-4.26.0.RELEASE\plugins\org.eclipse.m2e.maven.runtime_3.9.900.20240824-1409\jars\maven-resolver-connector-basic-1.9.22.jar
2025-01-04 23:06:12,341 [Worker-2: Launching Executing clean in F__WorkSpace6AM_BOOT_01SpringBootFirstApp] INFO  o.eclipse.m2e.core.internal.Bundles - 	Entry: F:\MySts\spring-tool-suite-4-4.26.0.RELEASE-e4.33.0-win32.win32.x86_64\sts-4.26.0.RELEASE\plugins\org.eclipse.m2e.maven.runtime_3.9.900.20240824-1409\jars\maven-resolver-impl-1.9.22.jar
2025-01-04 23:06:12,341 [Worker-2: Launching Executing clean in F__WorkSpace6AM_BOOT_01SpringBootFirstApp] INFO  o.eclipse.m2e.core.internal.Bundles - 	Entry: F:\MySts\spring-tool-suite-4-4.26.0.RELEASE-e4.33.0-win32.win32.x86_64\sts-4.26.0.RELEASE\plugins\org.eclipse.m2e.maven.runtime_3.9.900.20240824-1409\jars\maven-resolver-named-locks-1.9.22.jar
2025-01-04 23:06:12,341 [Worker-2: Launching Executing clean in F__WorkSpace6AM_BOOT_01SpringBootFirstApp] INFO  o.eclipse.m2e.core.internal.Bundles - 	Entry: F:\MySts\spring-tool-suite-4-4.26.0.RELEASE-e4.33.0-win32.win32.x86_64\sts-4.26.0.RELEASE\plugins\org.eclipse.m2e.maven.runtime_3.9.900.20240824-1409\jars\maven-resolver-provider-3.9.9.jar
2025-01-04 23:06:12,341 [Worker-2: Launching Executing clean in F__WorkSpace6AM_BOOT_01SpringBootFirstApp] INFO  o.eclipse.m2e.core.internal.Bundles - 	Entry: F:\MySts\spring-tool-suite-4-4.26.0.RELEASE-e4.33.0-win32.win32.x86_64\sts-4.26.0.RELEASE\plugins\org.eclipse.m2e.maven.runtime_3.9.900.20240824-1409\jars\maven-resolver-spi-1.9.22.jar
2025-01-04 23:06:12,341 [Worker-2: Launching Executing clean in F__WorkSpace6AM_BOOT_01SpringBootFirstApp] INFO  o.eclipse.m2e.core.internal.Bundles - 	Entry: F:\MySts\spring-tool-suite-4-4.26.0.RELEASE-e4.33.0-win32.win32.x86_64\sts-4.26.0.RELEASE\plugins\org.eclipse.m2e.maven.runtime_3.9.900.20240824-1409\jars\maven-resolver-transport-file-1.9.22.jar
2025-01-04 23:06:12,342 [Worker-2: Launching Executing clean in F__WorkSpace6AM_BOOT_01SpringBootFirstApp] INFO  o.eclipse.m2e.core.internal.Bundles - 	Entry: F:\MySts\spring-tool-suite-4-4.26.0.RELEASE-e4.33.0-win32.win32.x86_64\sts-4.26.0.RELEASE\plugins\org.eclipse.m2e.maven.runtime_3.9.900.20240824-1409\jars\maven-resolver-transport-http-1.9.22.jar
2025-01-04 23:06:12,342 [Worker-2: Launching Executing clean in F__WorkSpace6AM_BOOT_01SpringBootFirstApp] INFO  o.eclipse.m2e.core.internal.Bundles - 	Entry: F:\MySts\spring-tool-suite-4-4.26.0.RELEASE-e4.33.0-win32.win32.x86_64\sts-4.26.0.RELEASE\plugins\org.eclipse.m2e.maven.runtime_3.9.900.20240824-1409\jars\maven-resolver-transport-wagon-1.9.22.jar
2025-01-04 23:06:12,342 [Worker-2: Launching Executing clean in F__WorkSpace6AM_BOOT_01SpringBootFirstApp] INFO  o.eclipse.m2e.core.internal.Bundles - 	Entry: F:\MySts\spring-tool-suite-4-4.26.0.RELEASE-e4.33.0-win32.win32.x86_64\sts-4.26.0.RELEASE\plugins\org.eclipse.m2e.maven.runtime_3.9.900.20240824-1409\jars\maven-resolver-util-1.9.22.jar
2025-01-04 23:06:12,342 [Worker-2: Launching Executing clean in F__WorkSpace6AM_BOOT_01SpringBootFirstApp] INFO  o.eclipse.m2e.core.internal.Bundles - 	Entry: F:\MySts\spring-tool-suite-4-4.26.0.RELEASE-e4.33.0-win32.win32.x86_64\sts-4.26.0.RELEASE\plugins\org.eclipse.m2e.maven.runtime_3.9.900.20240824-1409\jars\maven-settings-3.9.9.jar
2025-01-04 23:06:12,342 [Worker-2: Launching Executing clean in F__WorkSpace6AM_BOOT_01SpringBootFirstApp] INFO  o.eclipse.m2e.core.internal.Bundles - 	Entry: F:\MySts\spring-tool-suite-4-4.26.0.RELEASE-e4.33.0-win32.win32.x86_64\sts-4.26.0.RELEASE\plugins\org.eclipse.m2e.maven.runtime_3.9.900.20240824-1409\jars\maven-settings-builder-3.9.9.jar
2025-01-04 23:06:12,342 [Worker-2: Launching Executing clean in F__WorkSpace6AM_BOOT_01SpringBootFirstApp] INFO  o.eclipse.m2e.core.internal.Bundles - 	Entry: F:\MySts\spring-tool-suite-4-4.26.0.RELEASE-e4.33.0-win32.win32.x86_64\sts-4.26.0.RELEASE\plugins\org.eclipse.m2e.maven.runtime_3.9.900.20240824-1409\jars\maven-shared-utils-3.4.2.jar
2025-01-04 23:06:12,342 [Worker-2: Launching Executing clean in F__WorkSpace6AM_BOOT_01SpringBootFirstApp] INFO  o.eclipse.m2e.core.internal.Bundles - 	Entry: F:\MySts\spring-tool-suite-4-4.26.0.RELEASE-e4.33.0-win32.win32.x86_64\sts-4.26.0.RELEASE\plugins\org.eclipse.m2e.maven.runtime_3.9.900.20240824-1409\jars\org.eclipse.sisu.inject-0.9.0.M3.jar
2025-01-04 23:06:12,342 [Worker-2: Launching Executing clean in F__WorkSpace6AM_BOOT_01SpringBootFirstApp] INFO  o.eclipse.m2e.core.internal.Bundles - 	Entry: F:\MySts\spring-tool-suite-4-4.26.0.RELEASE-e4.33.0-win32.win32.x86_64\sts-4.26.0.RELEASE\plugins\org.eclipse.m2e.maven.runtime_3.9.900.20240824-1409\jars\org.eclipse.sisu.plexus-0.9.0.M3.jar
2025-01-04 23:06:12,342 [Worker-2: Launching Executing clean in F__WorkSpace6AM_BOOT_01SpringBootFirstApp] INFO  o.eclipse.m2e.core.internal.Bundles - 	Entry: F:\MySts\spring-tool-suite-4-4.26.0.RELEASE-e4.33.0-win32.win32.x86_64\sts-4.26.0.RELEASE\plugins\org.eclipse.m2e.maven.runtime_3.9.900.20240824-1409\jars\plexus-build-api-0.0.7.jar
2025-01-04 23:06:12,342 [Worker-2: Launching Executing clean in F__WorkSpace6AM_BOOT_01SpringBootFirstApp] INFO  o.eclipse.m2e.core.internal.Bundles - 	Entry: F:\MySts\spring-tool-suite-4-4.26.0.RELEASE-e4.33.0-win32.win32.x86_64\sts-4.26.0.RELEASE\plugins\org.eclipse.m2e.maven.runtime_3.9.900.20240824-1409\jars\plexus-build-api-1.2.0.jar
2025-01-04 23:06:12,343 [Worker-2: Launching Executing clean in F__WorkSpace6AM_BOOT_01SpringBootFirstApp] INFO  o.eclipse.m2e.core.internal.Bundles - 	Entry: F:\MySts\spring-tool-suite-4-4.26.0.RELEASE-e4.33.0-win32.win32.x86_64\sts-4.26.0.RELEASE\plugins\org.eclipse.m2e.maven.runtime_3.9.900.20240824-1409\jars\plexus-cipher-2.0.jar
2025-01-04 23:06:12,343 [Worker-2: Launching Executing clean in F__WorkSpace6AM_BOOT_01SpringBootFirstApp] INFO  o.eclipse.m2e.core.internal.Bundles - 	Entry: F:\MySts\spring-tool-suite-4-4.26.0.RELEASE-e4.33.0-win32.win32.x86_64\sts-4.26.0.RELEASE\plugins\org.eclipse.m2e.maven.runtime_3.9.900.20240824-1409\jars\plexus-classworlds-2.8.0.jar
2025-01-04 23:06:12,343 [Worker-2: Launching Executing clean in F__WorkSpace6AM_BOOT_01SpringBootFirstApp] INFO  o.eclipse.m2e.core.internal.Bundles - 	Entry: F:\MySts\spring-tool-suite-4-4.26.0.RELEASE-e4.33.0-win32.win32.x86_64\sts-4.26.0.RELEASE\plugins\org.eclipse.m2e.maven.runtime_3.9.900.20240824-1409\jars\plexus-component-annotations-2.1.0.jar
2025-01-04 23:06:12,343 [Worker-2: Launching Executing clean in F__WorkSpace6AM_BOOT_01SpringBootFirstApp] INFO  o.eclipse.m2e.core.internal.Bundles - 	Entry: F:\MySts\spring-tool-suite-4-4.26.0.RELEASE-e4.33.0-win32.win32.x86_64\sts-4.26.0.RELEASE\plugins\org.eclipse.m2e.maven.runtime_3.9.900.20240824-1409\jars\plexus-interpolation-1.27.jar
2025-01-04 23:06:12,343 [Worker-2: Launching Executing clean in F__WorkSpace6AM_BOOT_01SpringBootFirstApp] INFO  o.eclipse.m2e.core.internal.Bundles - 	Entry: F:\MySts\spring-tool-suite-4-4.26.0.RELEASE-e4.33.0-win32.win32.x86_64\sts-4.26.0.RELEASE\plugins\org.eclipse.m2e.maven.runtime_3.9.900.20240824-1409\jars\plexus-sec-dispatcher-2.0.jar
2025-01-04 23:06:12,343 [Worker-2: Launching Executing clean in F__WorkSpace6AM_BOOT_01SpringBootFirstApp] INFO  o.eclipse.m2e.core.internal.Bundles - 	Entry: F:\MySts\spring-tool-suite-4-4.26.0.RELEASE-e4.33.0-win32.win32.x86_64\sts-4.26.0.RELEASE\plugins\org.eclipse.m2e.maven.runtime_3.9.900.20240824-1409\jars\plexus-utils-3.5.1.jar
2025-01-04 23:06:12,343 [Worker-2: Launching Executing clean in F__WorkSpace6AM_BOOT_01SpringBootFirstApp] INFO  o.eclipse.m2e.core.internal.Bundles - 	Entry: F:\MySts\spring-tool-suite-4-4.26.0.RELEASE-e4.33.0-win32.win32.x86_64\sts-4.26.0.RELEASE\plugins\org.eclipse.m2e.maven.runtime_3.9.900.20240824-1409\jars\plexus-xml-3.0.1.jar
2025-01-04 23:06:12,343 [Worker-2: Launching Executing clean in F__WorkSpace6AM_BOOT_01SpringBootFirstApp] INFO  o.eclipse.m2e.core.internal.Bundles - 	Entry: F:\MySts\spring-tool-suite-4-4.26.0.RELEASE-e4.33.0-win32.win32.x86_64\sts-4.26.0.RELEASE\plugins\org.eclipse.m2e.maven.runtime_3.9.900.20240824-1409\jars\wagon-file-3.5.3.jar
2025-01-04 23:06:12,343 [Worker-2: Launching Executing clean in F__WorkSpace6AM_BOOT_01SpringBootFirstApp] INFO  o.eclipse.m2e.core.internal.Bundles - 	Entry: F:\MySts\spring-tool-suite-4-4.26.0.RELEASE-e4.33.0-win32.win32.x86_64\sts-4.26.0.RELEASE\plugins\org.eclipse.m2e.maven.runtime_3.9.900.20240824-1409\jars\wagon-http-3.5.3.jar
2025-01-04 23:06:12,344 [Worker-2: Launching Executing clean in F__WorkSpace6AM_BOOT_01SpringBootFirstApp] INFO  o.eclipse.m2e.core.internal.Bundles - 	Entry: F:\MySts\spring-tool-suite-4-4.26.0.RELEASE-e4.33.0-win32.win32.x86_64\sts-4.26.0.RELEASE\plugins\org.eclipse.m2e.maven.runtime_3.9.900.20240824-1409\jars\wagon-http-shared-3.5.3.jar
2025-01-04 23:06:12,344 [Worker-2: Launching Executing clean in F__WorkSpace6AM_BOOT_01SpringBootFirstApp] INFO  o.eclipse.m2e.core.internal.Bundles - 	Entry: F:\MySts\spring-tool-suite-4-4.26.0.RELEASE-e4.33.0-win32.win32.x86_64\sts-4.26.0.RELEASE\plugins\org.eclipse.m2e.maven.runtime_3.9.900.20240824-1409\jars\wagon-provider-api-3.5.3.jar
2025-01-04 23:06:12,345 [Worker-2: Launching Executing clean in F__WorkSpace6AM_BOOT_01SpringBootFirstApp] INFO  o.eclipse.m2e.core.internal.Bundles - getClasspathEntries(Bundle=com.google.guava_33.3.0.jre [29])
2025-01-04 23:06:12,346 [Worker-2: Launching Executing clean in F__WorkSpace6AM_BOOT_01SpringBootFirstApp] INFO  o.eclipse.m2e.core.internal.Bundles - 	Entry: F:\MySts\spring-tool-suite-4-4.26.0.RELEASE-e4.33.0-win32.win32.x86_64\sts-4.26.0.RELEASE\plugins\com.google.guava_33.3.0.jre.jar
2025-01-04 23:06:12,346 [Worker-2: Launching Executing clean in F__WorkSpace6AM_BOOT_01SpringBootFirstApp] INFO  o.eclipse.m2e.core.internal.Bundles - getClasspathEntries(Bundle=slf4j.api_2.0.16 [593])
2025-01-04 23:06:12,346 [Worker-2: Launching Executing clean in F__WorkSpace6AM_BOOT_01SpringBootFirstApp] INFO  o.eclipse.m2e.core.internal.Bundles - 	Entry: F:\MySts\spring-tool-suite-4-4.26.0.RELEASE-e4.33.0-win32.win32.x86_64\sts-4.26.0.RELEASE\plugins\slf4j.api_2.0.16.jar
2025-01-04 23:06:12,346 [Worker-2: Launching Executing clean in F__WorkSpace6AM_BOOT_01SpringBootFirstApp] INFO  o.eclipse.m2e.core.internal.Bundles - getClasspathEntries(Bundle=jakarta.inject.jakarta.inject-api_1.0.5 [45])
2025-01-04 23:06:12,346 [Worker-2: Launching Executing clean in F__WorkSpace6AM_BOOT_01SpringBootFirstApp] INFO  o.eclipse.m2e.core.internal.Bundles - 	Entry: F:\MySts\spring-tool-suite-4-4.26.0.RELEASE-e4.33.0-win32.win32.x86_64\sts-4.26.0.RELEASE\plugins\jakarta.inject.jakarta.inject-api_1.0.5.jar
2025-01-04 23:06:12,346 [Worker-2: Launching Executing clean in F__WorkSpace6AM_BOOT_01SpringBootFirstApp] INFO  o.eclipse.m2e.core.internal.Bundles - getClasspathEntries(Bundle=jakarta.annotation-api_1.3.5 [41])
2025-01-04 23:06:12,347 [Worker-2: Launching Executing clean in F__WorkSpace6AM_BOOT_01SpringBootFirstApp] INFO  o.eclipse.m2e.core.internal.Bundles - 	Entry: F:\MySts\spring-tool-suite-4-4.26.0.RELEASE-e4.33.0-win32.win32.x86_64\sts-4.26.0.RELEASE\plugins\jakarta.annotation-api_1.3.5.jar
2025-01-04 23:06:12,347 [Worker-2: Launching Executing clean in F__WorkSpace6AM_BOOT_01SpringBootFirstApp] INFO  o.eclipse.m2e.core.internal.Bundles - getClasspathEntries(Bundle=org.apache.commons.cli_1.9.0 [77])
2025-01-04 23:06:12,347 [Worker-2: Launching Executing clean in F__WorkSpace6AM_BOOT_01SpringBootFirstApp] INFO  o.eclipse.m2e.core.internal.Bundles - 	Entry: F:\MySts\spring-tool-suite-4-4.26.0.RELEASE-e4.33.0-win32.win32.x86_64\sts-4.26.0.RELEASE\plugins\org.apache.commons.cli_1.9.0.jar
2025-01-04 23:06:12,347 [Worker-2: Launching Executing clean in F__WorkSpace6AM_BOOT_01SpringBootFirstApp] INFO  o.eclipse.m2e.core.internal.Bundles - getClasspathEntries(Bundle=org.apache.commons.commons-codec_1.16.0 [80])
2025-01-04 23:06:12,347 [Worker-2: Launching Executing clean in F__WorkSpace6AM_BOOT_01SpringBootFirstApp] INFO  o.eclipse.m2e.core.internal.Bundles - 	Entry: F:\MySts\spring-tool-suite-4-4.26.0.RELEASE-e4.33.0-win32.win32.x86_64\sts-4.26.0.RELEASE\plugins\org.apache.commons.commons-codec_1.16.0.jar
2025-01-04 23:06:12,347 [Worker-2: Launching Executing clean in F__WorkSpace6AM_BOOT_01SpringBootFirstApp] INFO  o.eclipse.m2e.core.internal.Bundles - getClasspathEntries(Bundle=com.google.guava.failureaccess_1.0.2 [30])
2025-01-04 23:06:12,347 [Worker-2: Launching Executing clean in F__WorkSpace6AM_BOOT_01SpringBootFirstApp] INFO  o.eclipse.m2e.core.internal.Bundles - 	Entry: F:\MySts\spring-tool-suite-4-4.26.0.RELEASE-e4.33.0-win32.win32.x86_64\sts-4.26.0.RELEASE\plugins\com.google.guava.failureaccess_1.0.2.jar
2025-01-04 23:06:12,350 [Worker-2: Launching Executing clean in F__WorkSpace6AM_BOOT_01SpringBootFirstApp] INFO  o.e.m.i.launch.MavenLaunchDelegate - Run build in "F:\WorkSpace6AM_BOOT\01SpringBootFirstApp":
2025-01-04 23:06:12,354 [Worker-2: Launching Executing clean in F__WorkSpace6AM_BOOT_01SpringBootFirstApp] INFO  o.e.m.i.launch.MavenLaunchDelegate -  mvn  -Ppom.xml -B -Dstyle.color=always clean
2025-01-04 23:06:16,097 [Worker-7: Building] INFO  o.a.m.s.f.DefaultMavenResourcesFiltering - Copying 1 resource from src\main\resources to target\classes
2025-01-04 23:06:16,113 [Worker-7: Building] INFO  o.a.m.s.f.DefaultMavenResourcesFiltering - Copying 0 resource from src\main\resources to target\classes
2025-01-04 23:06:16,119 [Worker-7: Building] INFO  o.a.m.s.f.DefaultMavenResourcesFiltering - skip non existing resourceDirectory F:\WorkSpace6AM_BOOT\01SpringBootFirstApp\src\test\resources
2025-01-04 23:06:55,399 [Worker-5: Building] INFO  o.e.m.c.i.l.LifecycleMappingFactory - Using org.eclipse.m2e.jdt.JarLifecycleMapping lifecycle mapping for MavenProject: com.app.zayyni:01SpringBootFirstApp:1.0 @ F:\WorkSpace6AM_BOOT\01SpringBootFirstApp\pom.xml.
2025-01-04 23:06:55,960 [Worker-5: Building] INFO  o.a.m.s.f.DefaultMavenResourcesFiltering - Copying 0 resource from src\main\resources to target\classes
2025-01-04 23:06:55,961 [Worker-5: Building] INFO  o.a.m.s.f.DefaultMavenResourcesFiltering - Copying 0 resource from src\main\resources to target\classes
2025-01-04 23:06:55,967 [Worker-5: Building] INFO  o.a.m.s.f.DefaultMavenResourcesFiltering - skip non existing resourceDirectory F:\WorkSpace6AM_BOOT\01SpringBootFirstApp\src\test\resources
2025-01-04 23:06:57,427 [Worker-1: Building] INFO  o.a.m.s.f.DefaultMavenResourcesFiltering - Copying 1 resource from src\main\resources to target\classes
2025-01-04 23:06:57,443 [Worker-1: Building] INFO  o.a.m.s.f.DefaultMavenResourcesFiltering - Copying 0 resource from src\main\resources to target\classes
2025-01-04 23:06:57,447 [Worker-1: Building] INFO  o.a.m.s.f.DefaultMavenResourcesFiltering - skip non existing resourceDirectory F:\WorkSpace6AM_BOOT\01SpringBootFirstApp\src\test\resources
2025-01-04 23:07:19,214 [Worker-3: Building] INFO  o.a.m.s.f.DefaultMavenResourcesFiltering - Copying 1 resource from src\main\resources to target\classes
2025-01-04 23:07:19,252 [Worker-3: Building] INFO  o.a.m.s.f.DefaultMavenResourcesFiltering - Copying 0 resource from src\main\resources to target\classes
2025-01-04 23:07:19,264 [Worker-3: Building] INFO  o.a.m.s.f.DefaultMavenResourcesFiltering - skip non existing resourceDirectory F:\WorkSpace6AM_BOOT\01SpringBootFirstApp\src\test\resources
2025-01-04 23:07:27,918 [Worker-5: Building] INFO  o.a.m.s.f.DefaultMavenResourcesFiltering - Copying 1 resource from src\main\resources to target\classes
2025-01-04 23:07:27,924 [Worker-5: Building] INFO  o.a.m.s.f.DefaultMavenResourcesFiltering - Copying 0 resource from src\main\resources to target\classes
2025-01-04 23:07:27,927 [Worker-5: Building] INFO  o.a.m.s.f.DefaultMavenResourcesFiltering - skip non existing resourceDirectory F:\WorkSpace6AM_BOOT\01SpringBootFirstApp\src\test\resources
2025-01-04 23:07:44,402 [Worker-6: Launching Executing clean in F__WorkSpace6AM_BOOT_01SpringBootFirstApp] INFO  o.eclipse.m2e.core.internal.Bundles - getClasspathEntries(Bundle=org.eclipse.m2e.maven.runtime_3.9.900.20240824-1409 [360])
2025-01-04 23:07:44,403 [Worker-6: Launching Executing clean in F__WorkSpace6AM_BOOT_01SpringBootFirstApp] INFO  o.eclipse.m2e.core.internal.Bundles - 	Entry: F:\MySts\spring-tool-suite-4-4.26.0.RELEASE-e4.33.0-win32.win32.x86_64\sts-4.26.0.RELEASE\plugins\org.eclipse.m2e.maven.runtime_3.9.900.20240824-1409
2025-01-04 23:07:44,403 [Worker-6: Launching Executing clean in F__WorkSpace6AM_BOOT_01SpringBootFirstApp] INFO  o.eclipse.m2e.core.internal.Bundles - 	Entry: F:\MySts\spring-tool-suite-4-4.26.0.RELEASE-e4.33.0-win32.win32.x86_64\sts-4.26.0.RELEASE\plugins\org.eclipse.m2e.maven.runtime_3.9.900.20240824-1409\jars\aopalliance-1.0.jar
2025-01-04 23:07:44,403 [Worker-6: Launching Executing clean in F__WorkSpace6AM_BOOT_01SpringBootFirstApp] INFO  o.eclipse.m2e.core.internal.Bundles - 	Entry: F:\MySts\spring-tool-suite-4-4.26.0.RELEASE-e4.33.0-win32.win32.x86_64\sts-4.26.0.RELEASE\plugins\org.eclipse.m2e.maven.runtime_3.9.900.20240824-1409\jars\guice-5.1.0.jar
2025-01-04 23:07:44,403 [Worker-6: Launching Executing clean in F__WorkSpace6AM_BOOT_01SpringBootFirstApp] INFO  o.eclipse.m2e.core.internal.Bundles - 	Entry: F:\MySts\spring-tool-suite-4-4.26.0.RELEASE-e4.33.0-win32.win32.x86_64\sts-4.26.0.RELEASE\plugins\org.eclipse.m2e.maven.runtime_3.9.900.20240824-1409\jars\httpclient-4.5.14.jar
2025-01-04 23:07:44,403 [Worker-6: Launching Executing clean in F__WorkSpace6AM_BOOT_01SpringBootFirstApp] INFO  o.eclipse.m2e.core.internal.Bundles - 	Entry: F:\MySts\spring-tool-suite-4-4.26.0.RELEASE-e4.33.0-win32.win32.x86_64\sts-4.26.0.RELEASE\plugins\org.eclipse.m2e.maven.runtime_3.9.900.20240824-1409\jars\httpcore-4.4.16.jar
2025-01-04 23:07:44,404 [Worker-6: Launching Executing clean in F__WorkSpace6AM_BOOT_01SpringBootFirstApp] INFO  o.eclipse.m2e.core.internal.Bundles - 	Entry: F:\MySts\spring-tool-suite-4-4.26.0.RELEASE-e4.33.0-win32.win32.x86_64\sts-4.26.0.RELEASE\plugins\org.eclipse.m2e.maven.runtime_3.9.900.20240824-1409\jars\jansi-2.4.1.jar
2025-01-04 23:07:44,404 [Worker-6: Launching Executing clean in F__WorkSpace6AM_BOOT_01SpringBootFirstApp] INFO  o.eclipse.m2e.core.internal.Bundles - 	Entry: F:\MySts\spring-tool-suite-4-4.26.0.RELEASE-e4.33.0-win32.win32.x86_64\sts-4.26.0.RELEASE\plugins\org.eclipse.m2e.maven.runtime_3.9.900.20240824-1409\jars\jcl-over-slf4j-1.7.36.jar
2025-01-04 23:07:44,404 [Worker-6: Launching Executing clean in F__WorkSpace6AM_BOOT_01SpringBootFirstApp] INFO  o.eclipse.m2e.core.internal.Bundles - 	Entry: F:\MySts\spring-tool-suite-4-4.26.0.RELEASE-e4.33.0-win32.win32.x86_64\sts-4.26.0.RELEASE\plugins\org.eclipse.m2e.maven.runtime_3.9.900.20240824-1409\jars\maven-artifact-3.9.9.jar
2025-01-04 23:07:44,404 [Worker-6: Launching Executing clean in F__WorkSpace6AM_BOOT_01SpringBootFirstApp] INFO  o.eclipse.m2e.core.internal.Bundles - 	Entry: F:\MySts\spring-tool-suite-4-4.26.0.RELEASE-e4.33.0-win32.win32.x86_64\sts-4.26.0.RELEASE\plugins\org.eclipse.m2e.maven.runtime_3.9.900.20240824-1409\jars\maven-builder-support-3.9.9.jar
2025-01-04 23:07:44,404 [Worker-6: Launching Executing clean in F__WorkSpace6AM_BOOT_01SpringBootFirstApp] INFO  o.eclipse.m2e.core.internal.Bundles - 	Entry: F:\MySts\spring-tool-suite-4-4.26.0.RELEASE-e4.33.0-win32.win32.x86_64\sts-4.26.0.RELEASE\plugins\org.eclipse.m2e.maven.runtime_3.9.900.20240824-1409\jars\maven-compat-3.9.9.jar
2025-01-04 23:07:44,404 [Worker-6: Launching Executing clean in F__WorkSpace6AM_BOOT_01SpringBootFirstApp] INFO  o.eclipse.m2e.core.internal.Bundles - 	Entry: F:\MySts\spring-tool-suite-4-4.26.0.RELEASE-e4.33.0-win32.win32.x86_64\sts-4.26.0.RELEASE\plugins\org.eclipse.m2e.maven.runtime_3.9.900.20240824-1409\jars\maven-core-3.9.9.jar
2025-01-04 23:07:44,404 [Worker-6: Launching Executing clean in F__WorkSpace6AM_BOOT_01SpringBootFirstApp] INFO  o.eclipse.m2e.core.internal.Bundles - 	Entry: F:\MySts\spring-tool-suite-4-4.26.0.RELEASE-e4.33.0-win32.win32.x86_64\sts-4.26.0.RELEASE\plugins\org.eclipse.m2e.maven.runtime_3.9.900.20240824-1409\jars\maven-embedder-3.9.9.jar
2025-01-04 23:07:44,404 [Worker-6: Launching Executing clean in F__WorkSpace6AM_BOOT_01SpringBootFirstApp] INFO  o.eclipse.m2e.core.internal.Bundles - 	Entry: F:\MySts\spring-tool-suite-4-4.26.0.RELEASE-e4.33.0-win32.win32.x86_64\sts-4.26.0.RELEASE\plugins\org.eclipse.m2e.maven.runtime_3.9.900.20240824-1409\jars\maven-model-3.9.9.jar
2025-01-04 23:07:44,404 [Worker-6: Launching Executing clean in F__WorkSpace6AM_BOOT_01SpringBootFirstApp] INFO  o.eclipse.m2e.core.internal.Bundles - 	Entry: F:\MySts\spring-tool-suite-4-4.26.0.RELEASE-e4.33.0-win32.win32.x86_64\sts-4.26.0.RELEASE\plugins\org.eclipse.m2e.maven.runtime_3.9.900.20240824-1409\jars\maven-model-builder-3.9.9.jar
2025-01-04 23:07:44,405 [Worker-6: Launching Executing clean in F__WorkSpace6AM_BOOT_01SpringBootFirstApp] INFO  o.eclipse.m2e.core.internal.Bundles - 	Entry: F:\MySts\spring-tool-suite-4-4.26.0.RELEASE-e4.33.0-win32.win32.x86_64\sts-4.26.0.RELEASE\plugins\org.eclipse.m2e.maven.runtime_3.9.900.20240824-1409\jars\maven-plugin-api-3.9.9.jar
2025-01-04 23:07:44,405 [Worker-6: Launching Executing clean in F__WorkSpace6AM_BOOT_01SpringBootFirstApp] INFO  o.eclipse.m2e.core.internal.Bundles - 	Entry: F:\MySts\spring-tool-suite-4-4.26.0.RELEASE-e4.33.0-win32.win32.x86_64\sts-4.26.0.RELEASE\plugins\org.eclipse.m2e.maven.runtime_3.9.900.20240824-1409\jars\maven-repository-metadata-3.9.9.jar
2025-01-04 23:07:44,405 [Worker-6: Launching Executing clean in F__WorkSpace6AM_BOOT_01SpringBootFirstApp] INFO  o.eclipse.m2e.core.internal.Bundles - 	Entry: F:\MySts\spring-tool-suite-4-4.26.0.RELEASE-e4.33.0-win32.win32.x86_64\sts-4.26.0.RELEASE\plugins\org.eclipse.m2e.maven.runtime_3.9.900.20240824-1409\jars\maven-resolver-api-1.9.22.jar
2025-01-04 23:07:44,405 [Worker-6: Launching Executing clean in F__WorkSpace6AM_BOOT_01SpringBootFirstApp] INFO  o.eclipse.m2e.core.internal.Bundles - 	Entry: F:\MySts\spring-tool-suite-4-4.26.0.RELEASE-e4.33.0-win32.win32.x86_64\sts-4.26.0.RELEASE\plugins\org.eclipse.m2e.maven.runtime_3.9.900.20240824-1409\jars\maven-resolver-connector-basic-1.9.22.jar
2025-01-04 23:07:44,405 [Worker-6: Launching Executing clean in F__WorkSpace6AM_BOOT_01SpringBootFirstApp] INFO  o.eclipse.m2e.core.internal.Bundles - 	Entry: F:\MySts\spring-tool-suite-4-4.26.0.RELEASE-e4.33.0-win32.win32.x86_64\sts-4.26.0.RELEASE\plugins\org.eclipse.m2e.maven.runtime_3.9.900.20240824-1409\jars\maven-resolver-impl-1.9.22.jar
2025-01-04 23:07:44,405 [Worker-6: Launching Executing clean in F__WorkSpace6AM_BOOT_01SpringBootFirstApp] INFO  o.eclipse.m2e.core.internal.Bundles - 	Entry: F:\MySts\spring-tool-suite-4-4.26.0.RELEASE-e4.33.0-win32.win32.x86_64\sts-4.26.0.RELEASE\plugins\org.eclipse.m2e.maven.runtime_3.9.900.20240824-1409\jars\maven-resolver-named-locks-1.9.22.jar
2025-01-04 23:07:44,405 [Worker-6: Launching Executing clean in F__WorkSpace6AM_BOOT_01SpringBootFirstApp] INFO  o.eclipse.m2e.core.internal.Bundles - 	Entry: F:\MySts\spring-tool-suite-4-4.26.0.RELEASE-e4.33.0-win32.win32.x86_64\sts-4.26.0.RELEASE\plugins\org.eclipse.m2e.maven.runtime_3.9.900.20240824-1409\jars\maven-resolver-provider-3.9.9.jar
2025-01-04 23:07:44,405 [Worker-6: Launching Executing clean in F__WorkSpace6AM_BOOT_01SpringBootFirstApp] INFO  o.eclipse.m2e.core.internal.Bundles - 	Entry: F:\MySts\spring-tool-suite-4-4.26.0.RELEASE-e4.33.0-win32.win32.x86_64\sts-4.26.0.RELEASE\plugins\org.eclipse.m2e.maven.runtime_3.9.900.20240824-1409\jars\maven-resolver-spi-1.9.22.jar
2025-01-04 23:07:44,405 [Worker-6: Launching Executing clean in F__WorkSpace6AM_BOOT_01SpringBootFirstApp] INFO  o.eclipse.m2e.core.internal.Bundles - 	Entry: F:\MySts\spring-tool-suite-4-4.26.0.RELEASE-e4.33.0-win32.win32.x86_64\sts-4.26.0.RELEASE\plugins\org.eclipse.m2e.maven.runtime_3.9.900.20240824-1409\jars\maven-resolver-transport-file-1.9.22.jar
2025-01-04 23:07:44,405 [Worker-6: Launching Executing clean in F__WorkSpace6AM_BOOT_01SpringBootFirstApp] INFO  o.eclipse.m2e.core.internal.Bundles - 	Entry: F:\MySts\spring-tool-suite-4-4.26.0.RELEASE-e4.33.0-win32.win32.x86_64\sts-4.26.0.RELEASE\plugins\org.eclipse.m2e.maven.runtime_3.9.900.20240824-1409\jars\maven-resolver-transport-http-1.9.22.jar
2025-01-04 23:07:44,406 [Worker-6: Launching Executing clean in F__WorkSpace6AM_BOOT_01SpringBootFirstApp] INFO  o.eclipse.m2e.core.internal.Bundles - 	Entry: F:\MySts\spring-tool-suite-4-4.26.0.RELEASE-e4.33.0-win32.win32.x86_64\sts-4.26.0.RELEASE\plugins\org.eclipse.m2e.maven.runtime_3.9.900.20240824-1409\jars\maven-resolver-transport-wagon-1.9.22.jar
2025-01-04 23:07:44,406 [Worker-6: Launching Executing clean in F__WorkSpace6AM_BOOT_01SpringBootFirstApp] INFO  o.eclipse.m2e.core.internal.Bundles - 	Entry: F:\MySts\spring-tool-suite-4-4.26.0.RELEASE-e4.33.0-win32.win32.x86_64\sts-4.26.0.RELEASE\plugins\org.eclipse.m2e.maven.runtime_3.9.900.20240824-1409\jars\maven-resolver-util-1.9.22.jar
2025-01-04 23:07:44,406 [Worker-6: Launching Executing clean in F__WorkSpace6AM_BOOT_01SpringBootFirstApp] INFO  o.eclipse.m2e.core.internal.Bundles - 	Entry: F:\MySts\spring-tool-suite-4-4.26.0.RELEASE-e4.33.0-win32.win32.x86_64\sts-4.26.0.RELEASE\plugins\org.eclipse.m2e.maven.runtime_3.9.900.20240824-1409\jars\maven-settings-3.9.9.jar
2025-01-04 23:07:44,406 [Worker-6: Launching Executing clean in F__WorkSpace6AM_BOOT_01SpringBootFirstApp] INFO  o.eclipse.m2e.core.internal.Bundles - 	Entry: F:\MySts\spring-tool-suite-4-4.26.0.RELEASE-e4.33.0-win32.win32.x86_64\sts-4.26.0.RELEASE\plugins\org.eclipse.m2e.maven.runtime_3.9.900.20240824-1409\jars\maven-settings-builder-3.9.9.jar
2025-01-04 23:07:44,406 [Worker-6: Launching Executing clean in F__WorkSpace6AM_BOOT_01SpringBootFirstApp] INFO  o.eclipse.m2e.core.internal.Bundles - 	Entry: F:\MySts\spring-tool-suite-4-4.26.0.RELEASE-e4.33.0-win32.win32.x86_64\sts-4.26.0.RELEASE\plugins\org.eclipse.m2e.maven.runtime_3.9.900.20240824-1409\jars\maven-shared-utils-3.4.2.jar
2025-01-04 23:07:44,406 [Worker-6: Launching Executing clean in F__WorkSpace6AM_BOOT_01SpringBootFirstApp] INFO  o.eclipse.m2e.core.internal.Bundles - 	Entry: F:\MySts\spring-tool-suite-4-4.26.0.RELEASE-e4.33.0-win32.win32.x86_64\sts-4.26.0.RELEASE\plugins\org.eclipse.m2e.maven.runtime_3.9.900.20240824-1409\jars\org.eclipse.sisu.inject-0.9.0.M3.jar
2025-01-04 23:07:44,406 [Worker-6: Launching Executing clean in F__WorkSpace6AM_BOOT_01SpringBootFirstApp] INFO  o.eclipse.m2e.core.internal.Bundles - 	Entry: F:\MySts\spring-tool-suite-4-4.26.0.RELEASE-e4.33.0-win32.win32.x86_64\sts-4.26.0.RELEASE\plugins\org.eclipse.m2e.maven.runtime_3.9.900.20240824-1409\jars\org.eclipse.sisu.plexus-0.9.0.M3.jar
2025-01-04 23:07:44,406 [Worker-6: Launching Executing clean in F__WorkSpace6AM_BOOT_01SpringBootFirstApp] INFO  o.eclipse.m2e.core.internal.Bundles - 	Entry: F:\MySts\spring-tool-suite-4-4.26.0.RELEASE-e4.33.0-win32.win32.x86_64\sts-4.26.0.RELEASE\plugins\org.eclipse.m2e.maven.runtime_3.9.900.20240824-1409\jars\plexus-build-api-0.0.7.jar
2025-01-04 23:07:44,406 [Worker-6: Launching Executing clean in F__WorkSpace6AM_BOOT_01SpringBootFirstApp] INFO  o.eclipse.m2e.core.internal.Bundles - 	Entry: F:\MySts\spring-tool-suite-4-4.26.0.RELEASE-e4.33.0-win32.win32.x86_64\sts-4.26.0.RELEASE\plugins\org.eclipse.m2e.maven.runtime_3.9.900.20240824-1409\jars\plexus-build-api-1.2.0.jar
2025-01-04 23:07:44,406 [Worker-6: Launching Executing clean in F__WorkSpace6AM_BOOT_01SpringBootFirstApp] INFO  o.eclipse.m2e.core.internal.Bundles - 	Entry: F:\MySts\spring-tool-suite-4-4.26.0.RELEASE-e4.33.0-win32.win32.x86_64\sts-4.26.0.RELEASE\plugins\org.eclipse.m2e.maven.runtime_3.9.900.20240824-1409\jars\plexus-cipher-2.0.jar
2025-01-04 23:07:44,406 [Worker-6: Launching Executing clean in F__WorkSpace6AM_BOOT_01SpringBootFirstApp] INFO  o.eclipse.m2e.core.internal.Bundles - 	Entry: F:\MySts\spring-tool-suite-4-4.26.0.RELEASE-e4.33.0-win32.win32.x86_64\sts-4.26.0.RELEASE\plugins\org.eclipse.m2e.maven.runtime_3.9.900.20240824-1409\jars\plexus-classworlds-2.8.0.jar
2025-01-04 23:07:44,407 [Worker-6: Launching Executing clean in F__WorkSpace6AM_BOOT_01SpringBootFirstApp] INFO  o.eclipse.m2e.core.internal.Bundles - 	Entry: F:\MySts\spring-tool-suite-4-4.26.0.RELEASE-e4.33.0-win32.win32.x86_64\sts-4.26.0.RELEASE\plugins\org.eclipse.m2e.maven.runtime_3.9.900.20240824-1409\jars\plexus-component-annotations-2.1.0.jar
2025-01-04 23:07:44,407 [Worker-6: Launching Executing clean in F__WorkSpace6AM_BOOT_01SpringBootFirstApp] INFO  o.eclipse.m2e.core.internal.Bundles - 	Entry: F:\MySts\spring-tool-suite-4-4.26.0.RELEASE-e4.33.0-win32.win32.x86_64\sts-4.26.0.RELEASE\plugins\org.eclipse.m2e.maven.runtime_3.9.900.20240824-1409\jars\plexus-interpolation-1.27.jar
2025-01-04 23:07:44,407 [Worker-6: Launching Executing clean in F__WorkSpace6AM_BOOT_01SpringBootFirstApp] INFO  o.eclipse.m2e.core.internal.Bundles - 	Entry: F:\MySts\spring-tool-suite-4-4.26.0.RELEASE-e4.33.0-win32.win32.x86_64\sts-4.26.0.RELEASE\plugins\org.eclipse.m2e.maven.runtime_3.9.900.20240824-1409\jars\plexus-sec-dispatcher-2.0.jar
2025-01-04 23:07:44,407 [Worker-6: Launching Executing clean in F__WorkSpace6AM_BOOT_01SpringBootFirstApp] INFO  o.eclipse.m2e.core.internal.Bundles - 	Entry: F:\MySts\spring-tool-suite-4-4.26.0.RELEASE-e4.33.0-win32.win32.x86_64\sts-4.26.0.RELEASE\plugins\org.eclipse.m2e.maven.runtime_3.9.900.20240824-1409\jars\plexus-utils-3.5.1.jar
2025-01-04 23:07:44,407 [Worker-6: Launching Executing clean in F__WorkSpace6AM_BOOT_01SpringBootFirstApp] INFO  o.eclipse.m2e.core.internal.Bundles - 	Entry: F:\MySts\spring-tool-suite-4-4.26.0.RELEASE-e4.33.0-win32.win32.x86_64\sts-4.26.0.RELEASE\plugins\org.eclipse.m2e.maven.runtime_3.9.900.20240824-1409\jars\plexus-xml-3.0.1.jar
2025-01-04 23:07:44,407 [Worker-6: Launching Executing clean in F__WorkSpace6AM_BOOT_01SpringBootFirstApp] INFO  o.eclipse.m2e.core.internal.Bundles - 	Entry: F:\MySts\spring-tool-suite-4-4.26.0.RELEASE-e4.33.0-win32.win32.x86_64\sts-4.26.0.RELEASE\plugins\org.eclipse.m2e.maven.runtime_3.9.900.20240824-1409\jars\wagon-file-3.5.3.jar
2025-01-04 23:07:44,407 [Worker-6: Launching Executing clean in F__WorkSpace6AM_BOOT_01SpringBootFirstApp] INFO  o.eclipse.m2e.core.internal.Bundles - 	Entry: F:\MySts\spring-tool-suite-4-4.26.0.RELEASE-e4.33.0-win32.win32.x86_64\sts-4.26.0.RELEASE\plugins\org.eclipse.m2e.maven.runtime_3.9.900.20240824-1409\jars\wagon-http-3.5.3.jar
2025-01-04 23:07:44,407 [Worker-6: Launching Executing clean in F__WorkSpace6AM_BOOT_01SpringBootFirstApp] INFO  o.eclipse.m2e.core.internal.Bundles - 	Entry: F:\MySts\spring-tool-suite-4-4.26.0.RELEASE-e4.33.0-win32.win32.x86_64\sts-4.26.0.RELEASE\plugins\org.eclipse.m2e.maven.runtime_3.9.900.20240824-1409\jars\wagon-http-shared-3.5.3.jar
2025-01-04 23:07:44,407 [Worker-6: Launching Executing clean in F__WorkSpace6AM_BOOT_01SpringBootFirstApp] INFO  o.eclipse.m2e.core.internal.Bundles - 	Entry: F:\MySts\spring-tool-suite-4-4.26.0.RELEASE-e4.33.0-win32.win32.x86_64\sts-4.26.0.RELEASE\plugins\org.eclipse.m2e.maven.runtime_3.9.900.20240824-1409\jars\wagon-provider-api-3.5.3.jar
2025-01-04 23:07:44,408 [Worker-6: Launching Executing clean in F__WorkSpace6AM_BOOT_01SpringBootFirstApp] INFO  o.eclipse.m2e.core.internal.Bundles - getClasspathEntries(Bundle=com.google.guava_33.3.0.jre [29])
2025-01-04 23:07:44,408 [Worker-6: Launching Executing clean in F__WorkSpace6AM_BOOT_01SpringBootFirstApp] INFO  o.eclipse.m2e.core.internal.Bundles - 	Entry: F:\MySts\spring-tool-suite-4-4.26.0.RELEASE-e4.33.0-win32.win32.x86_64\sts-4.26.0.RELEASE\plugins\com.google.guava_33.3.0.jre.jar
2025-01-04 23:07:44,408 [Worker-6: Launching Executing clean in F__WorkSpace6AM_BOOT_01SpringBootFirstApp] INFO  o.eclipse.m2e.core.internal.Bundles - getClasspathEntries(Bundle=slf4j.api_2.0.16 [593])
2025-01-04 23:07:44,408 [Worker-6: Launching Executing clean in F__WorkSpace6AM_BOOT_01SpringBootFirstApp] INFO  o.eclipse.m2e.core.internal.Bundles - 	Entry: F:\MySts\spring-tool-suite-4-4.26.0.RELEASE-e4.33.0-win32.win32.x86_64\sts-4.26.0.RELEASE\plugins\slf4j.api_2.0.16.jar
2025-01-04 23:07:44,408 [Worker-6: Launching Executing clean in F__WorkSpace6AM_BOOT_01SpringBootFirstApp] INFO  o.eclipse.m2e.core.internal.Bundles - getClasspathEntries(Bundle=jakarta.inject.jakarta.inject-api_1.0.5 [45])
2025-01-04 23:07:44,409 [Worker-6: Launching Executing clean in F__WorkSpace6AM_BOOT_01SpringBootFirstApp] INFO  o.eclipse.m2e.core.internal.Bundles - 	Entry: F:\MySts\spring-tool-suite-4-4.26.0.RELEASE-e4.33.0-win32.win32.x86_64\sts-4.26.0.RELEASE\plugins\jakarta.inject.jakarta.inject-api_1.0.5.jar
2025-01-04 23:07:44,409 [Worker-6: Launching Executing clean in F__WorkSpace6AM_BOOT_01SpringBootFirstApp] INFO  o.eclipse.m2e.core.internal.Bundles - getClasspathEntries(Bundle=jakarta.annotation-api_1.3.5 [41])
2025-01-04 23:07:44,409 [Worker-6: Launching Executing clean in F__WorkSpace6AM_BOOT_01SpringBootFirstApp] INFO  o.eclipse.m2e.core.internal.Bundles - 	Entry: F:\MySts\spring-tool-suite-4-4.26.0.RELEASE-e4.33.0-win32.win32.x86_64\sts-4.26.0.RELEASE\plugins\jakarta.annotation-api_1.3.5.jar
2025-01-04 23:07:44,409 [Worker-6: Launching Executing clean in F__WorkSpace6AM_BOOT_01SpringBootFirstApp] INFO  o.eclipse.m2e.core.internal.Bundles - getClasspathEntries(Bundle=org.apache.commons.cli_1.9.0 [77])
2025-01-04 23:07:44,409 [Worker-6: Launching Executing clean in F__WorkSpace6AM_BOOT_01SpringBootFirstApp] INFO  o.eclipse.m2e.core.internal.Bundles - 	Entry: F:\MySts\spring-tool-suite-4-4.26.0.RELEASE-e4.33.0-win32.win32.x86_64\sts-4.26.0.RELEASE\plugins\org.apache.commons.cli_1.9.0.jar
2025-01-04 23:07:44,409 [Worker-6: Launching Executing clean in F__WorkSpace6AM_BOOT_01SpringBootFirstApp] INFO  o.eclipse.m2e.core.internal.Bundles - getClasspathEntries(Bundle=org.apache.commons.commons-codec_1.16.0 [80])
2025-01-04 23:07:44,410 [Worker-6: Launching Executing clean in F__WorkSpace6AM_BOOT_01SpringBootFirstApp] INFO  o.eclipse.m2e.core.internal.Bundles - 	Entry: F:\MySts\spring-tool-suite-4-4.26.0.RELEASE-e4.33.0-win32.win32.x86_64\sts-4.26.0.RELEASE\plugins\org.apache.commons.commons-codec_1.16.0.jar
2025-01-04 23:07:44,410 [Worker-6: Launching Executing clean in F__WorkSpace6AM_BOOT_01SpringBootFirstApp] INFO  o.eclipse.m2e.core.internal.Bundles - getClasspathEntries(Bundle=com.google.guava.failureaccess_1.0.2 [30])
2025-01-04 23:07:44,410 [Worker-6: Launching Executing clean in F__WorkSpace6AM_BOOT_01SpringBootFirstApp] INFO  o.eclipse.m2e.core.internal.Bundles - 	Entry: F:\MySts\spring-tool-suite-4-4.26.0.RELEASE-e4.33.0-win32.win32.x86_64\sts-4.26.0.RELEASE\plugins\com.google.guava.failureaccess_1.0.2.jar
2025-01-04 23:07:44,411 [Worker-6: Launching Executing clean in F__WorkSpace6AM_BOOT_01SpringBootFirstApp] INFO  o.e.m.i.launch.MavenLaunchDelegate - Run build in "F:\WorkSpace6AM_BOOT\01SpringBootFirstApp":
2025-01-04 23:07:44,411 [Worker-6: Launching Executing clean in F__WorkSpace6AM_BOOT_01SpringBootFirstApp] INFO  o.e.m.i.launch.MavenLaunchDelegate -  mvn  -Ppom.xml -B -Dstyle.color=always clean
2025-01-04 23:07:47,048 [Worker-3: Building] INFO  o.a.m.s.f.DefaultMavenResourcesFiltering - Copying 1 resource from src\main\resources to target\classes
2025-01-04 23:07:47,049 [Worker-3: Building] INFO  o.a.m.s.f.DefaultMavenResourcesFiltering - Copying 0 resource from src\main\resources to target\classes
2025-01-04 23:07:47,052 [Worker-3: Building] INFO  o.a.m.s.f.DefaultMavenResourcesFiltering - skip non existing resourceDirectory F:\WorkSpace6AM_BOOT\01SpringBootFirstApp\src\test\resources
2025-01-04 23:08:13,061 [Worker-8: Building] INFO  o.e.m.c.i.l.LifecycleMappingFactory - Using org.eclipse.m2e.jdt.JarLifecycleMapping lifecycle mapping for MavenProject: com.app.zayyni:01SpringBootFirstApp:1.0 @ F:\WorkSpace6AM_BOOT\01SpringBootFirstApp\pom.xml.
2025-01-04 23:08:13,473 [Worker-8: Building] INFO  o.a.m.s.f.DefaultMavenResourcesFiltering - Copying 0 resource from src\main\resources to target\classes
2025-01-04 23:08:13,474 [Worker-8: Building] INFO  o.a.m.s.f.DefaultMavenResourcesFiltering - Copying 0 resource from src\main\resources to target\classes
2025-01-04 23:08:13,479 [Worker-8: Building] INFO  o.a.m.s.f.DefaultMavenResourcesFiltering - skip non existing resourceDirectory F:\WorkSpace6AM_BOOT\01SpringBootFirstApp\src\test\resources
2025-01-04 23:08:14,703 [Worker-3: Building] INFO  o.a.m.s.f.DefaultMavenResourcesFiltering - Copying 1 resource from src\main\resources to target\classes
2025-01-04 23:08:14,721 [Worker-3: Building] INFO  o.a.m.s.f.DefaultMavenResourcesFiltering - Copying 0 resource from src\main\resources to target\classes
2025-01-04 23:08:14,726 [Worker-3: Building] INFO  o.a.m.s.f.DefaultMavenResourcesFiltering - skip non existing resourceDirectory F:\WorkSpace6AM_BOOT\01SpringBootFirstApp\src\test\resources
2025-01-04 23:08:26,453 [Worker-0: Building] INFO  o.a.m.s.f.DefaultMavenResourcesFiltering - Copying 1 resource from src\main\resources to target\classes
2025-01-04 23:08:26,462 [Worker-0: Building] INFO  o.a.m.s.f.DefaultMavenResourcesFiltering - Copying 0 resource from src\main\resources to target\classes
2025-01-04 23:08:26,465 [Worker-0: Building] INFO  o.a.m.s.f.DefaultMavenResourcesFiltering - skip non existing resourceDirectory F:\WorkSpace6AM_BOOT\01SpringBootFirstApp\src\test\resources
2025-01-04 23:10:54,545 [Worker-6: Building] INFO  o.e.m.c.i.l.LifecycleMappingFactory - Using org.eclipse.m2e.jdt.JarLifecycleMapping lifecycle mapping for MavenProject: com.app.zayyni:01SpringBootFirstApp:1.0 @ F:\WorkSpace6AM_BOOT\01SpringBootFirstApp\pom.xml.
2025-01-04 23:10:55,078 [Worker-6: Building] INFO  o.a.m.s.f.DefaultMavenResourcesFiltering - Copying 0 resource from src\main\resources to target\classes
2025-01-04 23:10:55,079 [Worker-6: Building] INFO  o.a.m.s.f.DefaultMavenResourcesFiltering - Copying 0 resource from src\main\resources to target\classes
2025-01-04 23:10:55,084 [Worker-6: Building] INFO  o.a.m.s.f.DefaultMavenResourcesFiltering - skip non existing resourceDirectory F:\WorkSpace6AM_BOOT\01SpringBootFirstApp\src\test\resources
2025-01-04 23:13:36,349 [Worker-16: Building] INFO  o.e.m.c.i.l.LifecycleMappingFactory - Using org.eclipse.m2e.jdt.JarLifecycleMapping lifecycle mapping for MavenProject: com.app.zayyni:01SpringBootFirstApp:1.0 @ F:\WorkSpace6AM_BOOT\01SpringBootFirstApp\pom.xml.
2025-01-04 23:13:36,790 [Worker-16: Building] INFO  o.a.m.s.f.DefaultMavenResourcesFiltering - Copying 0 resource from src\main\resources to target\classes
2025-01-04 23:13:36,790 [Worker-16: Building] INFO  o.a.m.s.f.DefaultMavenResourcesFiltering - Copying 0 resource from src\main\resources to target\classes
2025-01-04 23:13:36,795 [Worker-16: Building] INFO  o.a.m.s.f.DefaultMavenResourcesFiltering - skip non existing resourceDirectory F:\WorkSpace6AM_BOOT\01SpringBootFirstApp\src\test\resources
2025-01-04 23:13:42,988 [Worker-16: Launching Executing clean in F__WorkSpace6AM_BOOT_01SpringBootFirstApp] INFO  o.eclipse.m2e.core.internal.Bundles - getClasspathEntries(Bundle=org.eclipse.m2e.maven.runtime_3.9.900.20240824-1409 [360])
2025-01-04 23:13:42,989 [Worker-16: Launching Executing clean in F__WorkSpace6AM_BOOT_01SpringBootFirstApp] INFO  o.eclipse.m2e.core.internal.Bundles - 	Entry: F:\MySts\spring-tool-suite-4-4.26.0.RELEASE-e4.33.0-win32.win32.x86_64\sts-4.26.0.RELEASE\plugins\org.eclipse.m2e.maven.runtime_3.9.900.20240824-1409
2025-01-04 23:13:42,989 [Worker-16: Launching Executing clean in F__WorkSpace6AM_BOOT_01SpringBootFirstApp] INFO  o.eclipse.m2e.core.internal.Bundles - 	Entry: F:\MySts\spring-tool-suite-4-4.26.0.RELEASE-e4.33.0-win32.win32.x86_64\sts-4.26.0.RELEASE\plugins\org.eclipse.m2e.maven.runtime_3.9.900.20240824-1409\jars\aopalliance-1.0.jar
2025-01-04 23:13:42,989 [Worker-16: Launching Executing clean in F__WorkSpace6AM_BOOT_01SpringBootFirstApp] INFO  o.eclipse.m2e.core.internal.Bundles - 	Entry: F:\MySts\spring-tool-suite-4-4.26.0.RELEASE-e4.33.0-win32.win32.x86_64\sts-4.26.0.RELEASE\plugins\org.eclipse.m2e.maven.runtime_3.9.900.20240824-1409\jars\guice-5.1.0.jar
2025-01-04 23:13:42,989 [Worker-16: Launching Executing clean in F__WorkSpace6AM_BOOT_01SpringBootFirstApp] INFO  o.eclipse.m2e.core.internal.Bundles - 	Entry: F:\MySts\spring-tool-suite-4-4.26.0.RELEASE-e4.33.0-win32.win32.x86_64\sts-4.26.0.RELEASE\plugins\org.eclipse.m2e.maven.runtime_3.9.900.20240824-1409\jars\httpclient-4.5.14.jar
2025-01-04 23:13:42,989 [Worker-16: Launching Executing clean in F__WorkSpace6AM_BOOT_01SpringBootFirstApp] INFO  o.eclipse.m2e.core.internal.Bundles - 	Entry: F:\MySts\spring-tool-suite-4-4.26.0.RELEASE-e4.33.0-win32.win32.x86_64\sts-4.26.0.RELEASE\plugins\org.eclipse.m2e.maven.runtime_3.9.900.20240824-1409\jars\httpcore-4.4.16.jar
2025-01-04 23:13:42,989 [Worker-16: Launching Executing clean in F__WorkSpace6AM_BOOT_01SpringBootFirstApp] INFO  o.eclipse.m2e.core.internal.Bundles - 	Entry: F:\MySts\spring-tool-suite-4-4.26.0.RELEASE-e4.33.0-win32.win32.x86_64\sts-4.26.0.RELEASE\plugins\org.eclipse.m2e.maven.runtime_3.9.900.20240824-1409\jars\jansi-2.4.1.jar
2025-01-04 23:13:42,989 [Worker-16: Launching Executing clean in F__WorkSpace6AM_BOOT_01SpringBootFirstApp] INFO  o.eclipse.m2e.core.internal.Bundles - 	Entry: F:\MySts\spring-tool-suite-4-4.26.0.RELEASE-e4.33.0-win32.win32.x86_64\sts-4.26.0.RELEASE\plugins\org.eclipse.m2e.maven.runtime_3.9.900.20240824-1409\jars\jcl-over-slf4j-1.7.36.jar
2025-01-04 23:13:42,989 [Worker-16: Launching Executing clean in F__WorkSpace6AM_BOOT_01SpringBootFirstApp] INFO  o.eclipse.m2e.core.internal.Bundles - 	Entry: F:\MySts\spring-tool-suite-4-4.26.0.RELEASE-e4.33.0-win32.win32.x86_64\sts-4.26.0.RELEASE\plugins\org.eclipse.m2e.maven.runtime_3.9.900.20240824-1409\jars\maven-artifact-3.9.9.jar
2025-01-04 23:13:42,989 [Worker-16: Launching Executing clean in F__WorkSpace6AM_BOOT_01SpringBootFirstApp] INFO  o.eclipse.m2e.core.internal.Bundles - 	Entry: F:\MySts\spring-tool-suite-4-4.26.0.RELEASE-e4.33.0-win32.win32.x86_64\sts-4.26.0.RELEASE\plugins\org.eclipse.m2e.maven.runtime_3.9.900.20240824-1409\jars\maven-builder-support-3.9.9.jar
2025-01-04 23:13:42,990 [Worker-16: Launching Executing clean in F__WorkSpace6AM_BOOT_01SpringBootFirstApp] INFO  o.eclipse.m2e.core.internal.Bundles - 	Entry: F:\MySts\spring-tool-suite-4-4.26.0.RELEASE-e4.33.0-win32.win32.x86_64\sts-4.26.0.RELEASE\plugins\org.eclipse.m2e.maven.runtime_3.9.900.20240824-1409\jars\maven-compat-3.9.9.jar
2025-01-04 23:13:42,990 [Worker-16: Launching Executing clean in F__WorkSpace6AM_BOOT_01SpringBootFirstApp] INFO  o.eclipse.m2e.core.internal.Bundles - 	Entry: F:\MySts\spring-tool-suite-4-4.26.0.RELEASE-e4.33.0-win32.win32.x86_64\sts-4.26.0.RELEASE\plugins\org.eclipse.m2e.maven.runtime_3.9.900.20240824-1409\jars\maven-core-3.9.9.jar
2025-01-04 23:13:42,990 [Worker-16: Launching Executing clean in F__WorkSpace6AM_BOOT_01SpringBootFirstApp] INFO  o.eclipse.m2e.core.internal.Bundles - 	Entry: F:\MySts\spring-tool-suite-4-4.26.0.RELEASE-e4.33.0-win32.win32.x86_64\sts-4.26.0.RELEASE\plugins\org.eclipse.m2e.maven.runtime_3.9.900.20240824-1409\jars\maven-embedder-3.9.9.jar
2025-01-04 23:13:42,990 [Worker-16: Launching Executing clean in F__WorkSpace6AM_BOOT_01SpringBootFirstApp] INFO  o.eclipse.m2e.core.internal.Bundles - 	Entry: F:\MySts\spring-tool-suite-4-4.26.0.RELEASE-e4.33.0-win32.win32.x86_64\sts-4.26.0.RELEASE\plugins\org.eclipse.m2e.maven.runtime_3.9.900.20240824-1409\jars\maven-model-3.9.9.jar
2025-01-04 23:13:42,990 [Worker-16: Launching Executing clean in F__WorkSpace6AM_BOOT_01SpringBootFirstApp] INFO  o.eclipse.m2e.core.internal.Bundles - 	Entry: F:\MySts\spring-tool-suite-4-4.26.0.RELEASE-e4.33.0-win32.win32.x86_64\sts-4.26.0.RELEASE\plugins\org.eclipse.m2e.maven.runtime_3.9.900.20240824-1409\jars\maven-model-builder-3.9.9.jar
2025-01-04 23:13:42,990 [Worker-16: Launching Executing clean in F__WorkSpace6AM_BOOT_01SpringBootFirstApp] INFO  o.eclipse.m2e.core.internal.Bundles - 	Entry: F:\MySts\spring-tool-suite-4-4.26.0.RELEASE-e4.33.0-win32.win32.x86_64\sts-4.26.0.RELEASE\plugins\org.eclipse.m2e.maven.runtime_3.9.900.20240824-1409\jars\maven-plugin-api-3.9.9.jar
2025-01-04 23:13:42,990 [Worker-16: Launching Executing clean in F__WorkSpace6AM_BOOT_01SpringBootFirstApp] INFO  o.eclipse.m2e.core.internal.Bundles - 	Entry: F:\MySts\spring-tool-suite-4-4.26.0.RELEASE-e4.33.0-win32.win32.x86_64\sts-4.26.0.RELEASE\plugins\org.eclipse.m2e.maven.runtime_3.9.900.20240824-1409\jars\maven-repository-metadata-3.9.9.jar
2025-01-04 23:13:42,990 [Worker-16: Launching Executing clean in F__WorkSpace6AM_BOOT_01SpringBootFirstApp] INFO  o.eclipse.m2e.core.internal.Bundles - 	Entry: F:\MySts\spring-tool-suite-4-4.26.0.RELEASE-e4.33.0-win32.win32.x86_64\sts-4.26.0.RELEASE\plugins\org.eclipse.m2e.maven.runtime_3.9.900.20240824-1409\jars\maven-resolver-api-1.9.22.jar
2025-01-04 23:13:42,990 [Worker-16: Launching Executing clean in F__WorkSpace6AM_BOOT_01SpringBootFirstApp] INFO  o.eclipse.m2e.core.internal.Bundles - 	Entry: F:\MySts\spring-tool-suite-4-4.26.0.RELEASE-e4.33.0-win32.win32.x86_64\sts-4.26.0.RELEASE\plugins\org.eclipse.m2e.maven.runtime_3.9.900.20240824-1409\jars\maven-resolver-connector-basic-1.9.22.jar
2025-01-04 23:13:42,990 [Worker-16: Launching Executing clean in F__WorkSpace6AM_BOOT_01SpringBootFirstApp] INFO  o.eclipse.m2e.core.internal.Bundles - 	Entry: F:\MySts\spring-tool-suite-4-4.26.0.RELEASE-e4.33.0-win32.win32.x86_64\sts-4.26.0.RELEASE\plugins\org.eclipse.m2e.maven.runtime_3.9.900.20240824-1409\jars\maven-resolver-impl-1.9.22.jar
2025-01-04 23:13:42,991 [Worker-16: Launching Executing clean in F__WorkSpace6AM_BOOT_01SpringBootFirstApp] INFO  o.eclipse.m2e.core.internal.Bundles - 	Entry: F:\MySts\spring-tool-suite-4-4.26.0.RELEASE-e4.33.0-win32.win32.x86_64\sts-4.26.0.RELEASE\plugins\org.eclipse.m2e.maven.runtime_3.9.900.20240824-1409\jars\maven-resolver-named-locks-1.9.22.jar
2025-01-04 23:13:42,991 [Worker-16: Launching Executing clean in F__WorkSpace6AM_BOOT_01SpringBootFirstApp] INFO  o.eclipse.m2e.core.internal.Bundles - 	Entry: F:\MySts\spring-tool-suite-4-4.26.0.RELEASE-e4.33.0-win32.win32.x86_64\sts-4.26.0.RELEASE\plugins\org.eclipse.m2e.maven.runtime_3.9.900.20240824-1409\jars\maven-resolver-provider-3.9.9.jar
2025-01-04 23:13:42,991 [Worker-16: Launching Executing clean in F__WorkSpace6AM_BOOT_01SpringBootFirstApp] INFO  o.eclipse.m2e.core.internal.Bundles - 	Entry: F:\MySts\spring-tool-suite-4-4.26.0.RELEASE-e4.33.0-win32.win32.x86_64\sts-4.26.0.RELEASE\plugins\org.eclipse.m2e.maven.runtime_3.9.900.20240824-1409\jars\maven-resolver-spi-1.9.22.jar
2025-01-04 23:13:42,991 [Worker-16: Launching Executing clean in F__WorkSpace6AM_BOOT_01SpringBootFirstApp] INFO  o.eclipse.m2e.core.internal.Bundles - 	Entry: F:\MySts\spring-tool-suite-4-4.26.0.RELEASE-e4.33.0-win32.win32.x86_64\sts-4.26.0.RELEASE\plugins\org.eclipse.m2e.maven.runtime_3.9.900.20240824-1409\jars\maven-resolver-transport-file-1.9.22.jar
2025-01-04 23:13:42,991 [Worker-16: Launching Executing clean in F__WorkSpace6AM_BOOT_01SpringBootFirstApp] INFO  o.eclipse.m2e.core.internal.Bundles - 	Entry: F:\MySts\spring-tool-suite-4-4.26.0.RELEASE-e4.33.0-win32.win32.x86_64\sts-4.26.0.RELEASE\plugins\org.eclipse.m2e.maven.runtime_3.9.900.20240824-1409\jars\maven-resolver-transport-http-1.9.22.jar
2025-01-04 23:13:42,991 [Worker-16: Launching Executing clean in F__WorkSpace6AM_BOOT_01SpringBootFirstApp] INFO  o.eclipse.m2e.core.internal.Bundles - 	Entry: F:\MySts\spring-tool-suite-4-4.26.0.RELEASE-e4.33.0-win32.win32.x86_64\sts-4.26.0.RELEASE\plugins\org.eclipse.m2e.maven.runtime_3.9.900.20240824-1409\jars\maven-resolver-transport-wagon-1.9.22.jar
2025-01-04 23:13:42,991 [Worker-16: Launching Executing clean in F__WorkSpace6AM_BOOT_01SpringBootFirstApp] INFO  o.eclipse.m2e.core.internal.Bundles - 	Entry: F:\MySts\spring-tool-suite-4-4.26.0.RELEASE-e4.33.0-win32.win32.x86_64\sts-4.26.0.RELEASE\plugins\org.eclipse.m2e.maven.runtime_3.9.900.20240824-1409\jars\maven-resolver-util-1.9.22.jar
2025-01-04 23:13:42,991 [Worker-16: Launching Executing clean in F__WorkSpace6AM_BOOT_01SpringBootFirstApp] INFO  o.eclipse.m2e.core.internal.Bundles - 	Entry: F:\MySts\spring-tool-suite-4-4.26.0.RELEASE-e4.33.0-win32.win32.x86_64\sts-4.26.0.RELEASE\plugins\org.eclipse.m2e.maven.runtime_3.9.900.20240824-1409\jars\maven-settings-3.9.9.jar
2025-01-04 23:13:42,991 [Worker-16: Launching Executing clean in F__WorkSpace6AM_BOOT_01SpringBootFirstApp] INFO  o.eclipse.m2e.core.internal.Bundles - 	Entry: F:\MySts\spring-tool-suite-4-4.26.0.RELEASE-e4.33.0-win32.win32.x86_64\sts-4.26.0.RELEASE\plugins\org.eclipse.m2e.maven.runtime_3.9.900.20240824-1409\jars\maven-settings-builder-3.9.9.jar
2025-01-04 23:13:42,991 [Worker-16: Launching Executing clean in F__WorkSpace6AM_BOOT_01SpringBootFirstApp] INFO  o.eclipse.m2e.core.internal.Bundles - 	Entry: F:\MySts\spring-tool-suite-4-4.26.0.RELEASE-e4.33.0-win32.win32.x86_64\sts-4.26.0.RELEASE\plugins\org.eclipse.m2e.maven.runtime_3.9.900.20240824-1409\jars\maven-shared-utils-3.4.2.jar
2025-01-04 23:13:42,991 [Worker-16: Launching Executing clean in F__WorkSpace6AM_BOOT_01SpringBootFirstApp] INFO  o.eclipse.m2e.core.internal.Bundles - 	Entry: F:\MySts\spring-tool-suite-4-4.26.0.RELEASE-e4.33.0-win32.win32.x86_64\sts-4.26.0.RELEASE\plugins\org.eclipse.m2e.maven.runtime_3.9.900.20240824-1409\jars\org.eclipse.sisu.inject-0.9.0.M3.jar
2025-01-04 23:13:42,992 [Worker-16: Launching Executing clean in F__WorkSpace6AM_BOOT_01SpringBootFirstApp] INFO  o.eclipse.m2e.core.internal.Bundles - 	Entry: F:\MySts\spring-tool-suite-4-4.26.0.RELEASE-e4.33.0-win32.win32.x86_64\sts-4.26.0.RELEASE\plugins\org.eclipse.m2e.maven.runtime_3.9.900.20240824-1409\jars\org.eclipse.sisu.plexus-0.9.0.M3.jar
2025-01-04 23:13:42,992 [Worker-16: Launching Executing clean in F__WorkSpace6AM_BOOT_01SpringBootFirstApp] INFO  o.eclipse.m2e.core.internal.Bundles - 	Entry: F:\MySts\spring-tool-suite-4-4.26.0.RELEASE-e4.33.0-win32.win32.x86_64\sts-4.26.0.RELEASE\plugins\org.eclipse.m2e.maven.runtime_3.9.900.20240824-1409\jars\plexus-build-api-0.0.7.jar
2025-01-04 23:13:42,992 [Worker-16: Launching Executing clean in F__WorkSpace6AM_BOOT_01SpringBootFirstApp] INFO  o.eclipse.m2e.core.internal.Bundles - 	Entry: F:\MySts\spring-tool-suite-4-4.26.0.RELEASE-e4.33.0-win32.win32.x86_64\sts-4.26.0.RELEASE\plugins\org.eclipse.m2e.maven.runtime_3.9.900.20240824-1409\jars\plexus-build-api-1.2.0.jar
2025-01-04 23:13:42,992 [Worker-16: Launching Executing clean in F__WorkSpace6AM_BOOT_01SpringBootFirstApp] INFO  o.eclipse.m2e.core.internal.Bundles - 	Entry: F:\MySts\spring-tool-suite-4-4.26.0.RELEASE-e4.33.0-win32.win32.x86_64\sts-4.26.0.RELEASE\plugins\org.eclipse.m2e.maven.runtime_3.9.900.20240824-1409\jars\plexus-cipher-2.0.jar
2025-01-04 23:13:42,992 [Worker-16: Launching Executing clean in F__WorkSpace6AM_BOOT_01SpringBootFirstApp] INFO  o.eclipse.m2e.core.internal.Bundles - 	Entry: F:\MySts\spring-tool-suite-4-4.26.0.RELEASE-e4.33.0-win32.win32.x86_64\sts-4.26.0.RELEASE\plugins\org.eclipse.m2e.maven.runtime_3.9.900.20240824-1409\jars\plexus-classworlds-2.8.0.jar
2025-01-04 23:13:42,992 [Worker-16: Launching Executing clean in F__WorkSpace6AM_BOOT_01SpringBootFirstApp] INFO  o.eclipse.m2e.core.internal.Bundles - 	Entry: F:\MySts\spring-tool-suite-4-4.26.0.RELEASE-e4.33.0-win32.win32.x86_64\sts-4.26.0.RELEASE\plugins\org.eclipse.m2e.maven.runtime_3.9.900.20240824-1409\jars\plexus-component-annotations-2.1.0.jar
2025-01-04 23:13:42,992 [Worker-16: Launching Executing clean in F__WorkSpace6AM_BOOT_01SpringBootFirstApp] INFO  o.eclipse.m2e.core.internal.Bundles - 	Entry: F:\MySts\spring-tool-suite-4-4.26.0.RELEASE-e4.33.0-win32.win32.x86_64\sts-4.26.0.RELEASE\plugins\org.eclipse.m2e.maven.runtime_3.9.900.20240824-1409\jars\plexus-interpolation-1.27.jar
2025-01-04 23:13:42,992 [Worker-16: Launching Executing clean in F__WorkSpace6AM_BOOT_01SpringBootFirstApp] INFO  o.eclipse.m2e.core.internal.Bundles - 	Entry: F:\MySts\spring-tool-suite-4-4.26.0.RELEASE-e4.33.0-win32.win32.x86_64\sts-4.26.0.RELEASE\plugins\org.eclipse.m2e.maven.runtime_3.9.900.20240824-1409\jars\plexus-sec-dispatcher-2.0.jar
2025-01-04 23:13:42,992 [Worker-16: Launching Executing clean in F__WorkSpace6AM_BOOT_01SpringBootFirstApp] INFO  o.eclipse.m2e.core.internal.Bundles - 	Entry: F:\MySts\spring-tool-suite-4-4.26.0.RELEASE-e4.33.0-win32.win32.x86_64\sts-4.26.0.RELEASE\plugins\org.eclipse.m2e.maven.runtime_3.9.900.20240824-1409\jars\plexus-utils-3.5.1.jar
2025-01-04 23:13:42,993 [Worker-16: Launching Executing clean in F__WorkSpace6AM_BOOT_01SpringBootFirstApp] INFO  o.eclipse.m2e.core.internal.Bundles - 	Entry: F:\MySts\spring-tool-suite-4-4.26.0.RELEASE-e4.33.0-win32.win32.x86_64\sts-4.26.0.RELEASE\plugins\org.eclipse.m2e.maven.runtime_3.9.900.20240824-1409\jars\plexus-xml-3.0.1.jar
2025-01-04 23:13:42,993 [Worker-16: Launching Executing clean in F__WorkSpace6AM_BOOT_01SpringBootFirstApp] INFO  o.eclipse.m2e.core.internal.Bundles - 	Entry: F:\MySts\spring-tool-suite-4-4.26.0.RELEASE-e4.33.0-win32.win32.x86_64\sts-4.26.0.RELEASE\plugins\org.eclipse.m2e.maven.runtime_3.9.900.20240824-1409\jars\wagon-file-3.5.3.jar
2025-01-04 23:13:42,993 [Worker-16: Launching Executing clean in F__WorkSpace6AM_BOOT_01SpringBootFirstApp] INFO  o.eclipse.m2e.core.internal.Bundles - 	Entry: F:\MySts\spring-tool-suite-4-4.26.0.RELEASE-e4.33.0-win32.win32.x86_64\sts-4.26.0.RELEASE\plugins\org.eclipse.m2e.maven.runtime_3.9.900.20240824-1409\jars\wagon-http-3.5.3.jar
2025-01-04 23:13:42,993 [Worker-16: Launching Executing clean in F__WorkSpace6AM_BOOT_01SpringBootFirstApp] INFO  o.eclipse.m2e.core.internal.Bundles - 	Entry: F:\MySts\spring-tool-suite-4-4.26.0.RELEASE-e4.33.0-win32.win32.x86_64\sts-4.26.0.RELEASE\plugins\org.eclipse.m2e.maven.runtime_3.9.900.20240824-1409\jars\wagon-http-shared-3.5.3.jar
2025-01-04 23:13:42,993 [Worker-16: Launching Executing clean in F__WorkSpace6AM_BOOT_01SpringBootFirstApp] INFO  o.eclipse.m2e.core.internal.Bundles - 	Entry: F:\MySts\spring-tool-suite-4-4.26.0.RELEASE-e4.33.0-win32.win32.x86_64\sts-4.26.0.RELEASE\plugins\org.eclipse.m2e.maven.runtime_3.9.900.20240824-1409\jars\wagon-provider-api-3.5.3.jar
2025-01-04 23:13:42,993 [Worker-16: Launching Executing clean in F__WorkSpace6AM_BOOT_01SpringBootFirstApp] INFO  o.eclipse.m2e.core.internal.Bundles - getClasspathEntries(Bundle=com.google.guava_33.3.0.jre [29])
2025-01-04 23:13:42,993 [Worker-16: Launching Executing clean in F__WorkSpace6AM_BOOT_01SpringBootFirstApp] INFO  o.eclipse.m2e.core.internal.Bundles - 	Entry: F:\MySts\spring-tool-suite-4-4.26.0.RELEASE-e4.33.0-win32.win32.x86_64\sts-4.26.0.RELEASE\plugins\com.google.guava_33.3.0.jre.jar
2025-01-04 23:13:42,993 [Worker-16: Launching Executing clean in F__WorkSpace6AM_BOOT_01SpringBootFirstApp] INFO  o.eclipse.m2e.core.internal.Bundles - getClasspathEntries(Bundle=slf4j.api_2.0.16 [593])
2025-01-04 23:13:42,994 [Worker-16: Launching Executing clean in F__WorkSpace6AM_BOOT_01SpringBootFirstApp] INFO  o.eclipse.m2e.core.internal.Bundles - 	Entry: F:\MySts\spring-tool-suite-4-4.26.0.RELEASE-e4.33.0-win32.win32.x86_64\sts-4.26.0.RELEASE\plugins\slf4j.api_2.0.16.jar
2025-01-04 23:13:42,994 [Worker-16: Launching Executing clean in F__WorkSpace6AM_BOOT_01SpringBootFirstApp] INFO  o.eclipse.m2e.core.internal.Bundles - getClasspathEntries(Bundle=jakarta.inject.jakarta.inject-api_1.0.5 [45])
2025-01-04 23:13:42,994 [Worker-16: Launching Executing clean in F__WorkSpace6AM_BOOT_01SpringBootFirstApp] INFO  o.eclipse.m2e.core.internal.Bundles - 	Entry: F:\MySts\spring-tool-suite-4-4.26.0.RELEASE-e4.33.0-win32.win32.x86_64\sts-4.26.0.RELEASE\plugins\jakarta.inject.jakarta.inject-api_1.0.5.jar
2025-01-04 23:13:42,994 [Worker-16: Launching Executing clean in F__WorkSpace6AM_BOOT_01SpringBootFirstApp] INFO  o.eclipse.m2e.core.internal.Bundles - getClasspathEntries(Bundle=jakarta.annotation-api_1.3.5 [41])
2025-01-04 23:13:42,994 [Worker-16: Launching Executing clean in F__WorkSpace6AM_BOOT_01SpringBootFirstApp] INFO  o.eclipse.m2e.core.internal.Bundles - 	Entry: F:\MySts\spring-tool-suite-4-4.26.0.RELEASE-e4.33.0-win32.win32.x86_64\sts-4.26.0.RELEASE\plugins\jakarta.annotation-api_1.3.5.jar
2025-01-04 23:13:42,994 [Worker-16: Launching Executing clean in F__WorkSpace6AM_BOOT_01SpringBootFirstApp] INFO  o.eclipse.m2e.core.internal.Bundles - getClasspathEntries(Bundle=org.apache.commons.cli_1.9.0 [77])
2025-01-04 23:13:42,994 [Worker-16: Launching Executing clean in F__WorkSpace6AM_BOOT_01SpringBootFirstApp] INFO  o.eclipse.m2e.core.internal.Bundles - 	Entry: F:\MySts\spring-tool-suite-4-4.26.0.RELEASE-e4.33.0-win32.win32.x86_64\sts-4.26.0.RELEASE\plugins\org.apache.commons.cli_1.9.0.jar
2025-01-04 23:13:42,994 [Worker-16: Launching Executing clean in F__WorkSpace6AM_BOOT_01SpringBootFirstApp] INFO  o.eclipse.m2e.core.internal.Bundles - getClasspathEntries(Bundle=org.apache.commons.commons-codec_1.16.0 [80])
2025-01-04 23:13:42,995 [Worker-16: Launching Executing clean in F__WorkSpace6AM_BOOT_01SpringBootFirstApp] INFO  o.eclipse.m2e.core.internal.Bundles - 	Entry: F:\MySts\spring-tool-suite-4-4.26.0.RELEASE-e4.33.0-win32.win32.x86_64\sts-4.26.0.RELEASE\plugins\org.apache.commons.commons-codec_1.16.0.jar
2025-01-04 23:13:42,995 [Worker-16: Launching Executing clean in F__WorkSpace6AM_BOOT_01SpringBootFirstApp] INFO  o.eclipse.m2e.core.internal.Bundles - getClasspathEntries(Bundle=com.google.guava.failureaccess_1.0.2 [30])
2025-01-04 23:13:42,995 [Worker-16: Launching Executing clean in F__WorkSpace6AM_BOOT_01SpringBootFirstApp] INFO  o.eclipse.m2e.core.internal.Bundles - 	Entry: F:\MySts\spring-tool-suite-4-4.26.0.RELEASE-e4.33.0-win32.win32.x86_64\sts-4.26.0.RELEASE\plugins\com.google.guava.failureaccess_1.0.2.jar
2025-01-04 23:13:42,996 [Worker-16: Launching Executing clean in F__WorkSpace6AM_BOOT_01SpringBootFirstApp] INFO  o.e.m.i.launch.MavenLaunchDelegate - Run build in "F:\WorkSpace6AM_BOOT\01SpringBootFirstApp":
2025-01-04 23:13:42,996 [Worker-16: Launching Executing clean in F__WorkSpace6AM_BOOT_01SpringBootFirstApp] INFO  o.e.m.i.launch.MavenLaunchDelegate -  mvn  -Ppom.xml -B -Dstyle.color=always clean
2025-01-04 23:13:45,662 [Worker-11: Building] INFO  o.a.m.s.f.DefaultMavenResourcesFiltering - Copying 1 resource from src\main\resources to target\classes
2025-01-04 23:13:45,673 [Worker-11: Building] INFO  o.a.m.s.f.DefaultMavenResourcesFiltering - Copying 0 resource from src\main\resources to target\classes
2025-01-04 23:13:45,676 [Worker-11: Building] INFO  o.a.m.s.f.DefaultMavenResourcesFiltering - skip non existing resourceDirectory F:\WorkSpace6AM_BOOT\01SpringBootFirstApp\src\test\resources
2025-01-04 23:14:18,472 [main] INFO  o.e.m2e.actions.ExecutePomAction - Creating new launch configuration
2025-01-04 23:14:26,354 [Worker-16: Launching 01SpringBootFirstApp] INFO  o.eclipse.m2e.core.internal.Bundles - getClasspathEntries(Bundle=org.eclipse.m2e.maven.runtime_3.9.900.20240824-1409 [360])
2025-01-04 23:14:26,354 [Worker-16: Launching 01SpringBootFirstApp] INFO  o.eclipse.m2e.core.internal.Bundles - 	Entry: F:\MySts\spring-tool-suite-4-4.26.0.RELEASE-e4.33.0-win32.win32.x86_64\sts-4.26.0.RELEASE\plugins\org.eclipse.m2e.maven.runtime_3.9.900.20240824-1409
2025-01-04 23:14:26,354 [Worker-16: Launching 01SpringBootFirstApp] INFO  o.eclipse.m2e.core.internal.Bundles - 	Entry: F:\MySts\spring-tool-suite-4-4.26.0.RELEASE-e4.33.0-win32.win32.x86_64\sts-4.26.0.RELEASE\plugins\org.eclipse.m2e.maven.runtime_3.9.900.20240824-1409\jars\aopalliance-1.0.jar
2025-01-04 23:14:26,354 [Worker-16: Launching 01SpringBootFirstApp] INFO  o.eclipse.m2e.core.internal.Bundles - 	Entry: F:\MySts\spring-tool-suite-4-4.26.0.RELEASE-e4.33.0-win32.win32.x86_64\sts-4.26.0.RELEASE\plugins\org.eclipse.m2e.maven.runtime_3.9.900.20240824-1409\jars\guice-5.1.0.jar
2025-01-04 23:14:26,354 [Worker-16: Launching 01SpringBootFirstApp] INFO  o.eclipse.m2e.core.internal.Bundles - 	Entry: F:\MySts\spring-tool-suite-4-4.26.0.RELEASE-e4.33.0-win32.win32.x86_64\sts-4.26.0.RELEASE\plugins\org.eclipse.m2e.maven.runtime_3.9.900.20240824-1409\jars\httpclient-4.5.14.jar
2025-01-04 23:14:26,354 [Worker-16: Launching 01SpringBootFirstApp] INFO  o.eclipse.m2e.core.internal.Bundles - 	Entry: F:\MySts\spring-tool-suite-4-4.26.0.RELEASE-e4.33.0-win32.win32.x86_64\sts-4.26.0.RELEASE\plugins\org.eclipse.m2e.maven.runtime_3.9.900.20240824-1409\jars\httpcore-4.4.16.jar
2025-01-04 23:14:26,355 [Worker-16: Launching 01SpringBootFirstApp] INFO  o.eclipse.m2e.core.internal.Bundles - 	Entry: F:\MySts\spring-tool-suite-4-4.26.0.RELEASE-e4.33.0-win32.win32.x86_64\sts-4.26.0.RELEASE\plugins\org.eclipse.m2e.maven.runtime_3.9.900.20240824-1409\jars\jansi-2.4.1.jar
2025-01-04 23:14:26,355 [Worker-16: Launching 01SpringBootFirstApp] INFO  o.eclipse.m2e.core.internal.Bundles - 	Entry: F:\MySts\spring-tool-suite-4-4.26.0.RELEASE-e4.33.0-win32.win32.x86_64\sts-4.26.0.RELEASE\plugins\org.eclipse.m2e.maven.runtime_3.9.900.20240824-1409\jars\jcl-over-slf4j-1.7.36.jar
2025-01-04 23:14:26,355 [Worker-16: Launching 01SpringBootFirstApp] INFO  o.eclipse.m2e.core.internal.Bundles - 	Entry: F:\MySts\spring-tool-suite-4-4.26.0.RELEASE-e4.33.0-win32.win32.x86_64\sts-4.26.0.RELEASE\plugins\org.eclipse.m2e.maven.runtime_3.9.900.20240824-1409\jars\maven-artifact-3.9.9.jar
2025-01-04 23:14:26,355 [Worker-16: Launching 01SpringBootFirstApp] INFO  o.eclipse.m2e.core.internal.Bundles - 	Entry: F:\MySts\spring-tool-suite-4-4.26.0.RELEASE-e4.33.0-win32.win32.x86_64\sts-4.26.0.RELEASE\plugins\org.eclipse.m2e.maven.runtime_3.9.900.20240824-1409\jars\maven-builder-support-3.9.9.jar
2025-01-04 23:14:26,355 [Worker-16: Launching 01SpringBootFirstApp] INFO  o.eclipse.m2e.core.internal.Bundles - 	Entry: F:\MySts\spring-tool-suite-4-4.26.0.RELEASE-e4.33.0-win32.win32.x86_64\sts-4.26.0.RELEASE\plugins\org.eclipse.m2e.maven.runtime_3.9.900.20240824-1409\jars\maven-compat-3.9.9.jar
2025-01-04 23:14:26,355 [Worker-16: Launching 01SpringBootFirstApp] INFO  o.eclipse.m2e.core.internal.Bundles - 	Entry: F:\MySts\spring-tool-suite-4-4.26.0.RELEASE-e4.33.0-win32.win32.x86_64\sts-4.26.0.RELEASE\plugins\org.eclipse.m2e.maven.runtime_3.9.900.20240824-1409\jars\maven-core-3.9.9.jar
2025-01-04 23:14:26,355 [Worker-16: Launching 01SpringBootFirstApp] INFO  o.eclipse.m2e.core.internal.Bundles - 	Entry: F:\MySts\spring-tool-suite-4-4.26.0.RELEASE-e4.33.0-win32.win32.x86_64\sts-4.26.0.RELEASE\plugins\org.eclipse.m2e.maven.runtime_3.9.900.20240824-1409\jars\maven-embedder-3.9.9.jar
2025-01-04 23:14:26,355 [Worker-16: Launching 01SpringBootFirstApp] INFO  o.eclipse.m2e.core.internal.Bundles - 	Entry: F:\MySts\spring-tool-suite-4-4.26.0.RELEASE-e4.33.0-win32.win32.x86_64\sts-4.26.0.RELEASE\plugins\org.eclipse.m2e.maven.runtime_3.9.900.20240824-1409\jars\maven-model-3.9.9.jar
2025-01-04 23:14:26,355 [Worker-16: Launching 01SpringBootFirstApp] INFO  o.eclipse.m2e.core.internal.Bundles - 	Entry: F:\MySts\spring-tool-suite-4-4.26.0.RELEASE-e4.33.0-win32.win32.x86_64\sts-4.26.0.RELEASE\plugins\org.eclipse.m2e.maven.runtime_3.9.900.20240824-1409\jars\maven-model-builder-3.9.9.jar
2025-01-04 23:14:26,355 [Worker-16: Launching 01SpringBootFirstApp] INFO  o.eclipse.m2e.core.internal.Bundles - 	Entry: F:\MySts\spring-tool-suite-4-4.26.0.RELEASE-e4.33.0-win32.win32.x86_64\sts-4.26.0.RELEASE\plugins\org.eclipse.m2e.maven.runtime_3.9.900.20240824-1409\jars\maven-plugin-api-3.9.9.jar
2025-01-04 23:14:26,356 [Worker-16: Launching 01SpringBootFirstApp] INFO  o.eclipse.m2e.core.internal.Bundles - 	Entry: F:\MySts\spring-tool-suite-4-4.26.0.RELEASE-e4.33.0-win32.win32.x86_64\sts-4.26.0.RELEASE\plugins\org.eclipse.m2e.maven.runtime_3.9.900.20240824-1409\jars\maven-repository-metadata-3.9.9.jar
2025-01-04 23:14:26,356 [Worker-16: Launching 01SpringBootFirstApp] INFO  o.eclipse.m2e.core.internal.Bundles - 	Entry: F:\MySts\spring-tool-suite-4-4.26.0.RELEASE-e4.33.0-win32.win32.x86_64\sts-4.26.0.RELEASE\plugins\org.eclipse.m2e.maven.runtime_3.9.900.20240824-1409\jars\maven-resolver-api-1.9.22.jar
2025-01-04 23:14:26,356 [Worker-16: Launching 01SpringBootFirstApp] INFO  o.eclipse.m2e.core.internal.Bundles - 	Entry: F:\MySts\spring-tool-suite-4-4.26.0.RELEASE-e4.33.0-win32.win32.x86_64\sts-4.26.0.RELEASE\plugins\org.eclipse.m2e.maven.runtime_3.9.900.20240824-1409\jars\maven-resolver-connector-basic-1.9.22.jar
2025-01-04 23:14:26,356 [Worker-16: Launching 01SpringBootFirstApp] INFO  o.eclipse.m2e.core.internal.Bundles - 	Entry: F:\MySts\spring-tool-suite-4-4.26.0.RELEASE-e4.33.0-win32.win32.x86_64\sts-4.26.0.RELEASE\plugins\org.eclipse.m2e.maven.runtime_3.9.900.20240824-1409\jars\maven-resolver-impl-1.9.22.jar
2025-01-04 23:14:26,356 [Worker-16: Launching 01SpringBootFirstApp] INFO  o.eclipse.m2e.core.internal.Bundles - 	Entry: F:\MySts\spring-tool-suite-4-4.26.0.RELEASE-e4.33.0-win32.win32.x86_64\sts-4.26.0.RELEASE\plugins\org.eclipse.m2e.maven.runtime_3.9.900.20240824-1409\jars\maven-resolver-named-locks-1.9.22.jar
2025-01-04 23:14:26,356 [Worker-16: Launching 01SpringBootFirstApp] INFO  o.eclipse.m2e.core.internal.Bundles - 	Entry: F:\MySts\spring-tool-suite-4-4.26.0.RELEASE-e4.33.0-win32.win32.x86_64\sts-4.26.0.RELEASE\plugins\org.eclipse.m2e.maven.runtime_3.9.900.20240824-1409\jars\maven-resolver-provider-3.9.9.jar
2025-01-04 23:14:26,356 [Worker-16: Launching 01SpringBootFirstApp] INFO  o.eclipse.m2e.core.internal.Bundles - 	Entry: F:\MySts\spring-tool-suite-4-4.26.0.RELEASE-e4.33.0-win32.win32.x86_64\sts-4.26.0.RELEASE\plugins\org.eclipse.m2e.maven.runtime_3.9.900.20240824-1409\jars\maven-resolver-spi-1.9.22.jar
2025-01-04 23:14:26,356 [Worker-16: Launching 01SpringBootFirstApp] INFO  o.eclipse.m2e.core.internal.Bundles - 	Entry: F:\MySts\spring-tool-suite-4-4.26.0.RELEASE-e4.33.0-win32.win32.x86_64\sts-4.26.0.RELEASE\plugins\org.eclipse.m2e.maven.runtime_3.9.900.20240824-1409\jars\maven-resolver-transport-file-1.9.22.jar
2025-01-04 23:14:26,356 [Worker-16: Launching 01SpringBootFirstApp] INFO  o.eclipse.m2e.core.internal.Bundles - 	Entry: F:\MySts\spring-tool-suite-4-4.26.0.RELEASE-e4.33.0-win32.win32.x86_64\sts-4.26.0.RELEASE\plugins\org.eclipse.m2e.maven.runtime_3.9.900.20240824-1409\jars\maven-resolver-transport-http-1.9.22.jar
2025-01-04 23:14:26,356 [Worker-16: Launching 01SpringBootFirstApp] INFO  o.eclipse.m2e.core.internal.Bundles - 	Entry: F:\MySts\spring-tool-suite-4-4.26.0.RELEASE-e4.33.0-win32.win32.x86_64\sts-4.26.0.RELEASE\plugins\org.eclipse.m2e.maven.runtime_3.9.900.20240824-1409\jars\maven-resolver-transport-wagon-1.9.22.jar
2025-01-04 23:14:26,356 [Worker-16: Launching 01SpringBootFirstApp] INFO  o.eclipse.m2e.core.internal.Bundles - 	Entry: F:\MySts\spring-tool-suite-4-4.26.0.RELEASE-e4.33.0-win32.win32.x86_64\sts-4.26.0.RELEASE\plugins\org.eclipse.m2e.maven.runtime_3.9.900.20240824-1409\jars\maven-resolver-util-1.9.22.jar
2025-01-04 23:14:26,357 [Worker-16: Launching 01SpringBootFirstApp] INFO  o.eclipse.m2e.core.internal.Bundles - 	Entry: F:\MySts\spring-tool-suite-4-4.26.0.RELEASE-e4.33.0-win32.win32.x86_64\sts-4.26.0.RELEASE\plugins\org.eclipse.m2e.maven.runtime_3.9.900.20240824-1409\jars\maven-settings-3.9.9.jar
2025-01-04 23:14:26,357 [Worker-16: Launching 01SpringBootFirstApp] INFO  o.eclipse.m2e.core.internal.Bundles - 	Entry: F:\MySts\spring-tool-suite-4-4.26.0.RELEASE-e4.33.0-win32.win32.x86_64\sts-4.26.0.RELEASE\plugins\org.eclipse.m2e.maven.runtime_3.9.900.20240824-1409\jars\maven-settings-builder-3.9.9.jar
2025-01-04 23:14:26,357 [Worker-16: Launching 01SpringBootFirstApp] INFO  o.eclipse.m2e.core.internal.Bundles - 	Entry: F:\MySts\spring-tool-suite-4-4.26.0.RELEASE-e4.33.0-win32.win32.x86_64\sts-4.26.0.RELEASE\plugins\org.eclipse.m2e.maven.runtime_3.9.900.20240824-1409\jars\maven-shared-utils-3.4.2.jar
2025-01-04 23:14:26,357 [Worker-16: Launching 01SpringBootFirstApp] INFO  o.eclipse.m2e.core.internal.Bundles - 	Entry: F:\MySts\spring-tool-suite-4-4.26.0.RELEASE-e4.33.0-win32.win32.x86_64\sts-4.26.0.RELEASE\plugins\org.eclipse.m2e.maven.runtime_3.9.900.20240824-1409\jars\org.eclipse.sisu.inject-0.9.0.M3.jar
2025-01-04 23:14:26,357 [Worker-16: Launching 01SpringBootFirstApp] INFO  o.eclipse.m2e.core.internal.Bundles - 	Entry: F:\MySts\spring-tool-suite-4-4.26.0.RELEASE-e4.33.0-win32.win32.x86_64\sts-4.26.0.RELEASE\plugins\org.eclipse.m2e.maven.runtime_3.9.900.20240824-1409\jars\org.eclipse.sisu.plexus-0.9.0.M3.jar
2025-01-04 23:14:26,357 [Worker-16: Launching 01SpringBootFirstApp] INFO  o.eclipse.m2e.core.internal.Bundles - 	Entry: F:\MySts\spring-tool-suite-4-4.26.0.RELEASE-e4.33.0-win32.win32.x86_64\sts-4.26.0.RELEASE\plugins\org.eclipse.m2e.maven.runtime_3.9.900.20240824-1409\jars\plexus-build-api-0.0.7.jar
2025-01-04 23:14:26,357 [Worker-16: Launching 01SpringBootFirstApp] INFO  o.eclipse.m2e.core.internal.Bundles - 	Entry: F:\MySts\spring-tool-suite-4-4.26.0.RELEASE-e4.33.0-win32.win32.x86_64\sts-4.26.0.RELEASE\plugins\org.eclipse.m2e.maven.runtime_3.9.900.20240824-1409\jars\plexus-build-api-1.2.0.jar
2025-01-04 23:14:26,357 [Worker-16: Launching 01SpringBootFirstApp] INFO  o.eclipse.m2e.core.internal.Bundles - 	Entry: F:\MySts\spring-tool-suite-4-4.26.0.RELEASE-e4.33.0-win32.win32.x86_64\sts-4.26.0.RELEASE\plugins\org.eclipse.m2e.maven.runtime_3.9.900.20240824-1409\jars\plexus-cipher-2.0.jar
2025-01-04 23:14:26,357 [Worker-16: Launching 01SpringBootFirstApp] INFO  o.eclipse.m2e.core.internal.Bundles - 	Entry: F:\MySts\spring-tool-suite-4-4.26.0.RELEASE-e4.33.0-win32.win32.x86_64\sts-4.26.0.RELEASE\plugins\org.eclipse.m2e.maven.runtime_3.9.900.20240824-1409\jars\plexus-classworlds-2.8.0.jar
2025-01-04 23:14:26,357 [Worker-16: Launching 01SpringBootFirstApp] INFO  o.eclipse.m2e.core.internal.Bundles - 	Entry: F:\MySts\spring-tool-suite-4-4.26.0.RELEASE-e4.33.0-win32.win32.x86_64\sts-4.26.0.RELEASE\plugins\org.eclipse.m2e.maven.runtime_3.9.900.20240824-1409\jars\plexus-component-annotations-2.1.0.jar
2025-01-04 23:14:26,357 [Worker-16: Launching 01SpringBootFirstApp] INFO  o.eclipse.m2e.core.internal.Bundles - 	Entry: F:\MySts\spring-tool-suite-4-4.26.0.RELEASE-e4.33.0-win32.win32.x86_64\sts-4.26.0.RELEASE\plugins\org.eclipse.m2e.maven.runtime_3.9.900.20240824-1409\jars\plexus-interpolation-1.27.jar
2025-01-04 23:14:26,357 [Worker-16: Launching 01SpringBootFirstApp] INFO  o.eclipse.m2e.core.internal.Bundles - 	Entry: F:\MySts\spring-tool-suite-4-4.26.0.RELEASE-e4.33.0-win32.win32.x86_64\sts-4.26.0.RELEASE\plugins\org.eclipse.m2e.maven.runtime_3.9.900.20240824-1409\jars\plexus-sec-dispatcher-2.0.jar
2025-01-04 23:14:26,358 [Worker-16: Launching 01SpringBootFirstApp] INFO  o.eclipse.m2e.core.internal.Bundles - 	Entry: F:\MySts\spring-tool-suite-4-4.26.0.RELEASE-e4.33.0-win32.win32.x86_64\sts-4.26.0.RELEASE\plugins\org.eclipse.m2e.maven.runtime_3.9.900.20240824-1409\jars\plexus-utils-3.5.1.jar
2025-01-04 23:14:26,358 [Worker-16: Launching 01SpringBootFirstApp] INFO  o.eclipse.m2e.core.internal.Bundles - 	Entry: F:\MySts\spring-tool-suite-4-4.26.0.RELEASE-e4.33.0-win32.win32.x86_64\sts-4.26.0.RELEASE\plugins\org.eclipse.m2e.maven.runtime_3.9.900.20240824-1409\jars\plexus-xml-3.0.1.jar
2025-01-04 23:14:26,358 [Worker-16: Launching 01SpringBootFirstApp] INFO  o.eclipse.m2e.core.internal.Bundles - 	Entry: F:\MySts\spring-tool-suite-4-4.26.0.RELEASE-e4.33.0-win32.win32.x86_64\sts-4.26.0.RELEASE\plugins\org.eclipse.m2e.maven.runtime_3.9.900.20240824-1409\jars\wagon-file-3.5.3.jar
2025-01-04 23:14:26,358 [Worker-16: Launching 01SpringBootFirstApp] INFO  o.eclipse.m2e.core.internal.Bundles - 	Entry: F:\MySts\spring-tool-suite-4-4.26.0.RELEASE-e4.33.0-win32.win32.x86_64\sts-4.26.0.RELEASE\plugins\org.eclipse.m2e.maven.runtime_3.9.900.20240824-1409\jars\wagon-http-3.5.3.jar
2025-01-04 23:14:26,358 [Worker-16: Launching 01SpringBootFirstApp] INFO  o.eclipse.m2e.core.internal.Bundles - 	Entry: F:\MySts\spring-tool-suite-4-4.26.0.RELEASE-e4.33.0-win32.win32.x86_64\sts-4.26.0.RELEASE\plugins\org.eclipse.m2e.maven.runtime_3.9.900.20240824-1409\jars\wagon-http-shared-3.5.3.jar
2025-01-04 23:14:26,358 [Worker-16: Launching 01SpringBootFirstApp] INFO  o.eclipse.m2e.core.internal.Bundles - 	Entry: F:\MySts\spring-tool-suite-4-4.26.0.RELEASE-e4.33.0-win32.win32.x86_64\sts-4.26.0.RELEASE\plugins\org.eclipse.m2e.maven.runtime_3.9.900.20240824-1409\jars\wagon-provider-api-3.5.3.jar
2025-01-04 23:14:26,358 [Worker-16: Launching 01SpringBootFirstApp] INFO  o.eclipse.m2e.core.internal.Bundles - getClasspathEntries(Bundle=com.google.guava_33.3.0.jre [29])
2025-01-04 23:14:26,358 [Worker-16: Launching 01SpringBootFirstApp] INFO  o.eclipse.m2e.core.internal.Bundles - 	Entry: F:\MySts\spring-tool-suite-4-4.26.0.RELEASE-e4.33.0-win32.win32.x86_64\sts-4.26.0.RELEASE\plugins\com.google.guava_33.3.0.jre.jar
2025-01-04 23:14:26,358 [Worker-16: Launching 01SpringBootFirstApp] INFO  o.eclipse.m2e.core.internal.Bundles - getClasspathEntries(Bundle=slf4j.api_2.0.16 [593])
2025-01-04 23:14:26,359 [Worker-16: Launching 01SpringBootFirstApp] INFO  o.eclipse.m2e.core.internal.Bundles - 	Entry: F:\MySts\spring-tool-suite-4-4.26.0.RELEASE-e4.33.0-win32.win32.x86_64\sts-4.26.0.RELEASE\plugins\slf4j.api_2.0.16.jar
2025-01-04 23:14:26,359 [Worker-16: Launching 01SpringBootFirstApp] INFO  o.eclipse.m2e.core.internal.Bundles - getClasspathEntries(Bundle=jakarta.inject.jakarta.inject-api_1.0.5 [45])
2025-01-04 23:14:26,359 [Worker-16: Launching 01SpringBootFirstApp] INFO  o.eclipse.m2e.core.internal.Bundles - 	Entry: F:\MySts\spring-tool-suite-4-4.26.0.RELEASE-e4.33.0-win32.win32.x86_64\sts-4.26.0.RELEASE\plugins\jakarta.inject.jakarta.inject-api_1.0.5.jar
2025-01-04 23:14:26,359 [Worker-16: Launching 01SpringBootFirstApp] INFO  o.eclipse.m2e.core.internal.Bundles - getClasspathEntries(Bundle=jakarta.annotation-api_1.3.5 [41])
2025-01-04 23:14:26,359 [Worker-16: Launching 01SpringBootFirstApp] INFO  o.eclipse.m2e.core.internal.Bundles - 	Entry: F:\MySts\spring-tool-suite-4-4.26.0.RELEASE-e4.33.0-win32.win32.x86_64\sts-4.26.0.RELEASE\plugins\jakarta.annotation-api_1.3.5.jar
2025-01-04 23:14:26,359 [Worker-16: Launching 01SpringBootFirstApp] INFO  o.eclipse.m2e.core.internal.Bundles - getClasspathEntries(Bundle=org.apache.commons.cli_1.9.0 [77])
2025-01-04 23:14:26,359 [Worker-16: Launching 01SpringBootFirstApp] INFO  o.eclipse.m2e.core.internal.Bundles - 	Entry: F:\MySts\spring-tool-suite-4-4.26.0.RELEASE-e4.33.0-win32.win32.x86_64\sts-4.26.0.RELEASE\plugins\org.apache.commons.cli_1.9.0.jar
2025-01-04 23:14:26,359 [Worker-16: Launching 01SpringBootFirstApp] INFO  o.eclipse.m2e.core.internal.Bundles - getClasspathEntries(Bundle=org.apache.commons.commons-codec_1.16.0 [80])
2025-01-04 23:14:26,359 [Worker-16: Launching 01SpringBootFirstApp] INFO  o.eclipse.m2e.core.internal.Bundles - 	Entry: F:\MySts\spring-tool-suite-4-4.26.0.RELEASE-e4.33.0-win32.win32.x86_64\sts-4.26.0.RELEASE\plugins\org.apache.commons.commons-codec_1.16.0.jar
2025-01-04 23:14:26,359 [Worker-16: Launching 01SpringBootFirstApp] INFO  o.eclipse.m2e.core.internal.Bundles - getClasspathEntries(Bundle=com.google.guava.failureaccess_1.0.2 [30])
2025-01-04 23:14:26,359 [Worker-16: Launching 01SpringBootFirstApp] INFO  o.eclipse.m2e.core.internal.Bundles - 	Entry: F:\MySts\spring-tool-suite-4-4.26.0.RELEASE-e4.33.0-win32.win32.x86_64\sts-4.26.0.RELEASE\plugins\com.google.guava.failureaccess_1.0.2.jar
2025-01-04 23:14:26,361 [Worker-16: Launching 01SpringBootFirstApp] INFO  o.e.m.i.launch.MavenLaunchDelegate - Run build in "F:\WorkSpace6AM_BOOT\01SpringBootFirstApp":
2025-01-04 23:14:26,361 [Worker-16: Launching 01SpringBootFirstApp] INFO  o.e.m.i.launch.MavenLaunchDelegate -  mvn  -Ppom.xml -B -Dstyle.color=always package
2025-01-04 23:15:49,233 [Worker-11: Building] INFO  o.e.m.c.i.l.LifecycleMappingFactory - Using org.eclipse.m2e.jdt.JarLifecycleMapping lifecycle mapping for MavenProject: com.app.zayyni:01SpringBootFirstApp:1.0 @ F:\WorkSpace6AM_BOOT\01SpringBootFirstApp\pom.xml.
2025-01-04 23:15:49,729 [Worker-11: Building] INFO  o.a.m.s.f.DefaultMavenResourcesFiltering - Copying 0 resource from src\main\resources to target\classes
2025-01-04 23:15:49,729 [Worker-11: Building] INFO  o.a.m.s.f.DefaultMavenResourcesFiltering - Copying 0 resource from src\main\resources to target\classes
2025-01-04 23:15:49,740 [Worker-11: Building] INFO  o.a.m.s.f.DefaultMavenResourcesFiltering - skip non existing resourceDirectory F:\WorkSpace6AM_BOOT\01SpringBootFirstApp\src\test\resources
2025-01-04 23:15:51,086 [Worker-18: Building] INFO  o.a.m.s.f.DefaultMavenResourcesFiltering - Copying 1 resource from src\main\resources to target\classes
2025-01-04 23:15:51,100 [Worker-18: Building] INFO  o.a.m.s.f.DefaultMavenResourcesFiltering - Copying 0 resource from src\main\resources to target\classes
2025-01-04 23:15:51,104 [Worker-18: Building] INFO  o.a.m.s.f.DefaultMavenResourcesFiltering - skip non existing resourceDirectory F:\WorkSpace6AM_BOOT\01SpringBootFirstApp\src\test\resources
2025-01-04 23:16:08,963 [Worker-16: Building] INFO  o.e.m.c.i.l.LifecycleMappingFactory - Using org.eclipse.m2e.jdt.JarLifecycleMapping lifecycle mapping for MavenProject: com.app.zayyni:01SpringBootFirstApp:1.0 @ F:\WorkSpace6AM_BOOT\01SpringBootFirstApp\pom.xml.
2025-01-04 23:16:09,383 [Worker-16: Building] INFO  o.a.m.s.f.DefaultMavenResourcesFiltering - Copying 0 resource from src\main\resources to target\classes
2025-01-04 23:16:09,383 [Worker-16: Building] INFO  o.a.m.s.f.DefaultMavenResourcesFiltering - Copying 0 resource from src\main\resources to target\classes
2025-01-04 23:16:09,388 [Worker-16: Building] INFO  o.a.m.s.f.DefaultMavenResourcesFiltering - skip non existing resourceDirectory F:\WorkSpace6AM_BOOT\01SpringBootFirstApp\src\test\resources
2025-01-04 23:16:56,873 [Worker-1: Loading available Gradle versions] INFO  o.e.b.c.i.u.g.PublishedGradleVersions - Gradle version information cache is up-to-date. Trying to read.
2025-01-04 23:17:19,307 [Worker-8: Building] INFO  o.e.m.c.i.l.LifecycleMappingFactory - Using org.eclipse.m2e.jdt.JarLifecycleMapping lifecycle mapping for MavenProject: com.app.zayyni:01SpringBootFirstApp:1.0 @ F:\WorkSpace6AM_BOOT\01SpringBootFirstApp\pom.xml.
2025-01-04 23:17:20,010 [Worker-8: Building] INFO  o.a.m.s.f.DefaultMavenResourcesFiltering - Copying 1 resource from src\main\resources to target\classes
2025-01-04 23:17:20,033 [Worker-8: Building] INFO  o.a.m.s.f.DefaultMavenResourcesFiltering - Copying 0 resource from src\main\resources to target\classes
2025-01-04 23:17:20,040 [Worker-8: Building] INFO  o.a.m.s.f.DefaultMavenResourcesFiltering - skip non existing resourceDirectory F:\WorkSpace6AM_BOOT\01SpringBootFirstApp\src\test\resources
2025-01-04 23:18:29,526 [Worker-6: Import Getting Started Content] INFO  o.e.m.c.i.l.LifecycleMappingFactory - Using org.eclipse.m2e.jdt.JarLifecycleMapping lifecycle mapping for MavenProject: com.app.zayyni:02SpringBootFirstApp:1.0 @ F:\WorkSpace6AM_BOOT\02SpringBootFirstApp\pom.xml.
2025-01-04 23:18:30,352 [Worker-6: Import Getting Started Content] INFO  o.e.m.j.i.AbstractJavaProjectConfigurator - Adding source folder /02SpringBootFirstApp/src/main/java
2025-01-04 23:18:30,354 [Worker-6: Import Getting Started Content] INFO  o.e.m.j.i.AbstractJavaProjectConfigurator - Adding resource folder /02SpringBootFirstApp/src/main/resources
2025-01-04 23:18:30,358 [Worker-6: Import Getting Started Content] INFO  o.e.m.j.i.AbstractJavaProjectConfigurator - Adding resource folder /02SpringBootFirstApp/src/main/resources
2025-01-04 23:18:30,361 [Worker-6: Import Getting Started Content] INFO  o.e.m.j.i.AbstractJavaProjectConfigurator - Adding source folder /02SpringBootFirstApp/src/test/java
2025-01-04 23:18:30,364 [Worker-6: Import Getting Started Content] INFO  o.e.m.j.i.AbstractJavaProjectConfigurator - Adding resource folder /02SpringBootFirstApp/src/test/resources
2025-01-04 23:18:30,692 [Worker-6: Import Getting Started Content] INFO  o.e.m.c.i.p.ProjectConfigurationManager - Imported and configured 1 project(s) in 1 sec
2025-01-04 23:18:30,696 [Worker-6: Import Getting Started Content] INFO  o.e.m.c.i.p.ProjectConfigurationManager - Update started
2025-01-04 23:18:31,112 [Worker-6: Import Getting Started Content] INFO  o.e.m.c.i.l.LifecycleMappingFactory - Using org.eclipse.m2e.jdt.JarLifecycleMapping lifecycle mapping for MavenProject: com.app.zayyni:02SpringBootFirstApp:1.0 @ F:\WorkSpace6AM_BOOT\02SpringBootFirstApp\pom.xml.
2025-01-04 23:18:31,590 [Worker-6: Import Getting Started Content] INFO  o.e.m.j.i.AbstractJavaProjectConfigurator - Adding source folder /02SpringBootFirstApp/src/main/java
2025-01-04 23:18:31,593 [Worker-6: Import Getting Started Content] INFO  o.e.m.j.i.AbstractJavaProjectConfigurator - Adding resource folder /02SpringBootFirstApp/src/main/resources
2025-01-04 23:18:31,594 [Worker-6: Import Getting Started Content] INFO  o.e.m.j.i.AbstractJavaProjectConfigurator - Adding resource folder /02SpringBootFirstApp/src/main/resources
2025-01-04 23:18:31,594 [Worker-6: Import Getting Started Content] INFO  o.e.m.j.i.AbstractJavaProjectConfigurator - Adding source folder /02SpringBootFirstApp/src/test/java
2025-01-04 23:18:31,595 [Worker-6: Import Getting Started Content] INFO  o.e.m.j.i.AbstractJavaProjectConfigurator - Adding resource folder /02SpringBootFirstApp/src/test/resources
2025-01-04 23:18:31,992 [Worker-6: Import Getting Started Content] INFO  o.e.m.c.i.p.ProjectConfigurationManager - Update completed for 1 poms: local refresh takes 0.00 sec, refresh facades takes 0.00 sec, update config takes 0.00 sec 
2025-01-04 23:18:32,573 [Worker-4: Building] INFO  o.a.m.s.f.DefaultMavenResourcesFiltering - Copying 1 resource from src\main\resources to target\classes
2025-01-04 23:18:32,589 [Worker-4: Building] INFO  o.a.m.s.f.DefaultMavenResourcesFiltering - Copying 0 resource from src\main\resources to target\classes
2025-01-04 23:18:32,594 [Worker-4: Building] INFO  o.a.m.s.f.DefaultMavenResourcesFiltering - skip non existing resourceDirectory F:\WorkSpace6AM_BOOT\02SpringBootFirstApp\src\test\resources
2025-01-04 23:19:27,680 [Worker-4: Building] INFO  o.a.m.s.f.DefaultMavenResourcesFiltering - Copying 1 resource from src\main\resources to target\classes
2025-01-04 23:19:27,686 [Worker-4: Building] INFO  o.a.m.s.f.DefaultMavenResourcesFiltering - Copying 0 resource from src\main\resources to target\classes
2025-01-04 23:19:27,690 [Worker-4: Building] INFO  o.a.m.s.f.DefaultMavenResourcesFiltering - skip non existing resourceDirectory F:\WorkSpace6AM_BOOT\02SpringBootFirstApp\src\test\resources
2025-01-04 23:19:44,204 [Worker-0: Building] INFO  o.a.m.s.f.DefaultMavenResourcesFiltering - Copying 1 resource from src\main\resources to target\classes
2025-01-04 23:19:44,210 [Worker-0: Building] INFO  o.a.m.s.f.DefaultMavenResourcesFiltering - Copying 0 resource from src\main\resources to target\classes
2025-01-04 23:19:44,215 [Worker-0: Building] INFO  o.a.m.s.f.DefaultMavenResourcesFiltering - skip non existing resourceDirectory F:\WorkSpace6AM_BOOT\02SpringBootFirstApp\src\test\resources
2025-01-04 23:20:36,570 [Worker-8: Building] INFO  o.a.m.s.f.DefaultMavenResourcesFiltering - Copying 1 resource from src\main\resources to target\classes
2025-01-04 23:20:36,582 [Worker-8: Building] INFO  o.a.m.s.f.DefaultMavenResourcesFiltering - Copying 0 resource from src\main\resources to target\classes
2025-01-04 23:20:36,590 [Worker-8: Building] INFO  o.a.m.s.f.DefaultMavenResourcesFiltering - skip non existing resourceDirectory F:\WorkSpace6AM_BOOT\02SpringBootFirstApp\src\test\resources
2025-01-04 23:21:03,974 [Worker-4: Building] INFO  o.a.m.s.f.DefaultMavenResourcesFiltering - Copying 1 resource from src\main\resources to target\classes
2025-01-04 23:21:03,988 [Worker-4: Building] INFO  o.a.m.s.f.DefaultMavenResourcesFiltering - Copying 0 resource from src\main\resources to target\classes
2025-01-04 23:21:03,992 [Worker-4: Building] INFO  o.a.m.s.f.DefaultMavenResourcesFiltering - skip non existing resourceDirectory F:\WorkSpace6AM_BOOT\02SpringBootFirstApp\src\test\resources
2025-01-04 23:21:32,137 [Worker-8: Building] INFO  o.a.m.s.f.DefaultMavenResourcesFiltering - Copying 1 resource from src\main\resources to target\classes
2025-01-04 23:21:32,141 [Worker-8: Building] INFO  o.a.m.s.f.DefaultMavenResourcesFiltering - Copying 0 resource from src\main\resources to target\classes
2025-01-04 23:21:32,145 [Worker-8: Building] INFO  o.a.m.s.f.DefaultMavenResourcesFiltering - skip non existing resourceDirectory F:\WorkSpace6AM_BOOT\02SpringBootFirstApp\src\test\resources
2025-01-04 23:22:18,176 [Worker-7: Building] INFO  o.a.m.s.f.DefaultMavenResourcesFiltering - Copying 1 resource from src\main\resources to target\classes
2025-01-04 23:22:18,193 [Worker-7: Building] INFO  o.a.m.s.f.DefaultMavenResourcesFiltering - Copying 0 resource from src\main\resources to target\classes
2025-01-04 23:22:18,200 [Worker-7: Building] INFO  o.a.m.s.f.DefaultMavenResourcesFiltering - skip non existing resourceDirectory F:\WorkSpace6AM_BOOT\02SpringBootFirstApp\src\test\resources
2025-01-04 23:22:30,541 [Worker-4: Building] INFO  o.a.m.s.f.DefaultMavenResourcesFiltering - Copying 1 resource from src\main\resources to target\classes
2025-01-04 23:22:30,547 [Worker-4: Building] INFO  o.a.m.s.f.DefaultMavenResourcesFiltering - Copying 0 resource from src\main\resources to target\classes
2025-01-04 23:22:30,551 [Worker-4: Building] INFO  o.a.m.s.f.DefaultMavenResourcesFiltering - skip non existing resourceDirectory F:\WorkSpace6AM_BOOT\02SpringBootFirstApp\src\test\resources
2025-01-04 23:23:27,181 [Worker-8: Building] INFO  o.a.m.s.f.DefaultMavenResourcesFiltering - Copying 1 resource from src\main\resources to target\classes
2025-01-04 23:23:27,187 [Worker-8: Building] INFO  o.a.m.s.f.DefaultMavenResourcesFiltering - Copying 0 resource from src\main\resources to target\classes
2025-01-04 23:23:27,191 [Worker-8: Building] INFO  o.a.m.s.f.DefaultMavenResourcesFiltering - skip non existing resourceDirectory F:\WorkSpace6AM_BOOT\02SpringBootFirstApp\src\test\resources
2025-01-04 23:24:29,919 [Worker-4: Building] INFO  o.a.m.s.f.DefaultMavenResourcesFiltering - Copying 1 resource from src\main\resources to target\classes
2025-01-04 23:24:29,926 [Worker-4: Building] INFO  o.a.m.s.f.DefaultMavenResourcesFiltering - Copying 0 resource from src\main\resources to target\classes
2025-01-04 23:24:29,930 [Worker-4: Building] INFO  o.a.m.s.f.DefaultMavenResourcesFiltering - skip non existing resourceDirectory F:\WorkSpace6AM_BOOT\02SpringBootFirstApp\src\test\resources
2025-01-04 23:24:31,326 [Worker-5: Building] INFO  o.a.m.s.f.DefaultMavenResourcesFiltering - Copying 1 resource from src\main\resources to target\classes
2025-01-04 23:24:31,338 [Worker-5: Building] INFO  o.a.m.s.f.DefaultMavenResourcesFiltering - Copying 0 resource from src\main\resources to target\classes
2025-01-04 23:24:31,341 [Worker-5: Building] INFO  o.a.m.s.f.DefaultMavenResourcesFiltering - skip non existing resourceDirectory F:\WorkSpace6AM_BOOT\02SpringBootFirstApp\src\test\resources
2025-01-04 23:25:23,565 [Worker-6: Building] INFO  o.a.m.s.f.DefaultMavenResourcesFiltering - Copying 1 resource from src\main\resources to target\classes
2025-01-04 23:25:23,586 [Worker-6: Building] INFO  o.a.m.s.f.DefaultMavenResourcesFiltering - Copying 0 resource from src\main\resources to target\classes
2025-01-04 23:25:23,592 [Worker-6: Building] INFO  o.a.m.s.f.DefaultMavenResourcesFiltering - skip non existing resourceDirectory F:\WorkSpace6AM_BOOT\02SpringBootFirstApp\src\test\resources
2025-01-04 23:30:37,376 [Worker-3: Building] INFO  o.a.m.s.f.DefaultMavenResourcesFiltering - Copying 1 resource from src\main\resources to target\classes
2025-01-04 23:30:37,382 [Worker-3: Building] INFO  o.a.m.s.f.DefaultMavenResourcesFiltering - Copying 0 resource from src\main\resources to target\classes
2025-01-04 23:30:37,386 [Worker-3: Building] INFO  o.a.m.s.f.DefaultMavenResourcesFiltering - skip non existing resourceDirectory F:\WorkSpace6AM_BOOT\02SpringBootFirstApp\src\test\resources
2025-01-04 23:32:17,030 [Worker-10: Building] INFO  o.a.m.s.f.DefaultMavenResourcesFiltering - Copying 1 resource from src\main\resources to target\classes
2025-01-04 23:32:17,036 [Worker-10: Building] INFO  o.a.m.s.f.DefaultMavenResourcesFiltering - Copying 0 resource from src\main\resources to target\classes
2025-01-04 23:32:17,040 [Worker-10: Building] INFO  o.a.m.s.f.DefaultMavenResourcesFiltering - skip non existing resourceDirectory F:\WorkSpace6AM_BOOT\02SpringBootFirstApp\src\test\resources
2025-01-04 23:34:27,809 [Worker-9: Building] INFO  o.a.m.s.f.DefaultMavenResourcesFiltering - Copying 1 resource from src\main\resources to target\classes
2025-01-04 23:34:27,816 [Worker-9: Building] INFO  o.a.m.s.f.DefaultMavenResourcesFiltering - Copying 0 resource from src\main\resources to target\classes
2025-01-04 23:34:27,820 [Worker-9: Building] INFO  o.a.m.s.f.DefaultMavenResourcesFiltering - skip non existing resourceDirectory F:\WorkSpace6AM_BOOT\02SpringBootFirstApp\src\test\resources
2025-01-04 23:55:14,803 [Worker-3: Building] INFO  o.a.m.s.f.DefaultMavenResourcesFiltering - Copying 1 resource from src\main\resources to target\classes
2025-01-04 23:55:14,809 [Worker-3: Building] INFO  o.a.m.s.f.DefaultMavenResourcesFiltering - Copying 0 resource from src\main\resources to target\classes
2025-01-04 23:55:14,813 [Worker-3: Building] INFO  o.a.m.s.f.DefaultMavenResourcesFiltering - skip non existing resourceDirectory F:\WorkSpace6AM_BOOT\02SpringBootFirstApp\src\test\resources
2025-01-04 23:56:19,498 [Worker-18: Building] INFO  o.a.m.s.f.DefaultMavenResourcesFiltering - Copying 1 resource from src\main\resources to target\classes
2025-01-04 23:56:19,504 [Worker-18: Building] INFO  o.a.m.s.f.DefaultMavenResourcesFiltering - Copying 0 resource from src\main\resources to target\classes
2025-01-04 23:56:19,507 [Worker-18: Building] INFO  o.a.m.s.f.DefaultMavenResourcesFiltering - skip non existing resourceDirectory F:\WorkSpace6AM_BOOT\02SpringBootFirstApp\src\test\resources
2025-01-04 23:57:07,075 [Worker-18: Building] INFO  o.a.m.s.f.DefaultMavenResourcesFiltering - Copying 1 resource from src\main\resources to target\classes
2025-01-04 23:57:07,119 [Worker-18: Building] INFO  o.a.m.s.f.DefaultMavenResourcesFiltering - Copying 0 resource from src\main\resources to target\classes
2025-01-04 23:57:07,179 [Worker-18: Building] INFO  o.a.m.s.f.DefaultMavenResourcesFiltering - skip non existing resourceDirectory F:\WorkSpace6AM_BOOT\02SpringBootFirstApp\src\test\resources
2025-01-04 23:57:38,454 [Worker-3: Building] INFO  o.a.m.s.f.DefaultMavenResourcesFiltering - Copying 1 resource from src\main\resources to target\classes
2025-01-04 23:57:38,459 [Worker-3: Building] INFO  o.a.m.s.f.DefaultMavenResourcesFiltering - Copying 0 resource from src\main\resources to target\classes
2025-01-04 23:57:38,464 [Worker-3: Building] INFO  o.a.m.s.f.DefaultMavenResourcesFiltering - skip non existing resourceDirectory F:\WorkSpace6AM_BOOT\02SpringBootFirstApp\src\test\resources
2025-01-04 23:59:33,444 [Worker-19: Building] INFO  o.a.m.s.f.DefaultMavenResourcesFiltering - Copying 1 resource from src\main\resources to target\classes
2025-01-04 23:59:33,450 [Worker-19: Building] INFO  o.a.m.s.f.DefaultMavenResourcesFiltering - Copying 0 resource from src\main\resources to target\classes
2025-01-04 23:59:33,454 [Worker-19: Building] INFO  o.a.m.s.f.DefaultMavenResourcesFiltering - skip non existing resourceDirectory F:\WorkSpace6AM_BOOT\02SpringBootFirstApp\src\test\resources
2025-01-05 00:00:05,211 [Worker-22: Building] INFO  o.a.m.s.f.DefaultMavenResourcesFiltering - Copying 1 resource from src\main\resources to target\classes
2025-01-05 00:00:05,217 [Worker-22: Building] INFO  o.a.m.s.f.DefaultMavenResourcesFiltering - Copying 0 resource from src\main\resources to target\classes
2025-01-05 00:00:05,220 [Worker-22: Building] INFO  o.a.m.s.f.DefaultMavenResourcesFiltering - skip non existing resourceDirectory F:\WorkSpace6AM_BOOT\02SpringBootFirstApp\src\test\resources
2025-01-05 00:00:11,230 [Worker-21: Building] INFO  o.a.m.s.f.DefaultMavenResourcesFiltering - Copying 1 resource from src\main\resources to target\classes
2025-01-05 00:00:11,236 [Worker-21: Building] INFO  o.a.m.s.f.DefaultMavenResourcesFiltering - Copying 0 resource from src\main\resources to target\classes
2025-01-05 00:00:11,239 [Worker-21: Building] INFO  o.a.m.s.f.DefaultMavenResourcesFiltering - skip non existing resourceDirectory F:\WorkSpace6AM_BOOT\02SpringBootFirstApp\src\test\resources
2025-01-05 00:00:37,400 [Worker-17: Launching 02SpringBootFirstApp - Application] INFO  o.a.m.s.f.DefaultMavenResourcesFiltering - Copying 1 resource from src\main\resources to target\classes
2025-01-05 00:00:37,475 [Worker-17: Launching 02SpringBootFirstApp - Application] INFO  o.a.m.s.f.DefaultMavenResourcesFiltering - Copying 0 resource from src\main\resources to target\classes
2025-01-05 00:00:37,481 [Worker-17: Launching 02SpringBootFirstApp - Application] INFO  o.a.m.s.f.DefaultMavenResourcesFiltering - skip non existing resourceDirectory F:\WorkSpace6AM_BOOT\02SpringBootFirstApp\src\test\resources
2025-01-05 00:01:47,129 [Worker-19: Building] INFO  o.a.m.s.f.DefaultMavenResourcesFiltering - Copying 1 resource from src\main\resources to target\classes
2025-01-05 00:01:47,135 [Worker-19: Building] INFO  o.a.m.s.f.DefaultMavenResourcesFiltering - Copying 0 resource from src\main\resources to target\classes
2025-01-05 00:01:47,138 [Worker-19: Building] INFO  o.a.m.s.f.DefaultMavenResourcesFiltering - skip non existing resourceDirectory F:\WorkSpace6AM_BOOT\02SpringBootFirstApp\src\test\resources
2025-01-05 00:02:59,236 [Worker-17: Building] INFO  o.a.m.s.f.DefaultMavenResourcesFiltering - Copying 1 resource from src\main\resources to target\classes
2025-01-05 00:02:59,242 [Worker-17: Building] INFO  o.a.m.s.f.DefaultMavenResourcesFiltering - Copying 0 resource from src\main\resources to target\classes
2025-01-05 00:02:59,245 [Worker-17: Building] INFO  o.a.m.s.f.DefaultMavenResourcesFiltering - skip non existing resourceDirectory F:\WorkSpace6AM_BOOT\02SpringBootFirstApp\src\test\resources
2025-01-05 00:03:38,094 [Worker-19: Building] INFO  o.a.m.s.f.DefaultMavenResourcesFiltering - Copying 1 resource from src\main\resources to target\classes
2025-01-05 00:03:38,099 [Worker-19: Building] INFO  o.a.m.s.f.DefaultMavenResourcesFiltering - Copying 0 resource from src\main\resources to target\classes
2025-01-05 00:03:38,103 [Worker-19: Building] INFO  o.a.m.s.f.DefaultMavenResourcesFiltering - skip non existing resourceDirectory F:\WorkSpace6AM_BOOT\02SpringBootFirstApp\src\test\resources
2025-01-05 00:03:56,142 [Worker-26: Building] INFO  o.a.m.s.f.DefaultMavenResourcesFiltering - Copying 1 resource from src\main\resources to target\classes
2025-01-05 00:03:56,148 [Worker-26: Building] INFO  o.a.m.s.f.DefaultMavenResourcesFiltering - Copying 0 resource from src\main\resources to target\classes
2025-01-05 00:03:56,151 [Worker-26: Building] INFO  o.a.m.s.f.DefaultMavenResourcesFiltering - skip non existing resourceDirectory F:\WorkSpace6AM_BOOT\02SpringBootFirstApp\src\test\resources
2025-01-05 00:04:14,948 [Worker-17: Building] INFO  o.a.m.s.f.DefaultMavenResourcesFiltering - Copying 1 resource from src\main\resources to target\classes
2025-01-05 00:04:14,953 [Worker-17: Building] INFO  o.a.m.s.f.DefaultMavenResourcesFiltering - Copying 0 resource from src\main\resources to target\classes
2025-01-05 00:04:14,957 [Worker-17: Building] INFO  o.a.m.s.f.DefaultMavenResourcesFiltering - skip non existing resourceDirectory F:\WorkSpace6AM_BOOT\02SpringBootFirstApp\src\test\resources
2025-01-05 16:18:17,255 [Worker-3: Loading available Gradle versions] INFO  o.e.b.c.i.u.g.PublishedGradleVersions - Gradle version information cache is up-to-date. Trying to read.
2025-01-05 21:48:36,462 [Worker-8: Import Getting Started Content] INFO  o.e.m.c.i.l.LifecycleMappingFactory - Using org.eclipse.m2e.jdt.JarLifecycleMapping lifecycle mapping for MavenProject: com.app.zayyni:03SpringBootFirstApp:1.0 @ F:\WorkSpace6AM_BOOT\03SpringBootFirstApp\pom.xml.
2025-01-05 21:48:39,176 [Worker-8: Import Getting Started Content] INFO  o.e.m.j.i.AbstractJavaProjectConfigurator - Adding source folder /03SpringBootFirstApp/src/main/java
2025-01-05 21:48:39,177 [Worker-8: Import Getting Started Content] INFO  o.e.m.j.i.AbstractJavaProjectConfigurator - Adding resource folder /03SpringBootFirstApp/src/main/resources
2025-01-05 21:48:39,180 [Worker-8: Import Getting Started Content] INFO  o.e.m.j.i.AbstractJavaProjectConfigurator - Adding resource folder /03SpringBootFirstApp/src/main/resources
2025-01-05 21:48:39,187 [Worker-8: Import Getting Started Content] INFO  o.e.m.j.i.AbstractJavaProjectConfigurator - Adding source folder /03SpringBootFirstApp/src/test/java
2025-01-05 21:48:39,188 [Worker-8: Import Getting Started Content] INFO  o.e.m.j.i.AbstractJavaProjectConfigurator - Adding resource folder /03SpringBootFirstApp/src/test/resources
2025-01-05 21:48:39,801 [Worker-8: Import Getting Started Content] INFO  o.e.m.c.i.p.ProjectConfigurationManager - Imported and configured 1 project(s) in 6 sec
2025-01-05 21:48:39,815 [Worker-8: Import Getting Started Content] INFO  o.e.m.c.i.p.ProjectConfigurationManager - Update started
2025-01-05 21:48:40,818 [Worker-8: Import Getting Started Content] INFO  o.e.m.c.i.l.LifecycleMappingFactory - Using org.eclipse.m2e.jdt.JarLifecycleMapping lifecycle mapping for MavenProject: com.app.zayyni:03SpringBootFirstApp:1.0 @ F:\WorkSpace6AM_BOOT\03SpringBootFirstApp\pom.xml.
2025-01-05 21:48:41,664 [Worker-8: Import Getting Started Content] INFO  o.e.m.j.i.AbstractJavaProjectConfigurator - Adding source folder /03SpringBootFirstApp/src/main/java
2025-01-05 21:48:41,665 [Worker-8: Import Getting Started Content] INFO  o.e.m.j.i.AbstractJavaProjectConfigurator - Adding resource folder /03SpringBootFirstApp/src/main/resources
2025-01-05 21:48:41,666 [Worker-8: Import Getting Started Content] INFO  o.e.m.j.i.AbstractJavaProjectConfigurator - Adding resource folder /03SpringBootFirstApp/src/main/resources
2025-01-05 21:48:41,669 [Worker-8: Import Getting Started Content] INFO  o.e.m.j.i.AbstractJavaProjectConfigurator - Adding source folder /03SpringBootFirstApp/src/test/java
2025-01-05 21:48:41,670 [Worker-8: Import Getting Started Content] INFO  o.e.m.j.i.AbstractJavaProjectConfigurator - Adding resource folder /03SpringBootFirstApp/src/test/resources
2025-01-05 21:48:42,414 [Worker-8: Import Getting Started Content] INFO  o.e.m.c.i.p.ProjectConfigurationManager - Update completed for 1 poms: local refresh takes 0.00 sec, refresh facades takes 1.00 sec, update config takes 0.00 sec 
2025-01-05 21:48:44,508 [Worker-12: Building] INFO  o.a.m.s.f.DefaultMavenResourcesFiltering - Copying 1 resource from src\main\resources to target\classes
2025-01-05 21:48:44,531 [Worker-12: Building] INFO  o.a.m.s.f.DefaultMavenResourcesFiltering - Copying 0 resource from src\main\resources to target\classes
2025-01-05 21:48:44,544 [Worker-12: Building] INFO  o.a.m.s.f.DefaultMavenResourcesFiltering - skip non existing resourceDirectory F:\WorkSpace6AM_BOOT\03SpringBootFirstApp\src\test\resources
2025-01-05 21:49:28,507 [Worker-12: Building] INFO  o.a.m.s.f.DefaultMavenResourcesFiltering - Copying 1 resource from src\main\resources to target\classes
2025-01-05 21:49:28,618 [Worker-12: Building] INFO  o.a.m.s.f.DefaultMavenResourcesFiltering - Copying 0 resource from src\main\resources to target\classes
2025-01-05 21:49:28,623 [Worker-12: Building] INFO  o.a.m.s.f.DefaultMavenResourcesFiltering - skip non existing resourceDirectory F:\WorkSpace6AM_BOOT\03SpringBootFirstApp\src\test\resources
2025-01-05 21:49:37,431 [Worker-10: Building] INFO  o.a.m.s.f.DefaultMavenResourcesFiltering - Copying 1 resource from src\main\resources to target\classes
2025-01-05 21:49:37,439 [Worker-10: Building] INFO  o.a.m.s.f.DefaultMavenResourcesFiltering - Copying 0 resource from src\main\resources to target\classes
2025-01-05 21:49:37,444 [Worker-10: Building] INFO  o.a.m.s.f.DefaultMavenResourcesFiltering - skip non existing resourceDirectory F:\WorkSpace6AM_BOOT\03SpringBootFirstApp\src\test\resources
2025-01-05 21:50:09,178 [Worker-10: Building] INFO  o.a.m.s.f.DefaultMavenResourcesFiltering - Copying 1 resource from src\main\resources to target\classes
2025-01-05 21:50:09,194 [Worker-10: Building] INFO  o.a.m.s.f.DefaultMavenResourcesFiltering - Copying 0 resource from src\main\resources to target\classes
2025-01-05 21:50:09,198 [Worker-10: Building] INFO  o.a.m.s.f.DefaultMavenResourcesFiltering - skip non existing resourceDirectory F:\WorkSpace6AM_BOOT\03SpringBootFirstApp\src\test\resources
2025-01-05 21:50:17,600 [Worker-10: Building] INFO  o.a.m.s.f.DefaultMavenResourcesFiltering - Copying 1 resource from src\main\resources to target\classes
2025-01-05 21:50:17,606 [Worker-10: Building] INFO  o.a.m.s.f.DefaultMavenResourcesFiltering - Copying 0 resource from src\main\resources to target\classes
2025-01-05 21:50:17,609 [Worker-10: Building] INFO  o.a.m.s.f.DefaultMavenResourcesFiltering - skip non existing resourceDirectory F:\WorkSpace6AM_BOOT\03SpringBootFirstApp\src\test\resources
2025-01-05 21:50:20,403 [Worker-7: Building] INFO  o.a.m.s.f.DefaultMavenResourcesFiltering - Copying 1 resource from src\main\resources to target\classes
2025-01-05 21:50:20,416 [Worker-7: Building] INFO  o.a.m.s.f.DefaultMavenResourcesFiltering - Copying 0 resource from src\main\resources to target\classes
2025-01-05 21:50:20,422 [Worker-7: Building] INFO  o.a.m.s.f.DefaultMavenResourcesFiltering - skip non existing resourceDirectory F:\WorkSpace6AM_BOOT\03SpringBootFirstApp\src\test\resources
2025-01-05 21:50:42,063 [Worker-7: Building] INFO  o.a.m.s.f.DefaultMavenResourcesFiltering - Copying 1 resource from src\main\resources to target\classes
2025-01-05 21:50:42,069 [Worker-7: Building] INFO  o.a.m.s.f.DefaultMavenResourcesFiltering - Copying 0 resource from src\main\resources to target\classes
2025-01-05 21:50:42,072 [Worker-7: Building] INFO  o.a.m.s.f.DefaultMavenResourcesFiltering - skip non existing resourceDirectory F:\WorkSpace6AM_BOOT\03SpringBootFirstApp\src\test\resources
2025-01-05 21:51:14,389 [Worker-10: Building] INFO  o.a.m.s.f.DefaultMavenResourcesFiltering - Copying 1 resource from src\main\resources to target\classes
2025-01-05 21:51:14,402 [Worker-10: Building] INFO  o.a.m.s.f.DefaultMavenResourcesFiltering - Copying 0 resource from src\main\resources to target\classes
2025-01-05 21:51:14,436 [Worker-10: Building] INFO  o.a.m.s.f.DefaultMavenResourcesFiltering - skip non existing resourceDirectory F:\WorkSpace6AM_BOOT\03SpringBootFirstApp\src\test\resources
2025-01-05 21:52:01,466 [Worker-7: Building] INFO  o.a.m.s.f.DefaultMavenResourcesFiltering - Copying 1 resource from src\main\resources to target\classes
2025-01-05 21:52:01,472 [Worker-7: Building] INFO  o.a.m.s.f.DefaultMavenResourcesFiltering - Copying 0 resource from src\main\resources to target\classes
2025-01-05 21:52:01,475 [Worker-7: Building] INFO  o.a.m.s.f.DefaultMavenResourcesFiltering - skip non existing resourceDirectory F:\WorkSpace6AM_BOOT\03SpringBootFirstApp\src\test\resources
2025-01-05 21:53:15,252 [Worker-8: Building] INFO  o.a.m.s.f.DefaultMavenResourcesFiltering - Copying 1 resource from src\main\resources to target\classes
2025-01-05 21:53:15,256 [Worker-8: Building] INFO  o.a.m.s.f.DefaultMavenResourcesFiltering - Copying 0 resource from src\main\resources to target\classes
2025-01-05 21:53:15,259 [Worker-8: Building] INFO  o.a.m.s.f.DefaultMavenResourcesFiltering - skip non existing resourceDirectory F:\WorkSpace6AM_BOOT\03SpringBootFirstApp\src\test\resources
2025-01-05 21:53:23,064 [Worker-8: Building] INFO  o.a.m.s.f.DefaultMavenResourcesFiltering - Copying 1 resource from src\main\resources to target\classes
2025-01-05 21:53:23,117 [Worker-8: Building] INFO  o.a.m.s.f.DefaultMavenResourcesFiltering - Copying 0 resource from src\main\resources to target\classes
2025-01-05 21:53:23,127 [Worker-8: Building] INFO  o.a.m.s.f.DefaultMavenResourcesFiltering - skip non existing resourceDirectory F:\WorkSpace6AM_BOOT\03SpringBootFirstApp\src\test\resources
2025-01-05 21:53:38,629 [Worker-11: Building] INFO  o.a.m.s.f.DefaultMavenResourcesFiltering - Copying 1 resource from src\main\resources to target\classes
2025-01-05 21:53:38,634 [Worker-11: Building] INFO  o.a.m.s.f.DefaultMavenResourcesFiltering - Copying 0 resource from src\main\resources to target\classes
2025-01-05 21:53:38,637 [Worker-11: Building] INFO  o.a.m.s.f.DefaultMavenResourcesFiltering - skip non existing resourceDirectory F:\WorkSpace6AM_BOOT\03SpringBootFirstApp\src\test\resources
2025-01-05 21:54:10,874 [Worker-13: Building] INFO  o.a.m.s.f.DefaultMavenResourcesFiltering - Copying 1 resource from src\main\resources to target\classes
2025-01-05 21:54:10,878 [Worker-13: Building] INFO  o.a.m.s.f.DefaultMavenResourcesFiltering - Copying 0 resource from src\main\resources to target\classes
2025-01-05 21:54:10,881 [Worker-13: Building] INFO  o.a.m.s.f.DefaultMavenResourcesFiltering - skip non existing resourceDirectory F:\WorkSpace6AM_BOOT\03SpringBootFirstApp\src\test\resources
2025-01-05 21:55:18,430 [Worker-13: Building] INFO  o.a.m.s.f.DefaultMavenResourcesFiltering - Copying 1 resource from src\main\resources to target\classes
2025-01-05 21:55:18,435 [Worker-13: Building] INFO  o.a.m.s.f.DefaultMavenResourcesFiltering - Copying 0 resource from src\main\resources to target\classes
2025-01-05 21:55:18,437 [Worker-13: Building] INFO  o.a.m.s.f.DefaultMavenResourcesFiltering - skip non existing resourceDirectory F:\WorkSpace6AM_BOOT\03SpringBootFirstApp\src\test\resources
2025-01-05 21:55:43,547 [Worker-8: Building] INFO  o.a.m.s.f.DefaultMavenResourcesFiltering - Copying 1 resource from src\main\resources to target\classes
2025-01-05 21:55:43,551 [Worker-8: Building] INFO  o.a.m.s.f.DefaultMavenResourcesFiltering - Copying 0 resource from src\main\resources to target\classes
2025-01-05 21:55:43,554 [Worker-8: Building] INFO  o.a.m.s.f.DefaultMavenResourcesFiltering - skip non existing resourceDirectory F:\WorkSpace6AM_BOOT\03SpringBootFirstApp\src\test\resources
2025-01-05 21:56:12,345 [Worker-12: Building] INFO  o.a.m.s.f.DefaultMavenResourcesFiltering - Copying 1 resource from src\main\resources to target\classes
2025-01-05 21:56:12,350 [Worker-12: Building] INFO  o.a.m.s.f.DefaultMavenResourcesFiltering - Copying 0 resource from src\main\resources to target\classes
2025-01-05 21:56:12,353 [Worker-12: Building] INFO  o.a.m.s.f.DefaultMavenResourcesFiltering - skip non existing resourceDirectory F:\WorkSpace6AM_BOOT\03SpringBootFirstApp\src\test\resources
2025-01-05 22:01:01,541 [Worker-18: Building] INFO  o.a.m.s.f.DefaultMavenResourcesFiltering - Copying 1 resource from src\main\resources to target\classes
2025-01-05 22:01:01,566 [Worker-18: Building] INFO  o.a.m.s.f.DefaultMavenResourcesFiltering - Copying 0 resource from src\main\resources to target\classes
2025-01-05 22:01:01,574 [Worker-18: Building] INFO  o.a.m.s.f.DefaultMavenResourcesFiltering - skip non existing resourceDirectory F:\WorkSpace6AM_BOOT\03SpringBootFirstApp\src\test\resources
2025-01-05 22:01:06,102 [Worker-10: Building] INFO  o.a.m.s.f.DefaultMavenResourcesFiltering - Copying 1 resource from src\main\resources to target\classes
2025-01-05 22:01:06,107 [Worker-10: Building] INFO  o.a.m.s.f.DefaultMavenResourcesFiltering - Copying 0 resource from src\main\resources to target\classes
2025-01-05 22:01:06,110 [Worker-10: Building] INFO  o.a.m.s.f.DefaultMavenResourcesFiltering - skip non existing resourceDirectory F:\WorkSpace6AM_BOOT\03SpringBootFirstApp\src\test\resources
2025-01-05 22:01:41,023 [Worker-20: Building] INFO  o.a.m.s.f.DefaultMavenResourcesFiltering - Copying 1 resource from src\main\resources to target\classes
2025-01-05 22:01:41,027 [Worker-20: Building] INFO  o.a.m.s.f.DefaultMavenResourcesFiltering - Copying 0 resource from src\main\resources to target\classes
2025-01-05 22:01:41,031 [Worker-20: Building] INFO  o.a.m.s.f.DefaultMavenResourcesFiltering - skip non existing resourceDirectory F:\WorkSpace6AM_BOOT\03SpringBootFirstApp\src\test\resources
2025-01-05 22:02:00,964 [Worker-19: Building] INFO  o.a.m.s.f.DefaultMavenResourcesFiltering - Copying 1 resource from src\main\resources to target\classes
2025-01-05 22:02:00,969 [Worker-19: Building] INFO  o.a.m.s.f.DefaultMavenResourcesFiltering - Copying 0 resource from src\main\resources to target\classes
2025-01-05 22:02:00,975 [Worker-19: Building] INFO  o.a.m.s.f.DefaultMavenResourcesFiltering - skip non existing resourceDirectory F:\WorkSpace6AM_BOOT\03SpringBootFirstApp\src\test\resources
2025-01-05 22:08:14,473 [Worker-24: Building] INFO  o.a.m.s.f.DefaultMavenResourcesFiltering - Copying 1 resource from src\main\resources to target\classes
2025-01-05 22:08:14,478 [Worker-24: Building] INFO  o.a.m.s.f.DefaultMavenResourcesFiltering - Copying 0 resource from src\main\resources to target\classes
2025-01-05 22:08:14,484 [Worker-24: Building] INFO  o.a.m.s.f.DefaultMavenResourcesFiltering - skip non existing resourceDirectory F:\WorkSpace6AM_BOOT\03SpringBootFirstApp\src\test\resources
2025-01-05 22:09:59,041 [Worker-18: Building] INFO  o.a.m.s.f.DefaultMavenResourcesFiltering - Copying 1 resource from src\main\resources to target\classes
2025-01-05 22:09:59,047 [Worker-18: Building] INFO  o.a.m.s.f.DefaultMavenResourcesFiltering - Copying 0 resource from src\main\resources to target\classes
2025-01-05 22:09:59,050 [Worker-18: Building] INFO  o.a.m.s.f.DefaultMavenResourcesFiltering - skip non existing resourceDirectory F:\WorkSpace6AM_BOOT\03SpringBootFirstApp\src\test\resources
2025-01-05 22:10:12,734 [Worker-18: Building] INFO  o.a.m.s.f.DefaultMavenResourcesFiltering - Copying 1 resource from src\main\resources to target\classes
2025-01-05 22:10:12,746 [Worker-18: Building] INFO  o.a.m.s.f.DefaultMavenResourcesFiltering - Copying 0 resource from src\main\resources to target\classes
2025-01-05 22:10:12,749 [Worker-18: Building] INFO  o.a.m.s.f.DefaultMavenResourcesFiltering - skip non existing resourceDirectory F:\WorkSpace6AM_BOOT\03SpringBootFirstApp\src\test\resources
2025-01-19 19:33:11,721 [Worker-0: Loading available Gradle versions] INFO  o.e.b.c.i.u.g.PublishedGradleVersions - Gradle version information cache is out-of-date. Trying to update.
2025-01-19 19:36:31,333 [Worker-6: Import Getting Started Content] INFO  o.e.m.c.i.l.LifecycleMappingFactory - Using org.eclipse.m2e.jdt.JarLifecycleMapping lifecycle mapping for MavenProject: com.app.zayyni:04SpringBootFirstApp:1.0 @ F:\WorkSpace6AM_BOOT\03SpringBootFirstApp-1\pom.xml.
2025-01-19 19:36:32,516 [Worker-6: Import Getting Started Content] INFO  o.e.m.j.i.AbstractJavaProjectConfigurator - Adding source folder /03SpringBootFirstApp-1/src/main/java
2025-01-19 19:36:32,518 [Worker-6: Import Getting Started Content] INFO  o.e.m.j.i.AbstractJavaProjectConfigurator - Adding resource folder /03SpringBootFirstApp-1/src/main/resources
2025-01-19 19:36:32,521 [Worker-6: Import Getting Started Content] INFO  o.e.m.j.i.AbstractJavaProjectConfigurator - Adding resource folder /03SpringBootFirstApp-1/src/main/resources
2025-01-19 19:36:32,524 [Worker-6: Import Getting Started Content] INFO  o.e.m.j.i.AbstractJavaProjectConfigurator - Adding source folder /03SpringBootFirstApp-1/src/test/java
2025-01-19 19:36:32,525 [Worker-6: Import Getting Started Content] INFO  o.e.m.j.i.AbstractJavaProjectConfigurator - Adding resource folder /03SpringBootFirstApp-1/src/test/resources
2025-01-19 19:36:32,733 [Worker-6: Import Getting Started Content] INFO  o.e.m.c.i.p.ProjectConfigurationManager - Imported and configured 1 project(s) in 2 sec
2025-01-19 19:36:32,737 [Worker-6: Import Getting Started Content] INFO  o.e.m.c.i.p.ProjectConfigurationManager - Update started
2025-01-19 19:36:33,127 [Worker-6: Import Getting Started Content] INFO  o.e.m.c.i.l.LifecycleMappingFactory - Using org.eclipse.m2e.jdt.JarLifecycleMapping lifecycle mapping for MavenProject: com.app.zayyni:04SpringBootFirstApp:1.0 @ F:\WorkSpace6AM_BOOT\03SpringBootFirstApp-1\pom.xml.
2025-01-19 19:36:33,534 [Worker-6: Import Getting Started Content] INFO  o.e.m.j.i.AbstractJavaProjectConfigurator - Adding source folder /03SpringBootFirstApp-1/src/main/java
2025-01-19 19:36:33,537 [Worker-6: Import Getting Started Content] INFO  o.e.m.j.i.AbstractJavaProjectConfigurator - Adding resource folder /03SpringBootFirstApp-1/src/main/resources
2025-01-19 19:36:33,538 [Worker-6: Import Getting Started Content] INFO  o.e.m.j.i.AbstractJavaProjectConfigurator - Adding resource folder /03SpringBootFirstApp-1/src/main/resources
2025-01-19 19:36:33,538 [Worker-6: Import Getting Started Content] INFO  o.e.m.j.i.AbstractJavaProjectConfigurator - Adding source folder /03SpringBootFirstApp-1/src/test/java
2025-01-19 19:36:33,539 [Worker-6: Import Getting Started Content] INFO  o.e.m.j.i.AbstractJavaProjectConfigurator - Adding resource folder /03SpringBootFirstApp-1/src/test/resources
2025-01-19 19:36:34,091 [Worker-6: Import Getting Started Content] INFO  o.e.m.c.i.p.ProjectConfigurationManager - Update completed for 1 poms: local refresh takes 0.00 sec, refresh facades takes 0.00 sec, update config takes 0.00 sec 
2025-01-19 19:36:34,905 [Worker-1: Building] INFO  o.a.m.s.f.DefaultMavenResourcesFiltering - Copying 1 resource from src\main\resources to target\classes
2025-01-19 19:36:34,927 [Worker-1: Building] INFO  o.a.m.s.f.DefaultMavenResourcesFiltering - Copying 0 resource from src\main\resources to target\classes
2025-01-19 19:36:34,932 [Worker-1: Building] INFO  o.a.m.s.f.DefaultMavenResourcesFiltering - skip non existing resourceDirectory F:\WorkSpace6AM_BOOT\03SpringBootFirstApp-1\src\test\resources
2025-01-19 19:36:55,626 [Worker-3: Updating Maven Project] INFO  o.e.m.c.i.p.ProjectConfigurationManager - Update started
2025-01-19 19:36:56,024 [Worker-3: Updating Maven Project] INFO  o.e.m.c.i.l.LifecycleMappingFactory - Using org.eclipse.m2e.jdt.JarLifecycleMapping lifecycle mapping for MavenProject: com.app.zayyni:04SpringBootFirstApp:1.0 @ F:\WorkSpace6AM_BOOT\03SpringBootFirstApp-1\pom.xml.
2025-01-19 19:36:56,408 [Worker-3: Updating Maven Project] INFO  o.e.m.j.i.AbstractJavaProjectConfigurator - Adding source folder /03SpringBootFirstApp-1/src/main/java
2025-01-19 19:36:56,409 [Worker-3: Updating Maven Project] INFO  o.e.m.j.i.AbstractJavaProjectConfigurator - Adding resource folder /03SpringBootFirstApp-1/src/main/resources
2025-01-19 19:36:56,410 [Worker-3: Updating Maven Project] INFO  o.e.m.j.i.AbstractJavaProjectConfigurator - Adding resource folder /03SpringBootFirstApp-1/src/main/resources
2025-01-19 19:36:56,410 [Worker-3: Updating Maven Project] INFO  o.e.m.j.i.AbstractJavaProjectConfigurator - Adding source folder /03SpringBootFirstApp-1/src/test/java
2025-01-19 19:36:56,410 [Worker-3: Updating Maven Project] INFO  o.e.m.j.i.AbstractJavaProjectConfigurator - Adding resource folder /03SpringBootFirstApp-1/src/test/resources
2025-01-19 19:36:56,725 [Worker-3: Updating Maven Project] INFO  o.e.m.c.i.p.ProjectConfigurationManager - Update completed for 1 poms: local refresh takes 0.00 sec, refresh facades takes 0.00 sec, update config takes 0.00 sec 
2025-01-19 19:36:56,999 [Worker-1: Building] INFO  o.a.m.s.f.DefaultMavenResourcesFiltering - Copying 1 resource from src\main\resources to target\classes
2025-01-19 19:36:57,017 [Worker-1: Building] INFO  o.a.m.s.f.DefaultMavenResourcesFiltering - Copying 0 resource from src\main\resources to target\classes
2025-01-19 19:36:57,024 [Worker-1: Building] INFO  o.a.m.s.f.DefaultMavenResourcesFiltering - skip non existing resourceDirectory F:\WorkSpace6AM_BOOT\03SpringBootFirstApp-1\src\test\resources
2025-01-19 19:37:44,220 [Worker-2: Import Getting Started Content] INFO  o.e.m.c.i.l.LifecycleMappingFactory - Using org.eclipse.m2e.jdt.JarLifecycleMapping lifecycle mapping for MavenProject: com.app.zayyni:04SpringBootFirstApp:1.0 @ F:\WorkSpace6AM_BOOT\04SpringBootFirstApp\pom.xml.
2025-01-19 19:37:45,024 [Worker-2: Import Getting Started Content] INFO  o.e.m.j.i.AbstractJavaProjectConfigurator - Adding source folder /04SpringBootFirstApp/src/main/java
2025-01-19 19:37:45,024 [Worker-2: Import Getting Started Content] INFO  o.e.m.j.i.AbstractJavaProjectConfigurator - Adding resource folder /04SpringBootFirstApp/src/main/resources
2025-01-19 19:37:45,027 [Worker-2: Import Getting Started Content] INFO  o.e.m.j.i.AbstractJavaProjectConfigurator - Adding resource folder /04SpringBootFirstApp/src/main/resources
2025-01-19 19:37:45,029 [Worker-2: Import Getting Started Content] INFO  o.e.m.j.i.AbstractJavaProjectConfigurator - Adding source folder /04SpringBootFirstApp/src/test/java
2025-01-19 19:37:45,030 [Worker-2: Import Getting Started Content] INFO  o.e.m.j.i.AbstractJavaProjectConfigurator - Adding resource folder /04SpringBootFirstApp/src/test/resources
2025-01-19 19:37:45,362 [Worker-2: Import Getting Started Content] INFO  o.e.m.c.i.p.ProjectConfigurationManager - Imported and configured 1 project(s) in 1 sec
2025-01-19 19:37:45,367 [Worker-2: Import Getting Started Content] INFO  o.e.m.c.i.p.ProjectConfigurationManager - Update started
2025-01-19 19:37:45,875 [Worker-2: Import Getting Started Content] INFO  o.e.m.c.i.l.LifecycleMappingFactory - Using org.eclipse.m2e.jdt.JarLifecycleMapping lifecycle mapping for MavenProject: com.app.zayyni:04SpringBootFirstApp:1.0 @ F:\WorkSpace6AM_BOOT\04SpringBootFirstApp\pom.xml.
2025-01-19 19:37:46,236 [Worker-2: Import Getting Started Content] INFO  o.e.m.j.i.AbstractJavaProjectConfigurator - Adding source folder /04SpringBootFirstApp/src/main/java
2025-01-19 19:37:46,237 [Worker-2: Import Getting Started Content] INFO  o.e.m.j.i.AbstractJavaProjectConfigurator - Adding resource folder /04SpringBootFirstApp/src/main/resources
2025-01-19 19:37:46,238 [Worker-2: Import Getting Started Content] INFO  o.e.m.j.i.AbstractJavaProjectConfigurator - Adding resource folder /04SpringBootFirstApp/src/main/resources
2025-01-19 19:37:46,238 [Worker-2: Import Getting Started Content] INFO  o.e.m.j.i.AbstractJavaProjectConfigurator - Adding source folder /04SpringBootFirstApp/src/test/java
2025-01-19 19:37:46,238 [Worker-2: Import Getting Started Content] INFO  o.e.m.j.i.AbstractJavaProjectConfigurator - Adding resource folder /04SpringBootFirstApp/src/test/resources
2025-01-19 19:37:46,383 [Worker-2: Import Getting Started Content] INFO  o.e.m.c.i.p.ProjectConfigurationManager - Update completed for 1 poms: local refresh takes 0.00 sec, refresh facades takes 0.00 sec, update config takes 0.00 sec 
2025-01-19 19:37:46,752 [Worker-1: Building] INFO  o.a.m.s.f.DefaultMavenResourcesFiltering - Copying 1 resource from src\main\resources to target\classes
2025-01-19 19:37:46,765 [Worker-1: Building] INFO  o.a.m.s.f.DefaultMavenResourcesFiltering - Copying 0 resource from src\main\resources to target\classes
2025-01-19 19:37:46,769 [Worker-1: Building] INFO  o.a.m.s.f.DefaultMavenResourcesFiltering - skip non existing resourceDirectory F:\WorkSpace6AM_BOOT\04SpringBootFirstApp\src\test\resources
2025-01-19 19:38:07,828 [Worker-4: Building] INFO  o.e.m.c.i.l.LifecycleMappingFactory - Using org.eclipse.m2e.jdt.JarLifecycleMapping lifecycle mapping for MavenProject: com.app.zayyni:04SpringBootFirstApp:1.0 @ F:\WorkSpace6AM_BOOT\04SpringBootFirstApp\pom.xml.
2025-01-19 19:38:08,224 [Worker-4: Building] INFO  o.a.m.s.f.DefaultMavenResourcesFiltering - Copying 0 resource from src\main\resources to target\classes
2025-01-19 19:38:08,224 [Worker-4: Building] INFO  o.a.m.s.f.DefaultMavenResourcesFiltering - Copying 0 resource from src\main\resources to target\classes
2025-01-19 19:38:08,231 [Worker-4: Building] INFO  o.a.m.s.f.DefaultMavenResourcesFiltering - skip non existing resourceDirectory F:\WorkSpace6AM_BOOT\04SpringBootFirstApp\src\test\resources
2025-01-19 19:38:08,340 [Worker-1: Updating Maven Project] INFO  o.e.m.c.i.p.ProjectConfigurationManager - Update started
2025-01-19 19:38:08,773 [Worker-1: Updating Maven Project] INFO  o.e.m.c.i.l.LifecycleMappingFactory - Using org.eclipse.m2e.jdt.JarLifecycleMapping lifecycle mapping for MavenProject: com.app.zayyni:04SpringBootFirstApp:1.0 @ F:\WorkSpace6AM_BOOT\04SpringBootFirstApp\pom.xml.
2025-01-19 19:38:09,164 [Worker-1: Updating Maven Project] INFO  o.e.m.j.i.AbstractJavaProjectConfigurator - Adding source folder /04SpringBootFirstApp/src/main/java
2025-01-19 19:38:09,165 [Worker-1: Updating Maven Project] INFO  o.e.m.j.i.AbstractJavaProjectConfigurator - Adding resource folder /04SpringBootFirstApp/src/main/resources
2025-01-19 19:38:09,165 [Worker-1: Updating Maven Project] INFO  o.e.m.j.i.AbstractJavaProjectConfigurator - Adding resource folder /04SpringBootFirstApp/src/main/resources
2025-01-19 19:38:09,166 [Worker-1: Updating Maven Project] INFO  o.e.m.j.i.AbstractJavaProjectConfigurator - Adding source folder /04SpringBootFirstApp/src/test/java
2025-01-19 19:38:09,166 [Worker-1: Updating Maven Project] INFO  o.e.m.j.i.AbstractJavaProjectConfigurator - Adding resource folder /04SpringBootFirstApp/src/test/resources
2025-01-19 19:38:09,411 [Worker-1: Updating Maven Project] INFO  o.e.m.c.i.p.ProjectConfigurationManager - Update completed for 1 poms: local refresh takes 0.00 sec, refresh facades takes 0.00 sec, update config takes 0.00 sec 
2025-01-19 19:38:09,736 [Worker-7: Building] INFO  o.a.m.s.f.DefaultMavenResourcesFiltering - Copying 1 resource from src\main\resources to target\classes
2025-01-19 19:38:09,751 [Worker-7: Building] INFO  o.a.m.s.f.DefaultMavenResourcesFiltering - Copying 0 resource from src\main\resources to target\classes
2025-01-19 19:38:09,756 [Worker-7: Building] INFO  o.a.m.s.f.DefaultMavenResourcesFiltering - skip non existing resourceDirectory F:\WorkSpace6AM_BOOT\04SpringBootFirstApp\src\test\resources
2025-01-19 19:38:19,137 [Worker-4: Updating Maven Project] INFO  o.e.m.c.i.p.ProjectConfigurationManager - Update started
2025-01-19 19:38:19,494 [Worker-4: Updating Maven Project] INFO  o.e.m.c.i.l.LifecycleMappingFactory - Using org.eclipse.m2e.jdt.JarLifecycleMapping lifecycle mapping for MavenProject: com.app.zayyni:04SpringBootFirstApp:1.0 @ F:\WorkSpace6AM_BOOT\04SpringBootFirstApp\pom.xml.
2025-01-19 19:38:19,779 [Worker-4: Updating Maven Project] INFO  o.e.m.j.i.AbstractJavaProjectConfigurator - Adding source folder /04SpringBootFirstApp/src/main/java
2025-01-19 19:38:19,780 [Worker-4: Updating Maven Project] INFO  o.e.m.j.i.AbstractJavaProjectConfigurator - Adding resource folder /04SpringBootFirstApp/src/main/resources
2025-01-19 19:38:19,780 [Worker-4: Updating Maven Project] INFO  o.e.m.j.i.AbstractJavaProjectConfigurator - Adding resource folder /04SpringBootFirstApp/src/main/resources
2025-01-19 19:38:19,781 [Worker-4: Updating Maven Project] INFO  o.e.m.j.i.AbstractJavaProjectConfigurator - Adding source folder /04SpringBootFirstApp/src/test/java
2025-01-19 19:38:19,781 [Worker-4: Updating Maven Project] INFO  o.e.m.j.i.AbstractJavaProjectConfigurator - Adding resource folder /04SpringBootFirstApp/src/test/resources
2025-01-19 19:38:20,028 [Worker-4: Updating Maven Project] INFO  o.e.m.c.i.p.ProjectConfigurationManager - Update completed for 1 poms: local refresh takes 0.00 sec, refresh facades takes 0.00 sec, update config takes 0.00 sec 
2025-01-19 19:38:20,273 [Worker-5: Building] INFO  o.a.m.s.f.DefaultMavenResourcesFiltering - Copying 1 resource from src\main\resources to target\classes
2025-01-19 19:38:20,288 [Worker-5: Building] INFO  o.a.m.s.f.DefaultMavenResourcesFiltering - Copying 0 resource from src\main\resources to target\classes
2025-01-19 19:38:20,292 [Worker-5: Building] INFO  o.a.m.s.f.DefaultMavenResourcesFiltering - skip non existing resourceDirectory F:\WorkSpace6AM_BOOT\04SpringBootFirstApp\src\test\resources
2025-01-19 19:39:31,552 [Worker-7: Building] INFO  o.a.m.s.f.DefaultMavenResourcesFiltering - Copying 1 resource from src\main\resources to target\classes
2025-01-19 19:39:31,560 [Worker-7: Building] INFO  o.a.m.s.f.DefaultMavenResourcesFiltering - Copying 0 resource from src\main\resources to target\classes
2025-01-19 19:39:31,564 [Worker-7: Building] INFO  o.a.m.s.f.DefaultMavenResourcesFiltering - skip non existing resourceDirectory F:\WorkSpace6AM_BOOT\04SpringBootFirstApp\src\test\resources
2025-01-19 19:39:49,044 [Worker-1: Building] INFO  o.a.m.s.f.DefaultMavenResourcesFiltering - Copying 1 resource from src\main\resources to target\classes
2025-01-19 19:39:49,053 [Worker-1: Building] INFO  o.a.m.s.f.DefaultMavenResourcesFiltering - Copying 0 resource from src\main\resources to target\classes
2025-01-19 19:39:49,059 [Worker-1: Building] INFO  o.a.m.s.f.DefaultMavenResourcesFiltering - skip non existing resourceDirectory F:\WorkSpace6AM_BOOT\04SpringBootFirstApp\src\test\resources
2025-01-19 19:40:06,175 [Worker-0: Building] INFO  o.a.m.s.f.DefaultMavenResourcesFiltering - Copying 1 resource from src\main\resources to target\classes
2025-01-19 19:40:06,179 [Worker-0: Building] INFO  o.a.m.s.f.DefaultMavenResourcesFiltering - Copying 0 resource from src\main\resources to target\classes
2025-01-19 19:40:06,182 [Worker-0: Building] INFO  o.a.m.s.f.DefaultMavenResourcesFiltering - skip non existing resourceDirectory F:\WorkSpace6AM_BOOT\04SpringBootFirstApp\src\test\resources
2025-01-19 19:40:34,265 [Worker-2: Building] INFO  o.a.m.s.f.DefaultMavenResourcesFiltering - Copying 1 resource from src\main\resources to target\classes
2025-01-19 19:40:34,271 [Worker-2: Building] INFO  o.a.m.s.f.DefaultMavenResourcesFiltering - Copying 0 resource from src\main\resources to target\classes
2025-01-19 19:40:34,275 [Worker-2: Building] INFO  o.a.m.s.f.DefaultMavenResourcesFiltering - skip non existing resourceDirectory F:\WorkSpace6AM_BOOT\04SpringBootFirstApp\src\test\resources
2025-01-19 19:41:25,077 [Worker-0: Building] INFO  o.a.m.s.f.DefaultMavenResourcesFiltering - Copying 1 resource from src\main\resources to target\classes
2025-01-19 19:41:25,082 [Worker-0: Building] INFO  o.a.m.s.f.DefaultMavenResourcesFiltering - Copying 0 resource from src\main\resources to target\classes
2025-01-19 19:41:25,089 [Worker-0: Building] INFO  o.a.m.s.f.DefaultMavenResourcesFiltering - skip non existing resourceDirectory F:\WorkSpace6AM_BOOT\04SpringBootFirstApp\src\test\resources
2025-01-19 19:41:27,477 [Worker-7: Building] INFO  o.a.m.s.f.DefaultMavenResourcesFiltering - Copying 1 resource from src\main\resources to target\classes
2025-01-19 19:41:27,485 [Worker-7: Building] INFO  o.a.m.s.f.DefaultMavenResourcesFiltering - Copying 0 resource from src\main\resources to target\classes
2025-01-19 19:41:27,488 [Worker-7: Building] INFO  o.a.m.s.f.DefaultMavenResourcesFiltering - skip non existing resourceDirectory F:\WorkSpace6AM_BOOT\04SpringBootFirstApp\src\test\resources
2025-01-19 19:42:04,437 [Worker-5: Building] INFO  o.a.m.s.f.DefaultMavenResourcesFiltering - Copying 1 resource from src\main\resources to target\classes
2025-01-19 19:42:04,450 [Worker-5: Building] INFO  o.a.m.s.f.DefaultMavenResourcesFiltering - Copying 0 resource from src\main\resources to target\classes
2025-01-19 19:42:04,452 [Worker-5: Building] INFO  o.a.m.s.f.DefaultMavenResourcesFiltering - skip non existing resourceDirectory F:\WorkSpace6AM_BOOT\04SpringBootFirstApp\src\test\resources
2025-01-19 19:42:06,394 [Worker-6: Building] INFO  o.a.m.s.f.DefaultMavenResourcesFiltering - Copying 1 resource from src\main\resources to target\classes
2025-01-19 19:42:06,420 [Worker-6: Building] INFO  o.a.m.s.f.DefaultMavenResourcesFiltering - Copying 0 resource from src\main\resources to target\classes
2025-01-19 19:42:06,427 [Worker-6: Building] INFO  o.a.m.s.f.DefaultMavenResourcesFiltering - skip non existing resourceDirectory F:\WorkSpace6AM_BOOT\04SpringBootFirstApp\src\test\resources
2025-01-19 19:42:36,932 [Worker-7: Building] INFO  o.a.m.s.f.DefaultMavenResourcesFiltering - Copying 1 resource from src\main\resources to target\classes
2025-01-19 19:42:36,936 [Worker-7: Building] INFO  o.a.m.s.f.DefaultMavenResourcesFiltering - Copying 0 resource from src\main\resources to target\classes
2025-01-19 19:42:36,939 [Worker-7: Building] INFO  o.a.m.s.f.DefaultMavenResourcesFiltering - skip non existing resourceDirectory F:\WorkSpace6AM_BOOT\04SpringBootFirstApp\src\test\resources
2025-01-19 19:42:37,998 [Worker-7: Building] INFO  o.a.m.s.f.DefaultMavenResourcesFiltering - Copying 1 resource from src\main\resources to target\classes
2025-01-19 19:42:38,009 [Worker-7: Building] INFO  o.a.m.s.f.DefaultMavenResourcesFiltering - Copying 0 resource from src\main\resources to target\classes
2025-01-19 19:42:38,017 [Worker-7: Building] INFO  o.a.m.s.f.DefaultMavenResourcesFiltering - skip non existing resourceDirectory F:\WorkSpace6AM_BOOT\04SpringBootFirstApp\src\test\resources
2025-01-19 19:47:39,613 [Worker-7: Building] INFO  o.a.m.s.f.DefaultMavenResourcesFiltering - Copying 1 resource from src\main\resources to target\classes
2025-01-19 19:47:39,624 [Worker-7: Building] INFO  o.a.m.s.f.DefaultMavenResourcesFiltering - Copying 0 resource from src\main\resources to target\classes
2025-01-19 19:47:39,627 [Worker-7: Building] INFO  o.a.m.s.f.DefaultMavenResourcesFiltering - skip non existing resourceDirectory F:\WorkSpace6AM_BOOT\04SpringBootFirstApp\src\test\resources
2025-01-19 19:47:53,167 [Worker-3: Building] INFO  o.a.m.s.f.DefaultMavenResourcesFiltering - Copying 1 resource from src\main\resources to target\classes
2025-01-19 19:47:53,202 [Worker-3: Building] INFO  o.a.m.s.f.DefaultMavenResourcesFiltering - Copying 0 resource from src\main\resources to target\classes
2025-01-19 19:47:53,207 [Worker-3: Building] INFO  o.a.m.s.f.DefaultMavenResourcesFiltering - skip non existing resourceDirectory F:\WorkSpace6AM_BOOT\04SpringBootFirstApp\src\test\resources
2025-01-19 19:48:57,925 [Worker-6: Building] INFO  o.a.m.s.f.DefaultMavenResourcesFiltering - Copying 1 resource from src\main\resources to target\classes
2025-01-19 19:48:57,948 [Worker-6: Building] INFO  o.a.m.s.f.DefaultMavenResourcesFiltering - Copying 0 resource from src\main\resources to target\classes
2025-01-19 19:48:57,954 [Worker-6: Building] INFO  o.a.m.s.f.DefaultMavenResourcesFiltering - skip non existing resourceDirectory F:\WorkSpace6AM_BOOT\04SpringBootFirstApp\src\test\resources
2025-01-19 19:49:02,110 [Worker-3: Building] INFO  o.a.m.s.f.DefaultMavenResourcesFiltering - Copying 1 resource from src\main\resources to target\classes
2025-01-19 19:49:02,115 [Worker-3: Building] INFO  o.a.m.s.f.DefaultMavenResourcesFiltering - Copying 0 resource from src\main\resources to target\classes
2025-01-19 19:49:02,117 [Worker-3: Building] INFO  o.a.m.s.f.DefaultMavenResourcesFiltering - skip non existing resourceDirectory F:\WorkSpace6AM_BOOT\04SpringBootFirstApp\src\test\resources
2025-01-19 19:49:34,742 [Worker-6: Building] INFO  o.a.m.s.f.DefaultMavenResourcesFiltering - Copying 1 resource from src\main\resources to target\classes
2025-01-19 19:49:34,746 [Worker-6: Building] INFO  o.a.m.s.f.DefaultMavenResourcesFiltering - Copying 0 resource from src\main\resources to target\classes
2025-01-19 19:49:34,748 [Worker-6: Building] INFO  o.a.m.s.f.DefaultMavenResourcesFiltering - skip non existing resourceDirectory F:\WorkSpace6AM_BOOT\04SpringBootFirstApp\src\test\resources
2025-01-19 19:50:14,936 [Worker-4: Building] INFO  o.a.m.s.f.DefaultMavenResourcesFiltering - Copying 1 resource from src\main\resources to target\classes
2025-01-19 19:50:14,942 [Worker-4: Building] INFO  o.a.m.s.f.DefaultMavenResourcesFiltering - Copying 0 resource from src\main\resources to target\classes
2025-01-19 19:50:14,948 [Worker-4: Building] INFO  o.a.m.s.f.DefaultMavenResourcesFiltering - skip non existing resourceDirectory F:\WorkSpace6AM_BOOT\04SpringBootFirstApp\src\test\resources
2025-01-19 19:50:22,929 [Worker-10: Building] INFO  o.a.m.s.f.DefaultMavenResourcesFiltering - Copying 1 resource from src\main\resources to target\classes
2025-01-19 19:50:22,946 [Worker-10: Building] INFO  o.a.m.s.f.DefaultMavenResourcesFiltering - Copying 0 resource from src\main\resources to target\classes
2025-01-19 19:50:22,951 [Worker-10: Building] INFO  o.a.m.s.f.DefaultMavenResourcesFiltering - skip non existing resourceDirectory F:\WorkSpace6AM_BOOT\04SpringBootFirstApp\src\test\resources
2025-01-19 19:50:43,218 [Worker-10: Building] INFO  o.a.m.s.f.DefaultMavenResourcesFiltering - Copying 1 resource from src\main\resources to target\classes
2025-01-19 19:50:43,239 [Worker-10: Building] INFO  o.a.m.s.f.DefaultMavenResourcesFiltering - Copying 0 resource from src\main\resources to target\classes
2025-01-19 19:50:43,241 [Worker-10: Building] INFO  o.a.m.s.f.DefaultMavenResourcesFiltering - skip non existing resourceDirectory F:\WorkSpace6AM_BOOT\04SpringBootFirstApp\src\test\resources
2025-01-19 19:52:20,765 [Worker-3: Building] INFO  o.a.m.s.f.DefaultMavenResourcesFiltering - Copying 1 resource from src\main\resources to target\classes
2025-01-19 19:52:20,794 [Worker-3: Building] INFO  o.a.m.s.f.DefaultMavenResourcesFiltering - Copying 0 resource from src\main\resources to target\classes
2025-01-19 19:52:20,800 [Worker-3: Building] INFO  o.a.m.s.f.DefaultMavenResourcesFiltering - skip non existing resourceDirectory F:\WorkSpace6AM_BOOT\04SpringBootFirstApp\src\test\resources
2025-01-19 19:52:32,190 [Worker-4: Building] INFO  o.a.m.s.f.DefaultMavenResourcesFiltering - Copying 1 resource from src\main\resources to target\classes
2025-01-19 19:52:32,196 [Worker-4: Building] INFO  o.a.m.s.f.DefaultMavenResourcesFiltering - Copying 0 resource from src\main\resources to target\classes
2025-01-19 19:52:32,198 [Worker-4: Building] INFO  o.a.m.s.f.DefaultMavenResourcesFiltering - skip non existing resourceDirectory F:\WorkSpace6AM_BOOT\04SpringBootFirstApp\src\test\resources
2025-01-19 19:53:10,756 [Worker-9: Building] INFO  o.a.m.s.f.DefaultMavenResourcesFiltering - Copying 1 resource from src\main\resources to target\classes
2025-01-19 19:53:10,761 [Worker-9: Building] INFO  o.a.m.s.f.DefaultMavenResourcesFiltering - Copying 0 resource from src\main\resources to target\classes
2025-01-19 19:53:10,763 [Worker-9: Building] INFO  o.a.m.s.f.DefaultMavenResourcesFiltering - skip non existing resourceDirectory F:\WorkSpace6AM_BOOT\04SpringBootFirstApp\src\test\resources
2025-01-19 19:53:36,164 [Worker-6: Building] INFO  o.a.m.s.f.DefaultMavenResourcesFiltering - Copying 1 resource from src\main\resources to target\classes
2025-01-19 19:53:36,168 [Worker-6: Building] INFO  o.a.m.s.f.DefaultMavenResourcesFiltering - Copying 0 resource from src\main\resources to target\classes
2025-01-19 19:53:36,171 [Worker-6: Building] INFO  o.a.m.s.f.DefaultMavenResourcesFiltering - skip non existing resourceDirectory F:\WorkSpace6AM_BOOT\04SpringBootFirstApp\src\test\resources
2025-01-19 19:53:59,038 [Worker-7: Building] INFO  o.a.m.s.f.DefaultMavenResourcesFiltering - Copying 1 resource from src\main\resources to target\classes
2025-01-19 19:53:59,051 [Worker-7: Building] INFO  o.a.m.s.f.DefaultMavenResourcesFiltering - Copying 0 resource from src\main\resources to target\classes
2025-01-19 19:53:59,054 [Worker-7: Building] INFO  o.a.m.s.f.DefaultMavenResourcesFiltering - skip non existing resourceDirectory F:\WorkSpace6AM_BOOT\04SpringBootFirstApp\src\test\resources
2025-01-19 19:54:13,338 [Worker-3: Building] INFO  o.a.m.s.f.DefaultMavenResourcesFiltering - Copying 1 resource from src\main\resources to target\classes
2025-01-19 19:54:13,342 [Worker-3: Building] INFO  o.a.m.s.f.DefaultMavenResourcesFiltering - Copying 0 resource from src\main\resources to target\classes
2025-01-19 19:54:13,345 [Worker-3: Building] INFO  o.a.m.s.f.DefaultMavenResourcesFiltering - skip non existing resourceDirectory F:\WorkSpace6AM_BOOT\04SpringBootFirstApp\src\test\resources
2025-01-19 19:55:06,755 [Worker-9: Building] INFO  o.a.m.s.f.DefaultMavenResourcesFiltering - Copying 1 resource from src\main\resources to target\classes
2025-01-19 19:55:06,760 [Worker-9: Building] INFO  o.a.m.s.f.DefaultMavenResourcesFiltering - Copying 0 resource from src\main\resources to target\classes
2025-01-19 19:55:06,762 [Worker-9: Building] INFO  o.a.m.s.f.DefaultMavenResourcesFiltering - skip non existing resourceDirectory F:\WorkSpace6AM_BOOT\04SpringBootFirstApp\src\test\resources
2025-01-19 19:55:29,165 [Worker-9: Building] INFO  o.a.m.s.f.DefaultMavenResourcesFiltering - Copying 1 resource from src\main\resources to target\classes
2025-01-19 19:55:29,176 [Worker-9: Building] INFO  o.a.m.s.f.DefaultMavenResourcesFiltering - Copying 0 resource from src\main\resources to target\classes
2025-01-19 19:55:29,178 [Worker-9: Building] INFO  o.a.m.s.f.DefaultMavenResourcesFiltering - skip non existing resourceDirectory F:\WorkSpace6AM_BOOT\04SpringBootFirstApp\src\test\resources
2025-01-19 19:57:47,808 [Worker-3: Building] INFO  o.a.m.s.f.DefaultMavenResourcesFiltering - Copying 1 resource from src\main\resources to target\classes
2025-01-19 19:57:47,840 [Worker-3: Building] INFO  o.a.m.s.f.DefaultMavenResourcesFiltering - Copying 0 resource from src\main\resources to target\classes
2025-01-19 19:57:47,848 [Worker-3: Building] INFO  o.a.m.s.f.DefaultMavenResourcesFiltering - skip non existing resourceDirectory F:\WorkSpace6AM_BOOT\04SpringBootFirstApp\src\test\resources
2025-01-19 19:59:16,224 [Worker-6: Building] INFO  o.a.m.s.f.DefaultMavenResourcesFiltering - Copying 1 resource from src\main\resources to target\classes
2025-01-19 19:59:16,229 [Worker-6: Building] INFO  o.a.m.s.f.DefaultMavenResourcesFiltering - Copying 0 resource from src\main\resources to target\classes
2025-01-19 19:59:16,232 [Worker-6: Building] INFO  o.a.m.s.f.DefaultMavenResourcesFiltering - skip non existing resourceDirectory F:\WorkSpace6AM_BOOT\04SpringBootFirstApp\src\test\resources
2025-01-19 19:59:41,442 [Worker-6: Building] INFO  o.a.m.s.f.DefaultMavenResourcesFiltering - Copying 1 resource from src\main\resources to target\classes
2025-01-19 19:59:41,447 [Worker-6: Building] INFO  o.a.m.s.f.DefaultMavenResourcesFiltering - Copying 0 resource from src\main\resources to target\classes
2025-01-19 19:59:41,449 [Worker-6: Building] INFO  o.a.m.s.f.DefaultMavenResourcesFiltering - skip non existing resourceDirectory F:\WorkSpace6AM_BOOT\04SpringBootFirstApp\src\test\resources
2025-01-19 20:04:22,532 [Worker-12: Building] INFO  o.a.m.s.f.DefaultMavenResourcesFiltering - Copying 1 resource from src\main\resources to target\classes
2025-01-19 20:04:22,537 [Worker-12: Building] INFO  o.a.m.s.f.DefaultMavenResourcesFiltering - Copying 0 resource from src\main\resources to target\classes
2025-01-19 20:04:22,539 [Worker-12: Building] INFO  o.a.m.s.f.DefaultMavenResourcesFiltering - skip non existing resourceDirectory F:\WorkSpace6AM_BOOT\04SpringBootFirstApp\src\test\resources
2025-01-19 20:04:38,886 [Worker-4: Updating Maven Project] INFO  o.e.m.c.i.p.ProjectConfigurationManager - Update started
2025-01-19 20:04:39,527 [Worker-4: Updating Maven Project] INFO  o.e.m.c.i.l.LifecycleMappingFactory - Using org.eclipse.m2e.jdt.JarLifecycleMapping lifecycle mapping for MavenProject: com.app.zayyni:04SpringBootFirstApp:1.0 @ F:\WorkSpace6AM_BOOT\04SpringBootFirstApp\pom.xml.
2025-01-19 20:04:39,893 [Worker-4: Updating Maven Project] INFO  o.e.m.j.i.AbstractJavaProjectConfigurator - Adding source folder /04SpringBootFirstApp/src/main/java
2025-01-19 20:04:39,893 [Worker-4: Updating Maven Project] INFO  o.e.m.j.i.AbstractJavaProjectConfigurator - Adding resource folder /04SpringBootFirstApp/src/main/resources
2025-01-19 20:04:39,894 [Worker-4: Updating Maven Project] INFO  o.e.m.j.i.AbstractJavaProjectConfigurator - Adding resource folder /04SpringBootFirstApp/src/main/resources
2025-01-19 20:04:39,894 [Worker-4: Updating Maven Project] INFO  o.e.m.j.i.AbstractJavaProjectConfigurator - Adding source folder /04SpringBootFirstApp/src/test/java
2025-01-19 20:04:39,895 [Worker-4: Updating Maven Project] INFO  o.e.m.j.i.AbstractJavaProjectConfigurator - Adding resource folder /04SpringBootFirstApp/src/test/resources
2025-01-19 20:04:40,103 [Worker-4: Updating Maven Project] INFO  o.e.m.c.i.p.ProjectConfigurationManager - Update completed for 1 poms: local refresh takes 0.00 sec, refresh facades takes 0.00 sec, update config takes 0.00 sec 
2025-01-19 20:04:40,478 [Worker-4: Building] INFO  o.a.m.s.f.DefaultMavenResourcesFiltering - Copying 1 resource from src\main\resources to target\classes
2025-01-19 20:04:40,495 [Worker-4: Building] INFO  o.a.m.s.f.DefaultMavenResourcesFiltering - Copying 0 resource from src\main\resources to target\classes
2025-01-19 20:04:40,503 [Worker-4: Building] INFO  o.a.m.s.f.DefaultMavenResourcesFiltering - skip non existing resourceDirectory F:\WorkSpace6AM_BOOT\04SpringBootFirstApp\src\test\resources
2025-01-19 20:11:43,655 [Worker-4: Building] INFO  o.a.m.s.f.DefaultMavenResourcesFiltering - Copying 1 resource from src\main\resources to target\classes
2025-01-19 20:11:43,669 [Worker-4: Building] INFO  o.a.m.s.f.DefaultMavenResourcesFiltering - Copying 0 resource from src\main\resources to target\classes
2025-01-19 20:11:43,673 [Worker-4: Building] INFO  o.a.m.s.f.DefaultMavenResourcesFiltering - skip non existing resourceDirectory F:\WorkSpace6AM_BOOT\04SpringBootFirstApp\src\test\resources
2025-01-19 20:14:17,782 [Worker-20: Building] INFO  o.a.m.s.f.DefaultMavenResourcesFiltering - Copying 1 resource from src\main\resources to target\classes
2025-01-19 20:14:17,788 [Worker-20: Building] INFO  o.a.m.s.f.DefaultMavenResourcesFiltering - Copying 0 resource from src\main\resources to target\classes
2025-01-19 20:14:17,791 [Worker-20: Building] INFO  o.a.m.s.f.DefaultMavenResourcesFiltering - skip non existing resourceDirectory F:\WorkSpace6AM_BOOT\04SpringBootFirstApp\src\test\resources
2025-01-19 20:14:55,095 [Worker-20: Building] INFO  o.a.m.s.f.DefaultMavenResourcesFiltering - Copying 1 resource from src\main\resources to target\classes
2025-01-19 20:14:55,100 [Worker-20: Building] INFO  o.a.m.s.f.DefaultMavenResourcesFiltering - Copying 0 resource from src\main\resources to target\classes
2025-01-19 20:14:55,102 [Worker-20: Building] INFO  o.a.m.s.f.DefaultMavenResourcesFiltering - skip non existing resourceDirectory F:\WorkSpace6AM_BOOT\04SpringBootFirstApp\src\test\resources
2025-01-19 20:15:35,211 [Worker-21: Building] INFO  o.a.m.s.f.DefaultMavenResourcesFiltering - Copying 1 resource from src\main\resources to target\classes
2025-01-19 20:15:35,219 [Worker-21: Building] INFO  o.a.m.s.f.DefaultMavenResourcesFiltering - Copying 0 resource from src\main\resources to target\classes
2025-01-19 20:15:35,222 [Worker-21: Building] INFO  o.a.m.s.f.DefaultMavenResourcesFiltering - skip non existing resourceDirectory F:\WorkSpace6AM_BOOT\04SpringBootFirstApp\src\test\resources
2025-01-19 20:18:41,352 [Worker-24: Building] INFO  o.a.m.s.f.DefaultMavenResourcesFiltering - Copying 1 resource from src\main\resources to target\classes
2025-01-19 20:18:41,357 [Worker-24: Building] INFO  o.a.m.s.f.DefaultMavenResourcesFiltering - Copying 0 resource from src\main\resources to target\classes
2025-01-19 20:18:41,359 [Worker-24: Building] INFO  o.a.m.s.f.DefaultMavenResourcesFiltering - skip non existing resourceDirectory F:\WorkSpace6AM_BOOT\04SpringBootFirstApp\src\test\resources
2025-01-19 20:18:56,234 [Worker-27: Updating Maven Project] INFO  o.e.m.c.i.p.ProjectConfigurationManager - Update started
2025-01-19 20:18:56,598 [Worker-27: Updating Maven Project] INFO  o.e.m.c.i.l.LifecycleMappingFactory - Using org.eclipse.m2e.jdt.JarLifecycleMapping lifecycle mapping for MavenProject: com.app.zayyni:04SpringBootFirstApp:1.0 @ F:\WorkSpace6AM_BOOT\04SpringBootFirstApp\pom.xml.
2025-01-19 20:18:56,916 [Worker-27: Updating Maven Project] INFO  o.e.m.j.i.AbstractJavaProjectConfigurator - Adding source folder /04SpringBootFirstApp/src/main/java
2025-01-19 20:18:56,916 [Worker-27: Updating Maven Project] INFO  o.e.m.j.i.AbstractJavaProjectConfigurator - Adding resource folder /04SpringBootFirstApp/src/main/resources
2025-01-19 20:18:56,916 [Worker-27: Updating Maven Project] INFO  o.e.m.j.i.AbstractJavaProjectConfigurator - Adding resource folder /04SpringBootFirstApp/src/main/resources
2025-01-19 20:18:56,917 [Worker-27: Updating Maven Project] INFO  o.e.m.j.i.AbstractJavaProjectConfigurator - Adding source folder /04SpringBootFirstApp/src/test/java
2025-01-19 20:18:56,917 [Worker-27: Updating Maven Project] INFO  o.e.m.j.i.AbstractJavaProjectConfigurator - Adding resource folder /04SpringBootFirstApp/src/test/resources
2025-01-19 20:18:57,092 [Worker-27: Updating Maven Project] INFO  o.e.m.c.i.p.ProjectConfigurationManager - Update completed for 1 poms: local refresh takes 0.00 sec, refresh facades takes 0.00 sec, update config takes 0.00 sec 
2025-01-19 20:18:57,407 [Worker-21: Building] INFO  o.a.m.s.f.DefaultMavenResourcesFiltering - Copying 1 resource from src\main\resources to target\classes
2025-01-19 20:18:57,424 [Worker-21: Building] INFO  o.a.m.s.f.DefaultMavenResourcesFiltering - Copying 0 resource from src\main\resources to target\classes
2025-01-19 20:18:57,429 [Worker-21: Building] INFO  o.a.m.s.f.DefaultMavenResourcesFiltering - skip non existing resourceDirectory F:\WorkSpace6AM_BOOT\04SpringBootFirstApp\src\test\resources
2025-01-19 20:21:08,878 [Worker-30: Building] INFO  o.a.m.s.f.DefaultMavenResourcesFiltering - Copying 1 resource from src\main\resources to target\classes
2025-01-19 20:21:08,884 [Worker-30: Building] INFO  o.a.m.s.f.DefaultMavenResourcesFiltering - Copying 0 resource from src\main\resources to target\classes
2025-01-19 20:21:08,886 [Worker-30: Building] INFO  o.a.m.s.f.DefaultMavenResourcesFiltering - skip non existing resourceDirectory F:\WorkSpace6AM_BOOT\04SpringBootFirstApp\src\test\resources
2025-01-19 20:21:11,758 [Worker-22: Building] INFO  o.a.m.s.f.DefaultMavenResourcesFiltering - Copying 1 resource from src\main\resources to target\classes
2025-01-19 20:21:11,763 [Worker-22: Building] INFO  o.a.m.s.f.DefaultMavenResourcesFiltering - Copying 0 resource from src\main\resources to target\classes
2025-01-19 20:21:11,765 [Worker-22: Building] INFO  o.a.m.s.f.DefaultMavenResourcesFiltering - skip non existing resourceDirectory F:\WorkSpace6AM_BOOT\04SpringBootFirstApp\src\test\resources
2025-01-19 21:39:01,580 [Worker-36: Updating Maven Dependencies] ERROR o.e.m.j.i.l.MavenLaunchConfigurationListener - Launch configuration Test references closed project SpringCoreFirstApp
org.eclipse.core.runtime.CoreException: Launch configuration Test references closed project SpringCoreFirstApp
	at org.eclipse.jdt.launching.JavaRuntime.abort(JavaRuntime.java:1870)
	at org.eclipse.jdt.launching.JavaRuntime.getJavaProject(JavaRuntime.java:1744)
	at org.eclipse.m2e.jdt.internal.launch.MavenLaunchConfigurationListener.updateLaunchConfiguration(MavenLaunchConfigurationListener.java:66)
	at org.eclipse.m2e.jdt.internal.launch.MavenLaunchConfigurationListener.launchConfigurationChanged(MavenLaunchConfigurationListener.java:52)
	at org.eclipse.debug.internal.core.LaunchManager$ConfigurationNotifier.run(LaunchManager.java:219)
	at org.eclipse.core.runtime.SafeRunner.run(SafeRunner.java:47)
	at org.eclipse.debug.internal.core.LaunchManager$ConfigurationNotifier.notify(LaunchManager.java:203)
	at org.eclipse.debug.internal.core.LaunchConfigurationWorkingCopy.setDirty(LaunchConfigurationWorkingCopy.java:527)
	at org.eclipse.debug.internal.core.LaunchConfigurationWorkingCopy.setAttribute(LaunchConfigurationWorkingCopy.java:415)
	at org.eclipse.m2e.jdt.internal.launch.MavenRuntimeClasspathProvider.disable(MavenRuntimeClasspathProvider.java:409)
	at org.eclipse.m2e.jdt.internal.launch.MavenRuntimeClasspathProvider.disable(MavenRuntimeClasspathProvider.java:435)
	at org.eclipse.m2e.jdt.internal.launch.MavenLaunchConfigurationListener.mavenProjectChanged(MavenLaunchConfigurationListener.java:137)
	at org.eclipse.m2e.core.internal.project.registry.ProjectRegistryManager.notifyProjectChangeListeners(ProjectRegistryManager.java:892)
	at org.eclipse.m2e.core.internal.project.registry.ProjectRegistryManager.applyMutableProjectRegistry(ProjectRegistryManager.java:1042)
	at org.eclipse.m2e.core.internal.project.registry.ProjectRegistryRefreshJob.lambda$0(ProjectRegistryRefreshJob.java:162)
	at org.eclipse.m2e.core.internal.embedder.MavenExecutionContext.executeBare(MavenExecutionContext.java:458)
	at org.eclipse.m2e.core.internal.embedder.MavenExecutionContext.execute(MavenExecutionContext.java:339)
	at org.eclipse.m2e.core.internal.embedder.MavenExecutionContext.execute(MavenExecutionContext.java:278)
	at org.eclipse.m2e.core.internal.project.registry.ProjectRegistryRefreshJob.run(ProjectRegistryRefreshJob.java:106)
	at org.eclipse.core.internal.jobs.Worker.run(Worker.java:63)
2025-01-19 21:39:01,594 [Worker-36: Updating Maven Dependencies] ERROR o.e.m.j.i.l.MavenLaunchConfigurationListener - Launch configuration Test references closed project SpringCoreFirstApp
org.eclipse.core.runtime.CoreException: Launch configuration Test references closed project SpringCoreFirstApp
	at org.eclipse.jdt.launching.JavaRuntime.abort(JavaRuntime.java:1870)
	at org.eclipse.jdt.launching.JavaRuntime.getJavaProject(JavaRuntime.java:1744)
	at org.eclipse.m2e.jdt.internal.launch.MavenLaunchConfigurationListener.updateLaunchConfiguration(MavenLaunchConfigurationListener.java:66)
	at org.eclipse.m2e.jdt.internal.launch.MavenLaunchConfigurationListener.launchConfigurationChanged(MavenLaunchConfigurationListener.java:52)
	at org.eclipse.debug.internal.core.LaunchManager$ConfigurationNotifier.run(LaunchManager.java:219)
	at org.eclipse.core.runtime.SafeRunner.run(SafeRunner.java:47)
	at org.eclipse.debug.internal.core.LaunchManager$ConfigurationNotifier.notify(LaunchManager.java:203)
	at org.eclipse.debug.internal.core.LaunchConfigurationWorkingCopy.setDirty(LaunchConfigurationWorkingCopy.java:527)
	at org.eclipse.debug.internal.core.LaunchConfigurationWorkingCopy.setAttribute(LaunchConfigurationWorkingCopy.java:415)
	at org.eclipse.m2e.jdt.internal.launch.MavenRuntimeClasspathProvider.disable(MavenRuntimeClasspathProvider.java:410)
	at org.eclipse.m2e.jdt.internal.launch.MavenRuntimeClasspathProvider.disable(MavenRuntimeClasspathProvider.java:435)
	at org.eclipse.m2e.jdt.internal.launch.MavenLaunchConfigurationListener.mavenProjectChanged(MavenLaunchConfigurationListener.java:137)
	at org.eclipse.m2e.core.internal.project.registry.ProjectRegistryManager.notifyProjectChangeListeners(ProjectRegistryManager.java:892)
	at org.eclipse.m2e.core.internal.project.registry.ProjectRegistryManager.applyMutableProjectRegistry(ProjectRegistryManager.java:1042)
	at org.eclipse.m2e.core.internal.project.registry.ProjectRegistryRefreshJob.lambda$0(ProjectRegistryRefreshJob.java:162)
	at org.eclipse.m2e.core.internal.embedder.MavenExecutionContext.executeBare(MavenExecutionContext.java:458)
	at org.eclipse.m2e.core.internal.embedder.MavenExecutionContext.execute(MavenExecutionContext.java:339)
	at org.eclipse.m2e.core.internal.embedder.MavenExecutionContext.execute(MavenExecutionContext.java:278)
	at org.eclipse.m2e.core.internal.project.registry.ProjectRegistryRefreshJob.run(ProjectRegistryRefreshJob.java:106)
	at org.eclipse.core.internal.jobs.Worker.run(Worker.java:63)
2025-01-19 21:39:01,597 [Worker-36: Updating Maven Dependencies] ERROR o.e.m.j.i.l.MavenLaunchConfigurationListener - Launch configuration Test references closed project SpringCoreFirstApp
org.eclipse.core.runtime.CoreException: Launch configuration Test references closed project SpringCoreFirstApp
	at org.eclipse.jdt.launching.JavaRuntime.abort(JavaRuntime.java:1870)
	at org.eclipse.jdt.launching.JavaRuntime.getJavaProject(JavaRuntime.java:1744)
	at org.eclipse.m2e.jdt.internal.launch.MavenLaunchConfigurationListener.updateLaunchConfiguration(MavenLaunchConfigurationListener.java:66)
	at org.eclipse.m2e.jdt.internal.launch.MavenLaunchConfigurationListener.launchConfigurationChanged(MavenLaunchConfigurationListener.java:52)
	at org.eclipse.debug.internal.core.LaunchManager$ConfigurationNotifier.run(LaunchManager.java:219)
	at org.eclipse.core.runtime.SafeRunner.run(SafeRunner.java:47)
	at org.eclipse.debug.internal.core.LaunchManager$ConfigurationNotifier.notify(LaunchManager.java:203)
	at org.eclipse.debug.internal.core.LaunchManager.launchConfigurationChanged(LaunchManager.java:1960)
	at org.eclipse.debug.internal.core.LaunchConfigurationWorkingCopy.writeNewFile(LaunchConfigurationWorkingCopy.java:380)
	at org.eclipse.debug.internal.core.LaunchConfigurationWorkingCopy.doSave0(LaunchConfigurationWorkingCopy.java:259)
	at org.eclipse.debug.internal.core.LaunchConfigurationWorkingCopy.doSave(LaunchConfigurationWorkingCopy.java:229)
	at org.eclipse.debug.internal.core.LaunchConfigurationWorkingCopy.doSave(LaunchConfigurationWorkingCopy.java:187)
	at org.eclipse.m2e.jdt.internal.launch.MavenRuntimeClasspathProvider.disable(MavenRuntimeClasspathProvider.java:411)
	at org.eclipse.m2e.jdt.internal.launch.MavenRuntimeClasspathProvider.disable(MavenRuntimeClasspathProvider.java:435)
	at org.eclipse.m2e.jdt.internal.launch.MavenLaunchConfigurationListener.mavenProjectChanged(MavenLaunchConfigurationListener.java:137)
	at org.eclipse.m2e.core.internal.project.registry.ProjectRegistryManager.notifyProjectChangeListeners(ProjectRegistryManager.java:892)
	at org.eclipse.m2e.core.internal.project.registry.ProjectRegistryManager.applyMutableProjectRegistry(ProjectRegistryManager.java:1042)
	at org.eclipse.m2e.core.internal.project.registry.ProjectRegistryRefreshJob.lambda$0(ProjectRegistryRefreshJob.java:162)
	at org.eclipse.m2e.core.internal.embedder.MavenExecutionContext.executeBare(MavenExecutionContext.java:458)
	at org.eclipse.m2e.core.internal.embedder.MavenExecutionContext.execute(MavenExecutionContext.java:339)
	at org.eclipse.m2e.core.internal.embedder.MavenExecutionContext.execute(MavenExecutionContext.java:278)
	at org.eclipse.m2e.core.internal.project.registry.ProjectRegistryRefreshJob.run(ProjectRegistryRefreshJob.java:106)
	at org.eclipse.core.internal.jobs.Worker.run(Worker.java:63)
2025-01-19 21:39:52,536 [Worker-33: Import Getting Started Content] INFO  o.e.m.c.i.l.LifecycleMappingFactory - Using org.eclipse.m2e.jdt.JarLifecycleMapping lifecycle mapping for MavenProject: com.app.zayyni:05pringBootYMLEx1:1.0 @ F:\WorkSpace6AM_BOOT\05pringBootYMLEx1\pom.xml.
2025-01-19 21:39:52,955 [Worker-33: Import Getting Started Content] INFO  o.e.m.j.i.AbstractJavaProjectConfigurator - Adding source folder /05pringBootYMLEx1/src/main/java
2025-01-19 21:39:52,955 [Worker-33: Import Getting Started Content] INFO  o.e.m.j.i.AbstractJavaProjectConfigurator - Adding resource folder /05pringBootYMLEx1/src/main/resources
2025-01-19 21:39:52,958 [Worker-33: Import Getting Started Content] INFO  o.e.m.j.i.AbstractJavaProjectConfigurator - Adding resource folder /05pringBootYMLEx1/src/main/resources
2025-01-19 21:39:52,961 [Worker-33: Import Getting Started Content] INFO  o.e.m.j.i.AbstractJavaProjectConfigurator - Adding source folder /05pringBootYMLEx1/src/test/java
2025-01-19 21:39:52,961 [Worker-33: Import Getting Started Content] INFO  o.e.m.j.i.AbstractJavaProjectConfigurator - Adding resource folder /05pringBootYMLEx1/src/test/resources
2025-01-19 21:39:53,145 [Worker-33: Import Getting Started Content] INFO  o.e.m.c.i.p.ProjectConfigurationManager - Imported and configured 1 project(s) in 1 sec
2025-01-19 21:39:53,146 [Worker-33: Import Getting Started Content] INFO  o.e.m.c.i.p.ProjectConfigurationManager - Update started
2025-01-19 21:39:53,551 [Worker-33: Import Getting Started Content] INFO  o.e.m.c.i.l.LifecycleMappingFactory - Using org.eclipse.m2e.jdt.JarLifecycleMapping lifecycle mapping for MavenProject: com.app.zayyni:05pringBootYMLEx1:1.0 @ F:\WorkSpace6AM_BOOT\05pringBootYMLEx1\pom.xml.
2025-01-19 21:39:53,913 [Worker-33: Import Getting Started Content] INFO  o.e.m.j.i.AbstractJavaProjectConfigurator - Adding source folder /05pringBootYMLEx1/src/main/java
2025-01-19 21:39:53,913 [Worker-33: Import Getting Started Content] INFO  o.e.m.j.i.AbstractJavaProjectConfigurator - Adding resource folder /05pringBootYMLEx1/src/main/resources
2025-01-19 21:39:53,913 [Worker-33: Import Getting Started Content] INFO  o.e.m.j.i.AbstractJavaProjectConfigurator - Adding resource folder /05pringBootYMLEx1/src/main/resources
2025-01-19 21:39:53,914 [Worker-33: Import Getting Started Content] INFO  o.e.m.j.i.AbstractJavaProjectConfigurator - Adding source folder /05pringBootYMLEx1/src/test/java
2025-01-19 21:39:53,914 [Worker-33: Import Getting Started Content] INFO  o.e.m.j.i.AbstractJavaProjectConfigurator - Adding resource folder /05pringBootYMLEx1/src/test/resources
2025-01-19 21:39:54,093 [Worker-33: Import Getting Started Content] INFO  o.e.m.c.i.p.ProjectConfigurationManager - Update completed for 1 poms: local refresh takes 0.00 sec, refresh facades takes 0.00 sec, update config takes 0.00 sec 
2025-01-19 21:39:54,477 [Worker-33: Building] INFO  o.a.m.s.f.DefaultMavenResourcesFiltering - Copying 1 resource from src\main\resources to target\classes
2025-01-19 21:39:54,492 [Worker-33: Building] INFO  o.a.m.s.f.DefaultMavenResourcesFiltering - Copying 0 resource from src\main\resources to target\classes
2025-01-19 21:39:54,496 [Worker-33: Building] INFO  o.a.m.s.f.DefaultMavenResourcesFiltering - skip non existing resourceDirectory F:\WorkSpace6AM_BOOT\05pringBootYMLEx1\src\test\resources
2025-01-19 21:40:34,133 [Worker-33: Building] INFO  o.e.m.c.i.l.LifecycleMappingFactory - Using org.eclipse.m2e.jdt.JarLifecycleMapping lifecycle mapping for MavenProject: com.app.zayyni:05pringBootYMLEx1:1.0 @ F:\WorkSpace6AM_BOOT\05pringBootYMLEx1\pom.xml.
2025-01-19 21:40:34,534 [Worker-33: Building] INFO  o.a.m.s.f.DefaultMavenResourcesFiltering - Copying 0 resource from src\main\resources to target\classes
2025-01-19 21:40:34,535 [Worker-33: Building] INFO  o.a.m.s.f.DefaultMavenResourcesFiltering - Copying 0 resource from src\main\resources to target\classes
2025-01-19 21:40:34,540 [Worker-33: Building] INFO  o.a.m.s.f.DefaultMavenResourcesFiltering - skip non existing resourceDirectory F:\WorkSpace6AM_BOOT\05pringBootYMLEx1\src\test\resources
2025-01-19 21:40:34,632 [Worker-33: Updating Maven Project] INFO  o.e.m.c.i.p.ProjectConfigurationManager - Update started
2025-01-19 21:40:35,269 [Worker-33: Updating Maven Project] INFO  o.e.m.c.i.l.LifecycleMappingFactory - Using org.eclipse.m2e.jdt.JarLifecycleMapping lifecycle mapping for MavenProject: com.app.zayyni:05pringBootYMLEx1:1.0 @ F:\WorkSpace6AM_BOOT\05pringBootYMLEx1\pom.xml.
2025-01-19 21:40:35,577 [Worker-33: Updating Maven Project] INFO  o.e.m.j.i.AbstractJavaProjectConfigurator - Adding source folder /05pringBootYMLEx1/src/main/java
2025-01-19 21:40:35,577 [Worker-33: Updating Maven Project] INFO  o.e.m.j.i.AbstractJavaProjectConfigurator - Adding resource folder /05pringBootYMLEx1/src/main/resources
2025-01-19 21:40:35,578 [Worker-33: Updating Maven Project] INFO  o.e.m.j.i.AbstractJavaProjectConfigurator - Adding resource folder /05pringBootYMLEx1/src/main/resources
2025-01-19 21:40:35,578 [Worker-33: Updating Maven Project] INFO  o.e.m.j.i.AbstractJavaProjectConfigurator - Adding source folder /05pringBootYMLEx1/src/test/java
2025-01-19 21:40:35,578 [Worker-33: Updating Maven Project] INFO  o.e.m.j.i.AbstractJavaProjectConfigurator - Adding resource folder /05pringBootYMLEx1/src/test/resources
2025-01-19 21:40:35,756 [Worker-33: Updating Maven Project] INFO  o.e.m.c.i.p.ProjectConfigurationManager - Update completed for 1 poms: local refresh takes 0.00 sec, refresh facades takes 0.00 sec, update config takes 0.00 sec 
2025-01-19 21:40:36,055 [Worker-38: Building] INFO  o.a.m.s.f.DefaultMavenResourcesFiltering - Copying 1 resource from src\main\resources to target\classes
2025-01-19 21:40:36,079 [Worker-38: Building] INFO  o.a.m.s.f.DefaultMavenResourcesFiltering - Copying 0 resource from src\main\resources to target\classes
2025-01-19 21:40:36,085 [Worker-38: Building] INFO  o.a.m.s.f.DefaultMavenResourcesFiltering - skip non existing resourceDirectory F:\WorkSpace6AM_BOOT\05pringBootYMLEx1\src\test\resources
2025-01-19 21:40:46,959 [Worker-33: Updating Maven Project] INFO  o.e.m.c.i.p.ProjectConfigurationManager - Update started
2025-01-19 21:40:47,234 [Worker-33: Updating Maven Project] INFO  o.e.m.c.i.l.LifecycleMappingFactory - Using org.eclipse.m2e.jdt.JarLifecycleMapping lifecycle mapping for MavenProject: com.app.zayyni:05pringBootYMLEx1:1.0 @ F:\WorkSpace6AM_BOOT\05pringBootYMLEx1\pom.xml.
2025-01-19 21:40:47,504 [Worker-33: Updating Maven Project] INFO  o.e.m.j.i.AbstractJavaProjectConfigurator - Adding source folder /05pringBootYMLEx1/src/main/java
2025-01-19 21:40:47,504 [Worker-33: Updating Maven Project] INFO  o.e.m.j.i.AbstractJavaProjectConfigurator - Adding resource folder /05pringBootYMLEx1/src/main/resources
2025-01-19 21:40:47,504 [Worker-33: Updating Maven Project] INFO  o.e.m.j.i.AbstractJavaProjectConfigurator - Adding resource folder /05pringBootYMLEx1/src/main/resources
2025-01-19 21:40:47,505 [Worker-33: Updating Maven Project] INFO  o.e.m.j.i.AbstractJavaProjectConfigurator - Adding source folder /05pringBootYMLEx1/src/test/java
2025-01-19 21:40:47,505 [Worker-33: Updating Maven Project] INFO  o.e.m.j.i.AbstractJavaProjectConfigurator - Adding resource folder /05pringBootYMLEx1/src/test/resources
2025-01-19 21:40:47,708 [Worker-33: Updating Maven Project] INFO  o.e.m.c.i.p.ProjectConfigurationManager - Update completed for 1 poms: local refresh takes 0.00 sec, refresh facades takes 0.00 sec, update config takes 0.00 sec 
2025-01-19 21:40:47,996 [Worker-36: Building] INFO  o.a.m.s.f.DefaultMavenResourcesFiltering - Copying 1 resource from src\main\resources to target\classes
2025-01-19 21:40:48,013 [Worker-36: Building] INFO  o.a.m.s.f.DefaultMavenResourcesFiltering - Copying 0 resource from src\main\resources to target\classes
2025-01-19 21:40:48,020 [Worker-36: Building] INFO  o.a.m.s.f.DefaultMavenResourcesFiltering - skip non existing resourceDirectory F:\WorkSpace6AM_BOOT\05pringBootYMLEx1\src\test\resources
2025-01-19 21:44:31,412 [Worker-38: Building] INFO  o.a.m.s.f.DefaultMavenResourcesFiltering - Copying 1 resource from src\main\resources to target\classes
2025-01-19 21:44:31,414 [Worker-38: Building] INFO  o.a.m.s.f.DefaultMavenResourcesFiltering - Copying 0 resource from src\main\resources to target\classes
2025-01-19 21:44:31,417 [Worker-38: Building] INFO  o.a.m.s.f.DefaultMavenResourcesFiltering - skip non existing resourceDirectory F:\WorkSpace6AM_BOOT\05pringBootYMLEx1\src\test\resources
2025-01-19 21:44:58,842 [Worker-35: Building] INFO  o.a.m.s.f.DefaultMavenResourcesFiltering - Copying 1 resource from src\main\resources to target\classes
2025-01-19 21:44:58,849 [Worker-35: Building] INFO  o.a.m.s.f.DefaultMavenResourcesFiltering - Copying 0 resource from src\main\resources to target\classes
2025-01-19 21:44:58,852 [Worker-35: Building] INFO  o.a.m.s.f.DefaultMavenResourcesFiltering - skip non existing resourceDirectory F:\WorkSpace6AM_BOOT\05pringBootYMLEx1\src\test\resources
2025-01-19 21:47:23,377 [Worker-41: Building] INFO  o.a.m.s.f.DefaultMavenResourcesFiltering - Copying 1 resource from src\main\resources to target\classes
2025-01-19 21:47:23,383 [Worker-41: Building] INFO  o.a.m.s.f.DefaultMavenResourcesFiltering - Copying 0 resource from src\main\resources to target\classes
2025-01-19 21:47:23,385 [Worker-41: Building] INFO  o.a.m.s.f.DefaultMavenResourcesFiltering - skip non existing resourceDirectory F:\WorkSpace6AM_BOOT\05pringBootYMLEx1\src\test\resources
2025-01-19 21:47:34,979 [Worker-42: Building] INFO  o.a.m.s.f.DefaultMavenResourcesFiltering - Copying 1 resource from src\main\resources to target\classes
2025-01-19 21:47:34,983 [Worker-42: Building] INFO  o.a.m.s.f.DefaultMavenResourcesFiltering - Copying 0 resource from src\main\resources to target\classes
2025-01-19 21:47:34,985 [Worker-42: Building] INFO  o.a.m.s.f.DefaultMavenResourcesFiltering - skip non existing resourceDirectory F:\WorkSpace6AM_BOOT\05pringBootYMLEx1\src\test\resources
2025-01-19 21:48:02,741 [Worker-40: Building] INFO  o.a.m.s.f.DefaultMavenResourcesFiltering - Copying 1 resource from src\main\resources to target\classes
2025-01-19 21:48:02,745 [Worker-40: Building] INFO  o.a.m.s.f.DefaultMavenResourcesFiltering - Copying 0 resource from src\main\resources to target\classes
2025-01-19 21:48:02,747 [Worker-40: Building] INFO  o.a.m.s.f.DefaultMavenResourcesFiltering - skip non existing resourceDirectory F:\WorkSpace6AM_BOOT\05pringBootYMLEx1\src\test\resources
2025-01-19 21:49:13,693 [Worker-38: Building] INFO  o.a.m.s.f.DefaultMavenResourcesFiltering - Copying 1 resource from src\main\resources to target\classes
2025-01-19 21:49:13,699 [Worker-38: Building] INFO  o.a.m.s.f.DefaultMavenResourcesFiltering - Copying 0 resource from src\main\resources to target\classes
2025-01-19 21:49:13,702 [Worker-38: Building] INFO  o.a.m.s.f.DefaultMavenResourcesFiltering - skip non existing resourceDirectory F:\WorkSpace6AM_BOOT\05pringBootYMLEx1\src\test\resources
2025-01-19 21:50:17,849 [Worker-40: Building] INFO  o.a.m.s.f.DefaultMavenResourcesFiltering - Copying 1 resource from src\main\resources to target\classes
2025-01-19 21:50:17,861 [Worker-40: Building] INFO  o.a.m.s.f.DefaultMavenResourcesFiltering - Copying 0 resource from src\main\resources to target\classes
2025-01-19 21:50:17,865 [Worker-40: Building] INFO  o.a.m.s.f.DefaultMavenResourcesFiltering - skip non existing resourceDirectory F:\WorkSpace6AM_BOOT\05pringBootYMLEx1\src\test\resources
2025-01-19 21:51:24,986 [Worker-38: Building] INFO  o.a.m.s.f.DefaultMavenResourcesFiltering - Copying 1 resource from src\main\resources to target\classes
2025-01-19 21:51:24,992 [Worker-38: Building] INFO  o.a.m.s.f.DefaultMavenResourcesFiltering - Copying 0 resource from src\main\resources to target\classes
2025-01-19 21:51:24,994 [Worker-38: Building] INFO  o.a.m.s.f.DefaultMavenResourcesFiltering - skip non existing resourceDirectory F:\WorkSpace6AM_BOOT\05pringBootYMLEx1\src\test\resources
2025-01-19 21:51:52,716 [Worker-38: Building] INFO  o.a.m.s.f.DefaultMavenResourcesFiltering - Copying 1 resource from src\main\resources to target\classes
2025-01-19 21:51:52,720 [Worker-38: Building] INFO  o.a.m.s.f.DefaultMavenResourcesFiltering - Copying 0 resource from src\main\resources to target\classes
2025-01-19 21:51:52,723 [Worker-38: Building] INFO  o.a.m.s.f.DefaultMavenResourcesFiltering - skip non existing resourceDirectory F:\WorkSpace6AM_BOOT\05pringBootYMLEx1\src\test\resources
2025-01-19 21:55:33,559 [Worker-44: Building] INFO  o.a.m.s.f.DefaultMavenResourcesFiltering - Copying 1 resource from src\main\resources to target\classes
2025-01-19 21:55:33,564 [Worker-44: Building] INFO  o.a.m.s.f.DefaultMavenResourcesFiltering - Copying 0 resource from src\main\resources to target\classes
2025-01-19 21:55:33,567 [Worker-44: Building] INFO  o.a.m.s.f.DefaultMavenResourcesFiltering - skip non existing resourceDirectory F:\WorkSpace6AM_BOOT\05pringBootYMLEx1\src\test\resources
2025-01-19 21:55:52,072 [Worker-44: Building] INFO  o.a.m.s.f.DefaultMavenResourcesFiltering - Copying 1 resource from src\main\resources to target\classes
2025-01-19 21:55:52,077 [Worker-44: Building] INFO  o.a.m.s.f.DefaultMavenResourcesFiltering - Copying 0 resource from src\main\resources to target\classes
2025-01-19 21:55:52,080 [Worker-44: Building] INFO  o.a.m.s.f.DefaultMavenResourcesFiltering - skip non existing resourceDirectory F:\WorkSpace6AM_BOOT\05pringBootYMLEx1\src\test\resources
2025-01-19 21:56:13,881 [Worker-42: Building] INFO  o.a.m.s.f.DefaultMavenResourcesFiltering - Copying 1 resource from src\main\resources to target\classes
2025-01-19 21:56:13,885 [Worker-42: Building] INFO  o.a.m.s.f.DefaultMavenResourcesFiltering - Copying 0 resource from src\main\resources to target\classes
2025-01-19 21:56:13,888 [Worker-42: Building] INFO  o.a.m.s.f.DefaultMavenResourcesFiltering - skip non existing resourceDirectory F:\WorkSpace6AM_BOOT\05pringBootYMLEx1\src\test\resources
2025-01-19 21:56:23,954 [Worker-45: Building] INFO  o.a.m.s.f.DefaultMavenResourcesFiltering - Copying 1 resource from src\main\resources to target\classes
2025-01-19 21:56:23,959 [Worker-45: Building] INFO  o.a.m.s.f.DefaultMavenResourcesFiltering - Copying 0 resource from src\main\resources to target\classes
2025-01-19 21:56:23,961 [Worker-45: Building] INFO  o.a.m.s.f.DefaultMavenResourcesFiltering - skip non existing resourceDirectory F:\WorkSpace6AM_BOOT\05pringBootYMLEx1\src\test\resources
2025-01-19 21:56:26,488 [Worker-46: Launching 01SpringBootFirstApp] INFO  o.eclipse.m2e.core.internal.Bundles - getClasspathEntries(Bundle=org.eclipse.m2e.maven.runtime_3.9.900.20240824-1409 [360])
2025-01-19 21:56:26,491 [Worker-46: Launching 01SpringBootFirstApp] INFO  o.eclipse.m2e.core.internal.Bundles - 	Entry: F:\MySts\spring-tool-suite-4-4.26.0.RELEASE-e4.33.0-win32.win32.x86_64\sts-4.26.0.RELEASE\plugins\org.eclipse.m2e.maven.runtime_3.9.900.20240824-1409
2025-01-19 21:56:26,492 [Worker-46: Launching 01SpringBootFirstApp] INFO  o.eclipse.m2e.core.internal.Bundles - 	Entry: F:\MySts\spring-tool-suite-4-4.26.0.RELEASE-e4.33.0-win32.win32.x86_64\sts-4.26.0.RELEASE\plugins\org.eclipse.m2e.maven.runtime_3.9.900.20240824-1409\jars\aopalliance-1.0.jar
2025-01-19 21:56:26,492 [Worker-46: Launching 01SpringBootFirstApp] INFO  o.eclipse.m2e.core.internal.Bundles - 	Entry: F:\MySts\spring-tool-suite-4-4.26.0.RELEASE-e4.33.0-win32.win32.x86_64\sts-4.26.0.RELEASE\plugins\org.eclipse.m2e.maven.runtime_3.9.900.20240824-1409\jars\guice-5.1.0.jar
2025-01-19 21:56:26,492 [Worker-46: Launching 01SpringBootFirstApp] INFO  o.eclipse.m2e.core.internal.Bundles - 	Entry: F:\MySts\spring-tool-suite-4-4.26.0.RELEASE-e4.33.0-win32.win32.x86_64\sts-4.26.0.RELEASE\plugins\org.eclipse.m2e.maven.runtime_3.9.900.20240824-1409\jars\httpclient-4.5.14.jar
2025-01-19 21:56:26,492 [Worker-46: Launching 01SpringBootFirstApp] INFO  o.eclipse.m2e.core.internal.Bundles - 	Entry: F:\MySts\spring-tool-suite-4-4.26.0.RELEASE-e4.33.0-win32.win32.x86_64\sts-4.26.0.RELEASE\plugins\org.eclipse.m2e.maven.runtime_3.9.900.20240824-1409\jars\httpcore-4.4.16.jar
2025-01-19 21:56:26,492 [Worker-46: Launching 01SpringBootFirstApp] INFO  o.eclipse.m2e.core.internal.Bundles - 	Entry: F:\MySts\spring-tool-suite-4-4.26.0.RELEASE-e4.33.0-win32.win32.x86_64\sts-4.26.0.RELEASE\plugins\org.eclipse.m2e.maven.runtime_3.9.900.20240824-1409\jars\jansi-2.4.1.jar
2025-01-19 21:56:26,492 [Worker-46: Launching 01SpringBootFirstApp] INFO  o.eclipse.m2e.core.internal.Bundles - 	Entry: F:\MySts\spring-tool-suite-4-4.26.0.RELEASE-e4.33.0-win32.win32.x86_64\sts-4.26.0.RELEASE\plugins\org.eclipse.m2e.maven.runtime_3.9.900.20240824-1409\jars\jcl-over-slf4j-1.7.36.jar
2025-01-19 21:56:26,492 [Worker-46: Launching 01SpringBootFirstApp] INFO  o.eclipse.m2e.core.internal.Bundles - 	Entry: F:\MySts\spring-tool-suite-4-4.26.0.RELEASE-e4.33.0-win32.win32.x86_64\sts-4.26.0.RELEASE\plugins\org.eclipse.m2e.maven.runtime_3.9.900.20240824-1409\jars\maven-artifact-3.9.9.jar
2025-01-19 21:56:26,492 [Worker-46: Launching 01SpringBootFirstApp] INFO  o.eclipse.m2e.core.internal.Bundles - 	Entry: F:\MySts\spring-tool-suite-4-4.26.0.RELEASE-e4.33.0-win32.win32.x86_64\sts-4.26.0.RELEASE\plugins\org.eclipse.m2e.maven.runtime_3.9.900.20240824-1409\jars\maven-builder-support-3.9.9.jar
2025-01-19 21:56:26,492 [Worker-46: Launching 01SpringBootFirstApp] INFO  o.eclipse.m2e.core.internal.Bundles - 	Entry: F:\MySts\spring-tool-suite-4-4.26.0.RELEASE-e4.33.0-win32.win32.x86_64\sts-4.26.0.RELEASE\plugins\org.eclipse.m2e.maven.runtime_3.9.900.20240824-1409\jars\maven-compat-3.9.9.jar
2025-01-19 21:56:26,493 [Worker-46: Launching 01SpringBootFirstApp] INFO  o.eclipse.m2e.core.internal.Bundles - 	Entry: F:\MySts\spring-tool-suite-4-4.26.0.RELEASE-e4.33.0-win32.win32.x86_64\sts-4.26.0.RELEASE\plugins\org.eclipse.m2e.maven.runtime_3.9.900.20240824-1409\jars\maven-core-3.9.9.jar
2025-01-19 21:56:26,493 [Worker-46: Launching 01SpringBootFirstApp] INFO  o.eclipse.m2e.core.internal.Bundles - 	Entry: F:\MySts\spring-tool-suite-4-4.26.0.RELEASE-e4.33.0-win32.win32.x86_64\sts-4.26.0.RELEASE\plugins\org.eclipse.m2e.maven.runtime_3.9.900.20240824-1409\jars\maven-embedder-3.9.9.jar
2025-01-19 21:56:26,493 [Worker-46: Launching 01SpringBootFirstApp] INFO  o.eclipse.m2e.core.internal.Bundles - 	Entry: F:\MySts\spring-tool-suite-4-4.26.0.RELEASE-e4.33.0-win32.win32.x86_64\sts-4.26.0.RELEASE\plugins\org.eclipse.m2e.maven.runtime_3.9.900.20240824-1409\jars\maven-model-3.9.9.jar
2025-01-19 21:56:26,493 [Worker-46: Launching 01SpringBootFirstApp] INFO  o.eclipse.m2e.core.internal.Bundles - 	Entry: F:\MySts\spring-tool-suite-4-4.26.0.RELEASE-e4.33.0-win32.win32.x86_64\sts-4.26.0.RELEASE\plugins\org.eclipse.m2e.maven.runtime_3.9.900.20240824-1409\jars\maven-model-builder-3.9.9.jar
2025-01-19 21:56:26,493 [Worker-46: Launching 01SpringBootFirstApp] INFO  o.eclipse.m2e.core.internal.Bundles - 	Entry: F:\MySts\spring-tool-suite-4-4.26.0.RELEASE-e4.33.0-win32.win32.x86_64\sts-4.26.0.RELEASE\plugins\org.eclipse.m2e.maven.runtime_3.9.900.20240824-1409\jars\maven-plugin-api-3.9.9.jar
2025-01-19 21:56:26,493 [Worker-46: Launching 01SpringBootFirstApp] INFO  o.eclipse.m2e.core.internal.Bundles - 	Entry: F:\MySts\spring-tool-suite-4-4.26.0.RELEASE-e4.33.0-win32.win32.x86_64\sts-4.26.0.RELEASE\plugins\org.eclipse.m2e.maven.runtime_3.9.900.20240824-1409\jars\maven-repository-metadata-3.9.9.jar
2025-01-19 21:56:26,493 [Worker-46: Launching 01SpringBootFirstApp] INFO  o.eclipse.m2e.core.internal.Bundles - 	Entry: F:\MySts\spring-tool-suite-4-4.26.0.RELEASE-e4.33.0-win32.win32.x86_64\sts-4.26.0.RELEASE\plugins\org.eclipse.m2e.maven.runtime_3.9.900.20240824-1409\jars\maven-resolver-api-1.9.22.jar
2025-01-19 21:56:26,493 [Worker-46: Launching 01SpringBootFirstApp] INFO  o.eclipse.m2e.core.internal.Bundles - 	Entry: F:\MySts\spring-tool-suite-4-4.26.0.RELEASE-e4.33.0-win32.win32.x86_64\sts-4.26.0.RELEASE\plugins\org.eclipse.m2e.maven.runtime_3.9.900.20240824-1409\jars\maven-resolver-connector-basic-1.9.22.jar
2025-01-19 21:56:26,493 [Worker-46: Launching 01SpringBootFirstApp] INFO  o.eclipse.m2e.core.internal.Bundles - 	Entry: F:\MySts\spring-tool-suite-4-4.26.0.RELEASE-e4.33.0-win32.win32.x86_64\sts-4.26.0.RELEASE\plugins\org.eclipse.m2e.maven.runtime_3.9.900.20240824-1409\jars\maven-resolver-impl-1.9.22.jar
2025-01-19 21:56:26,493 [Worker-46: Launching 01SpringBootFirstApp] INFO  o.eclipse.m2e.core.internal.Bundles - 	Entry: F:\MySts\spring-tool-suite-4-4.26.0.RELEASE-e4.33.0-win32.win32.x86_64\sts-4.26.0.RELEASE\plugins\org.eclipse.m2e.maven.runtime_3.9.900.20240824-1409\jars\maven-resolver-named-locks-1.9.22.jar
2025-01-19 21:56:26,493 [Worker-46: Launching 01SpringBootFirstApp] INFO  o.eclipse.m2e.core.internal.Bundles - 	Entry: F:\MySts\spring-tool-suite-4-4.26.0.RELEASE-e4.33.0-win32.win32.x86_64\sts-4.26.0.RELEASE\plugins\org.eclipse.m2e.maven.runtime_3.9.900.20240824-1409\jars\maven-resolver-provider-3.9.9.jar
2025-01-19 21:56:26,493 [Worker-46: Launching 01SpringBootFirstApp] INFO  o.eclipse.m2e.core.internal.Bundles - 	Entry: F:\MySts\spring-tool-suite-4-4.26.0.RELEASE-e4.33.0-win32.win32.x86_64\sts-4.26.0.RELEASE\plugins\org.eclipse.m2e.maven.runtime_3.9.900.20240824-1409\jars\maven-resolver-spi-1.9.22.jar
2025-01-19 21:56:26,493 [Worker-46: Launching 01SpringBootFirstApp] INFO  o.eclipse.m2e.core.internal.Bundles - 	Entry: F:\MySts\spring-tool-suite-4-4.26.0.RELEASE-e4.33.0-win32.win32.x86_64\sts-4.26.0.RELEASE\plugins\org.eclipse.m2e.maven.runtime_3.9.900.20240824-1409\jars\maven-resolver-transport-file-1.9.22.jar
2025-01-19 21:56:26,494 [Worker-46: Launching 01SpringBootFirstApp] INFO  o.eclipse.m2e.core.internal.Bundles - 	Entry: F:\MySts\spring-tool-suite-4-4.26.0.RELEASE-e4.33.0-win32.win32.x86_64\sts-4.26.0.RELEASE\plugins\org.eclipse.m2e.maven.runtime_3.9.900.20240824-1409\jars\maven-resolver-transport-http-1.9.22.jar
2025-01-19 21:56:26,494 [Worker-46: Launching 01SpringBootFirstApp] INFO  o.eclipse.m2e.core.internal.Bundles - 	Entry: F:\MySts\spring-tool-suite-4-4.26.0.RELEASE-e4.33.0-win32.win32.x86_64\sts-4.26.0.RELEASE\plugins\org.eclipse.m2e.maven.runtime_3.9.900.20240824-1409\jars\maven-resolver-transport-wagon-1.9.22.jar
2025-01-19 21:56:26,494 [Worker-46: Launching 01SpringBootFirstApp] INFO  o.eclipse.m2e.core.internal.Bundles - 	Entry: F:\MySts\spring-tool-suite-4-4.26.0.RELEASE-e4.33.0-win32.win32.x86_64\sts-4.26.0.RELEASE\plugins\org.eclipse.m2e.maven.runtime_3.9.900.20240824-1409\jars\maven-resolver-util-1.9.22.jar
2025-01-19 21:56:26,494 [Worker-46: Launching 01SpringBootFirstApp] INFO  o.eclipse.m2e.core.internal.Bundles - 	Entry: F:\MySts\spring-tool-suite-4-4.26.0.RELEASE-e4.33.0-win32.win32.x86_64\sts-4.26.0.RELEASE\plugins\org.eclipse.m2e.maven.runtime_3.9.900.20240824-1409\jars\maven-settings-3.9.9.jar
2025-01-19 21:56:26,494 [Worker-46: Launching 01SpringBootFirstApp] INFO  o.eclipse.m2e.core.internal.Bundles - 	Entry: F:\MySts\spring-tool-suite-4-4.26.0.RELEASE-e4.33.0-win32.win32.x86_64\sts-4.26.0.RELEASE\plugins\org.eclipse.m2e.maven.runtime_3.9.900.20240824-1409\jars\maven-settings-builder-3.9.9.jar
2025-01-19 21:56:26,494 [Worker-46: Launching 01SpringBootFirstApp] INFO  o.eclipse.m2e.core.internal.Bundles - 	Entry: F:\MySts\spring-tool-suite-4-4.26.0.RELEASE-e4.33.0-win32.win32.x86_64\sts-4.26.0.RELEASE\plugins\org.eclipse.m2e.maven.runtime_3.9.900.20240824-1409\jars\maven-shared-utils-3.4.2.jar
2025-01-19 21:56:26,494 [Worker-46: Launching 01SpringBootFirstApp] INFO  o.eclipse.m2e.core.internal.Bundles - 	Entry: F:\MySts\spring-tool-suite-4-4.26.0.RELEASE-e4.33.0-win32.win32.x86_64\sts-4.26.0.RELEASE\plugins\org.eclipse.m2e.maven.runtime_3.9.900.20240824-1409\jars\org.eclipse.sisu.inject-0.9.0.M3.jar
2025-01-19 21:56:26,494 [Worker-46: Launching 01SpringBootFirstApp] INFO  o.eclipse.m2e.core.internal.Bundles - 	Entry: F:\MySts\spring-tool-suite-4-4.26.0.RELEASE-e4.33.0-win32.win32.x86_64\sts-4.26.0.RELEASE\plugins\org.eclipse.m2e.maven.runtime_3.9.900.20240824-1409\jars\org.eclipse.sisu.plexus-0.9.0.M3.jar
2025-01-19 21:56:26,494 [Worker-46: Launching 01SpringBootFirstApp] INFO  o.eclipse.m2e.core.internal.Bundles - 	Entry: F:\MySts\spring-tool-suite-4-4.26.0.RELEASE-e4.33.0-win32.win32.x86_64\sts-4.26.0.RELEASE\plugins\org.eclipse.m2e.maven.runtime_3.9.900.20240824-1409\jars\plexus-build-api-0.0.7.jar
2025-01-19 21:56:26,494 [Worker-46: Launching 01SpringBootFirstApp] INFO  o.eclipse.m2e.core.internal.Bundles - 	Entry: F:\MySts\spring-tool-suite-4-4.26.0.RELEASE-e4.33.0-win32.win32.x86_64\sts-4.26.0.RELEASE\plugins\org.eclipse.m2e.maven.runtime_3.9.900.20240824-1409\jars\plexus-build-api-1.2.0.jar
2025-01-19 21:56:26,494 [Worker-46: Launching 01SpringBootFirstApp] INFO  o.eclipse.m2e.core.internal.Bundles - 	Entry: F:\MySts\spring-tool-suite-4-4.26.0.RELEASE-e4.33.0-win32.win32.x86_64\sts-4.26.0.RELEASE\plugins\org.eclipse.m2e.maven.runtime_3.9.900.20240824-1409\jars\plexus-cipher-2.0.jar
2025-01-19 21:56:26,494 [Worker-46: Launching 01SpringBootFirstApp] INFO  o.eclipse.m2e.core.internal.Bundles - 	Entry: F:\MySts\spring-tool-suite-4-4.26.0.RELEASE-e4.33.0-win32.win32.x86_64\sts-4.26.0.RELEASE\plugins\org.eclipse.m2e.maven.runtime_3.9.900.20240824-1409\jars\plexus-classworlds-2.8.0.jar
2025-01-19 21:56:26,494 [Worker-46: Launching 01SpringBootFirstApp] INFO  o.eclipse.m2e.core.internal.Bundles - 	Entry: F:\MySts\spring-tool-suite-4-4.26.0.RELEASE-e4.33.0-win32.win32.x86_64\sts-4.26.0.RELEASE\plugins\org.eclipse.m2e.maven.runtime_3.9.900.20240824-1409\jars\plexus-component-annotations-2.1.0.jar
2025-01-19 21:56:26,495 [Worker-46: Launching 01SpringBootFirstApp] INFO  o.eclipse.m2e.core.internal.Bundles - 	Entry: F:\MySts\spring-tool-suite-4-4.26.0.RELEASE-e4.33.0-win32.win32.x86_64\sts-4.26.0.RELEASE\plugins\org.eclipse.m2e.maven.runtime_3.9.900.20240824-1409\jars\plexus-interpolation-1.27.jar
2025-01-19 21:56:26,495 [Worker-46: Launching 01SpringBootFirstApp] INFO  o.eclipse.m2e.core.internal.Bundles - 	Entry: F:\MySts\spring-tool-suite-4-4.26.0.RELEASE-e4.33.0-win32.win32.x86_64\sts-4.26.0.RELEASE\plugins\org.eclipse.m2e.maven.runtime_3.9.900.20240824-1409\jars\plexus-sec-dispatcher-2.0.jar
2025-01-19 21:56:26,495 [Worker-46: Launching 01SpringBootFirstApp] INFO  o.eclipse.m2e.core.internal.Bundles - 	Entry: F:\MySts\spring-tool-suite-4-4.26.0.RELEASE-e4.33.0-win32.win32.x86_64\sts-4.26.0.RELEASE\plugins\org.eclipse.m2e.maven.runtime_3.9.900.20240824-1409\jars\plexus-utils-3.5.1.jar
2025-01-19 21:56:26,495 [Worker-46: Launching 01SpringBootFirstApp] INFO  o.eclipse.m2e.core.internal.Bundles - 	Entry: F:\MySts\spring-tool-suite-4-4.26.0.RELEASE-e4.33.0-win32.win32.x86_64\sts-4.26.0.RELEASE\plugins\org.eclipse.m2e.maven.runtime_3.9.900.20240824-1409\jars\plexus-xml-3.0.1.jar
2025-01-19 21:56:26,495 [Worker-46: Launching 01SpringBootFirstApp] INFO  o.eclipse.m2e.core.internal.Bundles - 	Entry: F:\MySts\spring-tool-suite-4-4.26.0.RELEASE-e4.33.0-win32.win32.x86_64\sts-4.26.0.RELEASE\plugins\org.eclipse.m2e.maven.runtime_3.9.900.20240824-1409\jars\wagon-file-3.5.3.jar
2025-01-19 21:56:26,495 [Worker-46: Launching 01SpringBootFirstApp] INFO  o.eclipse.m2e.core.internal.Bundles - 	Entry: F:\MySts\spring-tool-suite-4-4.26.0.RELEASE-e4.33.0-win32.win32.x86_64\sts-4.26.0.RELEASE\plugins\org.eclipse.m2e.maven.runtime_3.9.900.20240824-1409\jars\wagon-http-3.5.3.jar
2025-01-19 21:56:26,495 [Worker-46: Launching 01SpringBootFirstApp] INFO  o.eclipse.m2e.core.internal.Bundles - 	Entry: F:\MySts\spring-tool-suite-4-4.26.0.RELEASE-e4.33.0-win32.win32.x86_64\sts-4.26.0.RELEASE\plugins\org.eclipse.m2e.maven.runtime_3.9.900.20240824-1409\jars\wagon-http-shared-3.5.3.jar
2025-01-19 21:56:26,495 [Worker-46: Launching 01SpringBootFirstApp] INFO  o.eclipse.m2e.core.internal.Bundles - 	Entry: F:\MySts\spring-tool-suite-4-4.26.0.RELEASE-e4.33.0-win32.win32.x86_64\sts-4.26.0.RELEASE\plugins\org.eclipse.m2e.maven.runtime_3.9.900.20240824-1409\jars\wagon-provider-api-3.5.3.jar
2025-01-19 21:56:26,496 [Worker-46: Launching 01SpringBootFirstApp] INFO  o.eclipse.m2e.core.internal.Bundles - getClasspathEntries(Bundle=com.google.guava_33.3.0.jre [29])
2025-01-19 21:56:26,497 [Worker-46: Launching 01SpringBootFirstApp] INFO  o.eclipse.m2e.core.internal.Bundles - 	Entry: F:\MySts\spring-tool-suite-4-4.26.0.RELEASE-e4.33.0-win32.win32.x86_64\sts-4.26.0.RELEASE\plugins\com.google.guava_33.3.0.jre.jar
2025-01-19 21:56:26,497 [Worker-46: Launching 01SpringBootFirstApp] INFO  o.eclipse.m2e.core.internal.Bundles - getClasspathEntries(Bundle=slf4j.api_2.0.16 [593])
2025-01-19 21:56:26,497 [Worker-46: Launching 01SpringBootFirstApp] INFO  o.eclipse.m2e.core.internal.Bundles - 	Entry: F:\MySts\spring-tool-suite-4-4.26.0.RELEASE-e4.33.0-win32.win32.x86_64\sts-4.26.0.RELEASE\plugins\slf4j.api_2.0.16.jar
2025-01-19 21:56:26,497 [Worker-46: Launching 01SpringBootFirstApp] INFO  o.eclipse.m2e.core.internal.Bundles - getClasspathEntries(Bundle=jakarta.inject.jakarta.inject-api_1.0.5 [45])
2025-01-19 21:56:26,497 [Worker-46: Launching 01SpringBootFirstApp] INFO  o.eclipse.m2e.core.internal.Bundles - 	Entry: F:\MySts\spring-tool-suite-4-4.26.0.RELEASE-e4.33.0-win32.win32.x86_64\sts-4.26.0.RELEASE\plugins\jakarta.inject.jakarta.inject-api_1.0.5.jar
2025-01-19 21:56:26,497 [Worker-46: Launching 01SpringBootFirstApp] INFO  o.eclipse.m2e.core.internal.Bundles - getClasspathEntries(Bundle=jakarta.annotation-api_1.3.5 [41])
2025-01-19 21:56:26,497 [Worker-46: Launching 01SpringBootFirstApp] INFO  o.eclipse.m2e.core.internal.Bundles - 	Entry: F:\MySts\spring-tool-suite-4-4.26.0.RELEASE-e4.33.0-win32.win32.x86_64\sts-4.26.0.RELEASE\plugins\jakarta.annotation-api_1.3.5.jar
2025-01-19 21:56:26,497 [Worker-46: Launching 01SpringBootFirstApp] INFO  o.eclipse.m2e.core.internal.Bundles - getClasspathEntries(Bundle=org.apache.commons.cli_1.9.0 [77])
2025-01-19 21:56:26,498 [Worker-46: Launching 01SpringBootFirstApp] INFO  o.eclipse.m2e.core.internal.Bundles - 	Entry: F:\MySts\spring-tool-suite-4-4.26.0.RELEASE-e4.33.0-win32.win32.x86_64\sts-4.26.0.RELEASE\plugins\org.apache.commons.cli_1.9.0.jar
2025-01-19 21:56:26,498 [Worker-46: Launching 01SpringBootFirstApp] INFO  o.eclipse.m2e.core.internal.Bundles - getClasspathEntries(Bundle=org.apache.commons.commons-codec_1.16.0 [80])
2025-01-19 21:56:26,498 [Worker-46: Launching 01SpringBootFirstApp] INFO  o.eclipse.m2e.core.internal.Bundles - 	Entry: F:\MySts\spring-tool-suite-4-4.26.0.RELEASE-e4.33.0-win32.win32.x86_64\sts-4.26.0.RELEASE\plugins\org.apache.commons.commons-codec_1.16.0.jar
2025-01-19 21:56:26,498 [Worker-46: Launching 01SpringBootFirstApp] INFO  o.eclipse.m2e.core.internal.Bundles - getClasspathEntries(Bundle=com.google.guava.failureaccess_1.0.2 [30])
2025-01-19 21:56:26,498 [Worker-46: Launching 01SpringBootFirstApp] INFO  o.eclipse.m2e.core.internal.Bundles - 	Entry: F:\MySts\spring-tool-suite-4-4.26.0.RELEASE-e4.33.0-win32.win32.x86_64\sts-4.26.0.RELEASE\plugins\com.google.guava.failureaccess_1.0.2.jar
2025-01-19 21:56:26,539 [Worker-46: Launching 01SpringBootFirstApp] INFO  o.e.m.i.launch.MavenLaunchDelegate - Run build in "F:\WorkSpace6AM_BOOT\01SpringBootFirstApp":
2025-01-19 21:56:26,539 [Worker-46: Launching 01SpringBootFirstApp] INFO  o.e.m.i.launch.MavenLaunchDelegate -  mvn  -Ppom.xml -B -Dstyle.color=always package
2025-01-19 22:52:52,996 [Worker-46: Building] INFO  o.a.m.s.f.DefaultMavenResourcesFiltering - Copying 1 resource from src\main\resources to target\classes
2025-01-19 22:52:53,012 [Worker-46: Building] INFO  o.a.m.s.f.DefaultMavenResourcesFiltering - Copying 0 resource from src\main\resources to target\classes
2025-01-19 22:52:53,023 [Worker-46: Building] INFO  o.a.m.s.f.DefaultMavenResourcesFiltering - skip non existing resourceDirectory F:\WorkSpace6AM_BOOT\05pringBootYMLEx1\src\test\resources
2025-01-19 22:53:16,109 [Worker-51: Building] INFO  o.a.m.s.f.DefaultMavenResourcesFiltering - Copying 1 resource from src\main\resources to target\classes
2025-01-19 22:53:16,114 [Worker-51: Building] INFO  o.a.m.s.f.DefaultMavenResourcesFiltering - Copying 0 resource from src\main\resources to target\classes
2025-01-19 22:53:16,119 [Worker-51: Building] INFO  o.a.m.s.f.DefaultMavenResourcesFiltering - skip non existing resourceDirectory F:\WorkSpace6AM_BOOT\05pringBootYMLEx1\src\test\resources
2025-01-19 22:53:21,815 [Worker-49: Building] INFO  o.a.m.s.f.DefaultMavenResourcesFiltering - Copying 1 resource from src\main\resources to target\classes
2025-01-19 22:53:21,820 [Worker-49: Building] INFO  o.a.m.s.f.DefaultMavenResourcesFiltering - Copying 0 resource from src\main\resources to target\classes
2025-01-19 22:53:21,823 [Worker-49: Building] INFO  o.a.m.s.f.DefaultMavenResourcesFiltering - skip non existing resourceDirectory F:\WorkSpace6AM_BOOT\05pringBootYMLEx1\src\test\resources
2025-01-19 22:53:54,687 [Worker-50: Building] INFO  o.a.m.s.f.DefaultMavenResourcesFiltering - Copying 1 resource from src\main\resources to target\classes
2025-01-19 22:53:54,694 [Worker-50: Building] INFO  o.a.m.s.f.DefaultMavenResourcesFiltering - Copying 0 resource from src\main\resources to target\classes
2025-01-19 22:53:54,697 [Worker-50: Building] INFO  o.a.m.s.f.DefaultMavenResourcesFiltering - skip non existing resourceDirectory F:\WorkSpace6AM_BOOT\05pringBootYMLEx1\src\test\resources
2025-01-19 22:54:36,881 [Worker-47: Updating Maven Project] INFO  o.e.m.c.i.p.ProjectConfigurationManager - Update started
2025-01-19 22:54:37,615 [Worker-47: Updating Maven Project] INFO  o.e.m.c.i.l.LifecycleMappingFactory - Using org.eclipse.m2e.jdt.JarLifecycleMapping lifecycle mapping for MavenProject: com.app.zayyni:05pringBootYMLEx1:1.0 @ F:\WorkSpace6AM_BOOT\05pringBootYMLEx1\pom.xml.
2025-01-19 22:54:38,602 [Worker-47: Updating Maven Project] INFO  o.e.m.j.i.AbstractJavaProjectConfigurator - Adding source folder /05pringBootYMLEx1/src/main/java
2025-01-19 22:54:38,602 [Worker-47: Updating Maven Project] INFO  o.e.m.j.i.AbstractJavaProjectConfigurator - Adding resource folder /05pringBootYMLEx1/src/main/resources
2025-01-19 22:54:38,603 [Worker-47: Updating Maven Project] INFO  o.e.m.j.i.AbstractJavaProjectConfigurator - Adding resource folder /05pringBootYMLEx1/src/main/resources
2025-01-19 22:54:38,604 [Worker-47: Updating Maven Project] INFO  o.e.m.j.i.AbstractJavaProjectConfigurator - Adding source folder /05pringBootYMLEx1/src/test/java
2025-01-19 22:54:38,607 [Worker-47: Updating Maven Project] INFO  o.e.m.j.i.AbstractJavaProjectConfigurator - Adding resource folder /05pringBootYMLEx1/src/test/resources
2025-01-19 22:54:39,109 [Worker-47: Updating Maven Project] INFO  o.e.m.c.i.p.ProjectConfigurationManager - Update completed for 1 poms: local refresh takes 0.00 sec, refresh facades takes 1.00 sec, update config takes 0.00 sec 
2025-01-19 22:54:39,783 [Worker-46: Building] INFO  o.a.m.s.f.DefaultMavenResourcesFiltering - Copying 1 resource from src\main\resources to target\classes
2025-01-19 22:54:39,836 [Worker-46: Building] INFO  o.a.m.s.f.DefaultMavenResourcesFiltering - Copying 0 resource from src\main\resources to target\classes
2025-01-19 22:54:39,853 [Worker-46: Building] INFO  o.a.m.s.f.DefaultMavenResourcesFiltering - skip non existing resourceDirectory F:\WorkSpace6AM_BOOT\05pringBootYMLEx1\src\test\resources
2025-01-19 23:04:40,564 [Worker-55: Updating Maven Dependencies] INFO  o.e.m.c.i.p.r.ProjectRegistryRefreshJob - org.eclipse.m2e.core.internal.project.registry.ProjectRegistryRefreshJob was canceled
2025-01-19 23:05:24,445 [Worker-3: Loading available Gradle versions] INFO  o.e.b.c.i.u.g.PublishedGradleVersions - Gradle version information cache is up-to-date. Trying to read.
2025-01-19 23:06:21,794 [Worker-7: Import Getting Started Content] INFO  o.e.m.c.i.l.LifecycleMappingFactory - Using org.eclipse.m2e.jdt.JarLifecycleMapping lifecycle mapping for MavenProject: com.app.zayyni:06JavaMailSender:1.0 @ F:\WorkSpace6AM_BOOT\06JavaMailSender\pom.xml.
2025-01-19 23:06:23,409 [Worker-7: Import Getting Started Content] INFO  o.e.m.c.i.e.AbstractTransferListenerAdapter - Downloading https://repo.maven.apache.org/maven2/org/springframework/boot/spring-boot-starter-mail/3.4.1/spring-boot-starter-mail-3.4.1.pom
2025-01-19 23:06:23,425 [Worker-7: Import Getting Started Content] INFO  o.e.m.c.i.e.AbstractTransferListenerAdapter - Downloaded https://repo.maven.apache.org/maven2/org/springframework/boot/spring-boot-starter-mail/3.4.1/spring-boot-starter-mail-3.4.1.pom
2025-01-19 23:06:23,810 [Worker-7: Import Getting Started Content] INFO  o.e.m.c.i.e.AbstractTransferListenerAdapter - Downloading https://repo.maven.apache.org/maven2/org/springframework/spring-context-support/6.2.1/spring-context-support-6.2.1.pom
2025-01-19 23:06:23,816 [Worker-7: Import Getting Started Content] INFO  o.e.m.c.i.e.AbstractTransferListenerAdapter - Downloaded https://repo.maven.apache.org/maven2/org/springframework/spring-context-support/6.2.1/spring-context-support-6.2.1.pom
2025-01-19 23:06:24,098 [Worker-7: Import Getting Started Content] INFO  o.e.m.c.i.e.AbstractTransferListenerAdapter - Downloading https://repo.maven.apache.org/maven2/org/eclipse/angus/jakarta.mail/2.0.3/jakarta.mail-2.0.3.pom
2025-01-19 23:06:24,155 [Worker-7: Import Getting Started Content] INFO  o.e.m.c.i.e.AbstractTransferListenerAdapter - Downloaded https://repo.maven.apache.org/maven2/org/eclipse/angus/jakarta.mail/2.0.3/jakarta.mail-2.0.3.pom
2025-01-19 23:06:24,441 [Worker-7: Import Getting Started Content] INFO  o.e.m.c.i.e.AbstractTransferListenerAdapter - Downloading https://repo.maven.apache.org/maven2/org/eclipse/angus/all/2.0.3/all-2.0.3.pom
2025-01-19 23:06:24,543 [Worker-7: Import Getting Started Content] INFO  o.e.m.c.i.e.AbstractTransferListenerAdapter - Downloaded https://repo.maven.apache.org/maven2/org/eclipse/angus/all/2.0.3/all-2.0.3.pom
2025-01-19 23:06:24,847 [Worker-7: Import Getting Started Content] INFO  o.e.m.c.i.e.AbstractTransferListenerAdapter - Downloading https://repo.maven.apache.org/maven2/org/eclipse/angus/angus-activation/2.0.2/angus-activation-2.0.2.pom
2025-01-19 23:06:24,859 [Worker-7: Import Getting Started Content] INFO  o.e.m.c.i.e.AbstractTransferListenerAdapter - Downloaded https://repo.maven.apache.org/maven2/org/eclipse/angus/angus-activation/2.0.2/angus-activation-2.0.2.pom
2025-01-19 23:06:25,177 [Worker-7: Import Getting Started Content] INFO  o.e.m.c.i.e.AbstractTransferListenerAdapter - Downloading https://repo.maven.apache.org/maven2/org/eclipse/angus/angus-activation-project/2.0.2/angus-activation-project-2.0.2.pom
2025-01-19 23:06:25,208 [Worker-7: Import Getting Started Content] INFO  o.e.m.c.i.e.AbstractTransferListenerAdapter - Downloaded https://repo.maven.apache.org/maven2/org/eclipse/angus/angus-activation-project/2.0.2/angus-activation-project-2.0.2.pom
2025-01-19 23:06:25,701 [Worker-7: Import Getting Started Content] INFO  o.e.m.c.i.e.AbstractTransferListenerAdapter - Downloading https://repo.maven.apache.org/maven2/org/springframework/boot/spring-boot-starter-mail/3.4.1/spring-boot-starter-mail-3.4.1.jar
2025-01-19 23:06:25,705 [Worker-7: Import Getting Started Content] INFO  o.e.m.c.i.e.AbstractTransferListenerAdapter - Downloaded https://repo.maven.apache.org/maven2/org/springframework/boot/spring-boot-starter-mail/3.4.1/spring-boot-starter-mail-3.4.1.jar
2025-01-19 23:06:26,079 [BasicRepositoryConnector-repo.maven.apache.org-0-1] INFO  o.e.m.c.i.e.AbstractTransferListenerAdapter - Downloading https://repo.maven.apache.org/maven2/org/eclipse/angus/jakarta.mail/2.0.3/jakarta.mail-2.0.3.jar
2025-01-19 23:06:26,921 [BasicRepositoryConnector-repo.maven.apache.org-0-0] INFO  o.e.m.c.i.e.AbstractTransferListenerAdapter - Downloading https://repo.maven.apache.org/maven2/org/springframework/spring-context-support/6.2.1/spring-context-support-6.2.1.jar
2025-01-19 23:06:27,735 [BasicRepositoryConnector-repo.maven.apache.org-0-0] INFO  o.e.m.c.i.e.AbstractTransferListenerAdapter - Downloaded https://repo.maven.apache.org/maven2/org/springframework/spring-context-support/6.2.1/spring-context-support-6.2.1.jar
2025-01-19 23:06:28,420 [BasicRepositoryConnector-repo.maven.apache.org-0-2] INFO  o.e.m.c.i.e.AbstractTransferListenerAdapter - Downloading https://repo.maven.apache.org/maven2/org/eclipse/angus/angus-activation/2.0.2/angus-activation-2.0.2.jar
2025-01-19 23:06:29,845 [BasicRepositoryConnector-repo.maven.apache.org-0-2] INFO  o.e.m.c.i.e.AbstractTransferListenerAdapter - Downloaded https://repo.maven.apache.org/maven2/org/eclipse/angus/angus-activation/2.0.2/angus-activation-2.0.2.jar
2025-01-19 23:06:30,235 [BasicRepositoryConnector-repo.maven.apache.org-0-1] INFO  o.e.m.c.i.e.AbstractTransferListenerAdapter - Downloaded https://repo.maven.apache.org/maven2/org/eclipse/angus/jakarta.mail/2.0.3/jakarta.mail-2.0.3.jar
2025-01-19 23:06:31,283 [Worker-7: Import Getting Started Content] INFO  o.e.m.j.i.AbstractJavaProjectConfigurator - Adding source folder /06JavaMailSender/src/main/java
2025-01-19 23:06:31,285 [Worker-7: Import Getting Started Content] INFO  o.e.m.j.i.AbstractJavaProjectConfigurator - Adding resource folder /06JavaMailSender/src/main/resources
2025-01-19 23:06:31,290 [Worker-7: Import Getting Started Content] INFO  o.e.m.j.i.AbstractJavaProjectConfigurator - Adding resource folder /06JavaMailSender/src/main/resources
2025-01-19 23:06:31,294 [Worker-7: Import Getting Started Content] INFO  o.e.m.j.i.AbstractJavaProjectConfigurator - Adding source folder /06JavaMailSender/src/test/java
2025-01-19 23:06:31,295 [Worker-7: Import Getting Started Content] INFO  o.e.m.j.i.AbstractJavaProjectConfigurator - Adding resource folder /06JavaMailSender/src/test/resources
2025-01-19 23:06:32,364 [Worker-7: Import Getting Started Content] INFO  o.e.m.c.i.p.ProjectConfigurationManager - Imported and configured 1 project(s) in 12 sec
2025-01-19 23:06:32,368 [Worker-7: Import Getting Started Content] INFO  o.e.m.c.i.p.ProjectConfigurationManager - Update started
2025-01-19 23:06:32,980 [Worker-7: Import Getting Started Content] INFO  o.e.m.c.i.l.LifecycleMappingFactory - Using org.eclipse.m2e.jdt.JarLifecycleMapping lifecycle mapping for MavenProject: com.app.zayyni:06JavaMailSender:1.0 @ F:\WorkSpace6AM_BOOT\06JavaMailSender\pom.xml.
2025-01-19 23:06:33,189 [Worker-2: Download sources and javadoc] INFO  o.e.m.c.i.e.AbstractTransferListenerAdapter - Downloading https://repo.maven.apache.org/maven2/org/springframework/boot/spring-boot-starter-mail/3.4.1/spring-boot-starter-mail-3.4.1-sources.jar
2025-01-19 23:06:33,195 [Worker-2: Download sources and javadoc] INFO  o.e.m.c.i.e.AbstractTransferListenerAdapter - Downloaded https://repo.maven.apache.org/maven2/org/springframework/boot/spring-boot-starter-mail/3.4.1/spring-boot-starter-mail-3.4.1-sources.jar
2025-01-19 23:06:33,199 [Worker-2: Download sources and javadoc] INFO  o.e.m.j.internal.DownloadSourcesJob - Downloaded sources for org.springframework.boot:spring-boot-starter-mail:3.4.1
2025-01-19 23:06:33,494 [Worker-7: Import Getting Started Content] INFO  o.e.m.j.i.AbstractJavaProjectConfigurator - Adding source folder /06JavaMailSender/src/main/java
2025-01-19 23:06:33,495 [Worker-7: Import Getting Started Content] INFO  o.e.m.j.i.AbstractJavaProjectConfigurator - Adding resource folder /06JavaMailSender/src/main/resources
2025-01-19 23:06:33,495 [Worker-7: Import Getting Started Content] INFO  o.e.m.j.i.AbstractJavaProjectConfigurator - Adding resource folder /06JavaMailSender/src/main/resources
2025-01-19 23:06:33,496 [Worker-7: Import Getting Started Content] INFO  o.e.m.j.i.AbstractJavaProjectConfigurator - Adding source folder /06JavaMailSender/src/test/java
2025-01-19 23:06:33,497 [Worker-7: Import Getting Started Content] INFO  o.e.m.j.i.AbstractJavaProjectConfigurator - Adding resource folder /06JavaMailSender/src/test/resources
2025-01-19 23:06:34,241 [Worker-2: Download sources and javadoc] INFO  o.e.m.c.i.e.AbstractTransferListenerAdapter - Downloading https://repo.maven.apache.org/maven2/org/springframework/spring-context-support/6.2.1/spring-context-support-6.2.1-sources.jar
2025-01-19 23:06:34,288 [Worker-7: Import Getting Started Content] INFO  o.e.m.c.i.p.ProjectConfigurationManager - Update completed for 1 poms: local refresh takes 0.00 sec, refresh facades takes 1.00 sec, update config takes 0.00 sec 
2025-01-19 23:06:34,927 [Worker-2: Download sources and javadoc] INFO  o.e.m.c.i.e.AbstractTransferListenerAdapter - Downloaded https://repo.maven.apache.org/maven2/org/springframework/spring-context-support/6.2.1/spring-context-support-6.2.1-sources.jar
2025-01-19 23:06:34,932 [Worker-2: Download sources and javadoc] INFO  o.e.m.j.internal.DownloadSourcesJob - Downloaded sources for org.springframework:spring-context-support:6.2.1
2025-01-19 23:06:37,002 [Worker-4: Building] INFO  o.a.m.s.f.DefaultMavenResourcesFiltering - Copying 1 resource from src\main\resources to target\classes
2025-01-19 23:06:37,022 [Worker-4: Building] INFO  o.a.m.s.f.DefaultMavenResourcesFiltering - Copying 0 resource from src\main\resources to target\classes
2025-01-19 23:06:37,032 [Worker-4: Building] INFO  o.a.m.s.f.DefaultMavenResourcesFiltering - skip non existing resourceDirectory F:\WorkSpace6AM_BOOT\06JavaMailSender\src\test\resources
2025-01-19 23:06:44,938 [Worker-2: Download sources and javadoc] INFO  o.e.m.c.i.e.AbstractTransferListenerAdapter - Downloaded https://repo.maven.apache.org/maven2/org/eclipse/angus/jakarta.mail/2.0.3/jakarta.mail-2.0.3-sources.jar
2025-01-19 23:06:44,944 [Worker-2: Download sources and javadoc] ERROR o.e.m.j.internal.DownloadSourcesJob - Could not download sources for org.eclipse.angus:jakarta.mail:2.0.3
org.eclipse.core.runtime.CoreException: Could not resolve artifact org.eclipse.angus:jakarta.mail:jar:sources:2.0.3
	at org.eclipse.m2e.core.internal.embedder.MavenImpl.lambda$7(MavenImpl.java:540)
	at org.eclipse.m2e.core.internal.embedder.MavenExecutionContext.executeBare(MavenExecutionContext.java:458)
	at org.eclipse.m2e.core.internal.embedder.MavenExecutionContext.execute(MavenExecutionContext.java:292)
	at org.eclipse.m2e.core.internal.embedder.MavenExecutionContext.execute(MavenExecutionContext.java:278)
	at org.eclipse.m2e.core.internal.embedder.MavenImpl.resolve(MavenImpl.java:509)
	at org.eclipse.m2e.core.internal.embedder.MavenImpl.resolve(MavenImpl.java:494)
	at org.eclipse.m2e.jdt.internal.DownloadSourcesJob.download(DownloadSourcesJob.java:308)
	at org.eclipse.m2e.jdt.internal.DownloadSourcesJob.downloadAttachments(DownloadSourcesJob.java:282)
	at org.eclipse.m2e.jdt.internal.DownloadSourcesJob.downloadMaven(DownloadSourcesJob.java:252)
	at org.eclipse.m2e.jdt.internal.DownloadSourcesJob.downloadFilesAndPopulateToUpdate(DownloadSourcesJob.java:220)
	at org.eclipse.m2e.jdt.internal.DownloadSourcesJob.lambda$0(DownloadSourcesJob.java:149)
	at org.eclipse.m2e.core.internal.embedder.MavenExecutionContext.executeBare(MavenExecutionContext.java:458)
	at org.eclipse.m2e.core.internal.embedder.MavenExecutionContext.execute(MavenExecutionContext.java:339)
	at org.eclipse.m2e.core.internal.embedder.MavenExecutionContext.execute(MavenExecutionContext.java:278)
	at org.eclipse.m2e.core.embedder.IMaven.execute(IMaven.java:300)
	at org.eclipse.m2e.jdt.internal.DownloadSourcesJob.run(DownloadSourcesJob.java:149)
	at org.eclipse.core.internal.jobs.Worker.run(Worker.java:63)
2025-01-19 23:06:46,116 [Worker-2: Download sources and javadoc] INFO  o.e.m.c.i.e.AbstractTransferListenerAdapter - Downloading https://repo.maven.apache.org/maven2/org/eclipse/angus/angus-activation/2.0.2/angus-activation-2.0.2-sources.jar
2025-01-19 23:06:46,171 [Worker-2: Download sources and javadoc] INFO  o.e.m.c.i.e.AbstractTransferListenerAdapter - Downloaded https://repo.maven.apache.org/maven2/org/eclipse/angus/angus-activation/2.0.2/angus-activation-2.0.2-sources.jar
2025-01-19 23:06:46,173 [Worker-2: Download sources and javadoc] INFO  o.e.m.j.internal.DownloadSourcesJob - Downloaded sources for org.eclipse.angus:angus-activation:2.0.2
2025-01-19 23:08:17,179 [Worker-0: Building] INFO  o.a.m.s.f.DefaultMavenResourcesFiltering - Copying 1 resource from src\main\resources to target\classes
2025-01-19 23:08:17,187 [Worker-0: Building] INFO  o.a.m.s.f.DefaultMavenResourcesFiltering - Copying 0 resource from src\main\resources to target\classes
2025-01-19 23:08:17,190 [Worker-0: Building] INFO  o.a.m.s.f.DefaultMavenResourcesFiltering - skip non existing resourceDirectory F:\WorkSpace6AM_BOOT\06JavaMailSender\src\test\resources
2025-01-19 23:08:57,926 [Worker-1: Building] INFO  o.a.m.s.f.DefaultMavenResourcesFiltering - Copying 1 resource from src\main\resources to target\classes
2025-01-19 23:08:57,955 [Worker-1: Building] INFO  o.a.m.s.f.DefaultMavenResourcesFiltering - Copying 0 resource from src\main\resources to target\classes
2025-01-19 23:08:57,959 [Worker-1: Building] INFO  o.a.m.s.f.DefaultMavenResourcesFiltering - skip non existing resourceDirectory F:\WorkSpace6AM_BOOT\06JavaMailSender\src\test\resources
2025-01-19 23:09:05,270 [Worker-7: Building] INFO  o.a.m.s.f.DefaultMavenResourcesFiltering - Copying 1 resource from src\main\resources to target\classes
2025-01-19 23:09:05,274 [Worker-7: Building] INFO  o.a.m.s.f.DefaultMavenResourcesFiltering - Copying 0 resource from src\main\resources to target\classes
2025-01-19 23:09:05,277 [Worker-7: Building] INFO  o.a.m.s.f.DefaultMavenResourcesFiltering - skip non existing resourceDirectory F:\WorkSpace6AM_BOOT\06JavaMailSender\src\test\resources
2025-01-19 23:09:30,330 [Worker-1: Building] INFO  o.a.m.s.f.DefaultMavenResourcesFiltering - Copying 1 resource from src\main\resources to target\classes
2025-01-19 23:09:30,338 [Worker-1: Building] INFO  o.a.m.s.f.DefaultMavenResourcesFiltering - Copying 0 resource from src\main\resources to target\classes
2025-01-19 23:09:30,341 [Worker-1: Building] INFO  o.a.m.s.f.DefaultMavenResourcesFiltering - skip non existing resourceDirectory F:\WorkSpace6AM_BOOT\06JavaMailSender\src\test\resources
2025-01-19 23:09:48,540 [Worker-7: Building] INFO  o.a.m.s.f.DefaultMavenResourcesFiltering - Copying 1 resource from src\main\resources to target\classes
2025-01-19 23:09:48,554 [Worker-7: Building] INFO  o.a.m.s.f.DefaultMavenResourcesFiltering - Copying 0 resource from src\main\resources to target\classes
2025-01-19 23:09:48,558 [Worker-7: Building] INFO  o.a.m.s.f.DefaultMavenResourcesFiltering - skip non existing resourceDirectory F:\WorkSpace6AM_BOOT\06JavaMailSender\src\test\resources
2025-01-19 23:11:13,145 [Worker-3: Building] INFO  o.a.m.s.f.DefaultMavenResourcesFiltering - Copying 1 resource from src\main\resources to target\classes
2025-01-19 23:11:13,151 [Worker-3: Building] INFO  o.a.m.s.f.DefaultMavenResourcesFiltering - Copying 0 resource from src\main\resources to target\classes
2025-01-19 23:11:13,154 [Worker-3: Building] INFO  o.a.m.s.f.DefaultMavenResourcesFiltering - skip non existing resourceDirectory F:\WorkSpace6AM_BOOT\06JavaMailSender\src\test\resources
2025-01-19 23:12:29,380 [Worker-3: Building] INFO  o.a.m.s.f.DefaultMavenResourcesFiltering - Copying 1 resource from src\main\resources to target\classes
2025-01-19 23:12:29,386 [Worker-3: Building] INFO  o.a.m.s.f.DefaultMavenResourcesFiltering - Copying 0 resource from src\main\resources to target\classes
2025-01-19 23:12:29,389 [Worker-3: Building] INFO  o.a.m.s.f.DefaultMavenResourcesFiltering - skip non existing resourceDirectory F:\WorkSpace6AM_BOOT\06JavaMailSender\src\test\resources
2025-01-19 23:12:47,368 [Worker-3: Building] INFO  o.a.m.s.f.DefaultMavenResourcesFiltering - Copying 1 resource from src\main\resources to target\classes
2025-01-19 23:12:47,372 [Worker-3: Building] INFO  o.a.m.s.f.DefaultMavenResourcesFiltering - Copying 0 resource from src\main\resources to target\classes
2025-01-19 23:12:47,377 [Worker-3: Building] INFO  o.a.m.s.f.DefaultMavenResourcesFiltering - skip non existing resourceDirectory F:\WorkSpace6AM_BOOT\06JavaMailSender\src\test\resources
2025-01-19 23:13:54,448 [Worker-6: Building] INFO  o.a.m.s.f.DefaultMavenResourcesFiltering - Copying 1 resource from src\main\resources to target\classes
2025-01-19 23:13:54,453 [Worker-6: Building] INFO  o.a.m.s.f.DefaultMavenResourcesFiltering - Copying 0 resource from src\main\resources to target\classes
2025-01-19 23:13:54,456 [Worker-6: Building] INFO  o.a.m.s.f.DefaultMavenResourcesFiltering - skip non existing resourceDirectory F:\WorkSpace6AM_BOOT\06JavaMailSender\src\test\resources
2025-01-19 23:14:21,073 [Worker-1: Building] INFO  o.a.m.s.f.DefaultMavenResourcesFiltering - Copying 1 resource from src\main\resources to target\classes
2025-01-19 23:14:21,080 [Worker-1: Building] INFO  o.a.m.s.f.DefaultMavenResourcesFiltering - Copying 0 resource from src\main\resources to target\classes
2025-01-19 23:14:21,084 [Worker-1: Building] INFO  o.a.m.s.f.DefaultMavenResourcesFiltering - skip non existing resourceDirectory F:\WorkSpace6AM_BOOT\06JavaMailSender\src\test\resources
2025-01-19 23:14:33,813 [Worker-5: Building] INFO  o.a.m.s.f.DefaultMavenResourcesFiltering - Copying 1 resource from src\main\resources to target\classes
2025-01-19 23:14:33,822 [Worker-5: Building] INFO  o.a.m.s.f.DefaultMavenResourcesFiltering - Copying 0 resource from src\main\resources to target\classes
2025-01-19 23:14:33,826 [Worker-5: Building] INFO  o.a.m.s.f.DefaultMavenResourcesFiltering - skip non existing resourceDirectory F:\WorkSpace6AM_BOOT\06JavaMailSender\src\test\resources
2025-01-19 23:15:28,668 [Worker-7: Building] INFO  o.a.m.s.f.DefaultMavenResourcesFiltering - Copying 1 resource from src\main\resources to target\classes
2025-01-19 23:15:28,676 [Worker-7: Building] INFO  o.a.m.s.f.DefaultMavenResourcesFiltering - Copying 0 resource from src\main\resources to target\classes
2025-01-19 23:15:28,681 [Worker-7: Building] INFO  o.a.m.s.f.DefaultMavenResourcesFiltering - skip non existing resourceDirectory F:\WorkSpace6AM_BOOT\06JavaMailSender\src\test\resources
2025-01-19 23:16:07,938 [Worker-1: Building] INFO  o.a.m.s.f.DefaultMavenResourcesFiltering - Copying 1 resource from src\main\resources to target\classes
2025-01-19 23:16:07,943 [Worker-1: Building] INFO  o.a.m.s.f.DefaultMavenResourcesFiltering - Copying 0 resource from src\main\resources to target\classes
2025-01-19 23:16:07,946 [Worker-1: Building] INFO  o.a.m.s.f.DefaultMavenResourcesFiltering - skip non existing resourceDirectory F:\WorkSpace6AM_BOOT\06JavaMailSender\src\test\resources
2025-01-19 23:16:27,514 [Worker-1: Building] INFO  o.a.m.s.f.DefaultMavenResourcesFiltering - Copying 1 resource from src\main\resources to target\classes
2025-01-19 23:16:27,519 [Worker-1: Building] INFO  o.a.m.s.f.DefaultMavenResourcesFiltering - Copying 0 resource from src\main\resources to target\classes
2025-01-19 23:16:27,522 [Worker-1: Building] INFO  o.a.m.s.f.DefaultMavenResourcesFiltering - skip non existing resourceDirectory F:\WorkSpace6AM_BOOT\06JavaMailSender\src\test\resources
2025-01-19 23:17:30,166 [Worker-5: Building] INFO  o.a.m.s.f.DefaultMavenResourcesFiltering - Copying 1 resource from src\main\resources to target\classes
2025-01-19 23:17:30,172 [Worker-5: Building] INFO  o.a.m.s.f.DefaultMavenResourcesFiltering - Copying 0 resource from src\main\resources to target\classes
2025-01-19 23:17:30,175 [Worker-5: Building] INFO  o.a.m.s.f.DefaultMavenResourcesFiltering - skip non existing resourceDirectory F:\WorkSpace6AM_BOOT\06JavaMailSender\src\test\resources
2025-01-19 23:18:24,422 [Worker-3: Building] INFO  o.a.m.s.f.DefaultMavenResourcesFiltering - Copying 1 resource from src\main\resources to target\classes
2025-01-19 23:18:24,428 [Worker-3: Building] INFO  o.a.m.s.f.DefaultMavenResourcesFiltering - Copying 0 resource from src\main\resources to target\classes
2025-01-19 23:18:24,433 [Worker-3: Building] INFO  o.a.m.s.f.DefaultMavenResourcesFiltering - skip non existing resourceDirectory F:\WorkSpace6AM_BOOT\06JavaMailSender\src\test\resources
2025-01-19 23:18:49,481 [Worker-0: Building] INFO  o.a.m.s.f.DefaultMavenResourcesFiltering - Copying 1 resource from src\main\resources to target\classes
2025-01-19 23:18:49,487 [Worker-0: Building] INFO  o.a.m.s.f.DefaultMavenResourcesFiltering - Copying 0 resource from src\main\resources to target\classes
2025-01-19 23:18:49,491 [Worker-0: Building] INFO  o.a.m.s.f.DefaultMavenResourcesFiltering - skip non existing resourceDirectory F:\WorkSpace6AM_BOOT\06JavaMailSender\src\test\resources
2025-01-19 23:21:32,379 [Worker-3: Building] INFO  o.a.m.s.f.DefaultMavenResourcesFiltering - Copying 1 resource from src\main\resources to target\classes
2025-01-19 23:21:32,386 [Worker-3: Building] INFO  o.a.m.s.f.DefaultMavenResourcesFiltering - Copying 0 resource from src\main\resources to target\classes
2025-01-19 23:21:32,390 [Worker-3: Building] INFO  o.a.m.s.f.DefaultMavenResourcesFiltering - skip non existing resourceDirectory F:\WorkSpace6AM_BOOT\06JavaMailSender\src\test\resources
2025-01-19 23:23:50,554 [Worker-3: Building] INFO  o.a.m.s.f.DefaultMavenResourcesFiltering - Copying 1 resource from src\main\resources to target\classes
2025-01-19 23:23:50,558 [Worker-3: Building] INFO  o.a.m.s.f.DefaultMavenResourcesFiltering - Copying 0 resource from src\main\resources to target\classes
2025-01-19 23:23:50,562 [Worker-3: Building] INFO  o.a.m.s.f.DefaultMavenResourcesFiltering - skip non existing resourceDirectory F:\WorkSpace6AM_BOOT\06JavaMailSender\src\test\resources
2025-01-19 23:24:01,714 [Worker-3: Building] INFO  o.a.m.s.f.DefaultMavenResourcesFiltering - Copying 1 resource from src\main\resources to target\classes
2025-01-19 23:24:01,717 [Worker-3: Building] INFO  o.a.m.s.f.DefaultMavenResourcesFiltering - Copying 0 resource from src\main\resources to target\classes
2025-01-19 23:24:01,721 [Worker-3: Building] INFO  o.a.m.s.f.DefaultMavenResourcesFiltering - skip non existing resourceDirectory F:\WorkSpace6AM_BOOT\06JavaMailSender\src\test\resources
2025-01-19 23:24:32,129 [Worker-5: Building] INFO  o.a.m.s.f.DefaultMavenResourcesFiltering - Copying 1 resource from src\main\resources to target\classes
2025-01-19 23:24:32,135 [Worker-5: Building] INFO  o.a.m.s.f.DefaultMavenResourcesFiltering - Copying 0 resource from src\main\resources to target\classes
2025-01-19 23:24:32,141 [Worker-5: Building] INFO  o.a.m.s.f.DefaultMavenResourcesFiltering - skip non existing resourceDirectory F:\WorkSpace6AM_BOOT\06JavaMailSender\src\test\resources
2025-01-19 23:26:04,661 [Worker-0: Building] INFO  o.a.m.s.f.DefaultMavenResourcesFiltering - Copying 1 resource from src\main\resources to target\classes
2025-01-19 23:26:04,665 [Worker-0: Building] INFO  o.a.m.s.f.DefaultMavenResourcesFiltering - Copying 0 resource from src\main\resources to target\classes
2025-01-19 23:26:04,669 [Worker-0: Building] INFO  o.a.m.s.f.DefaultMavenResourcesFiltering - skip non existing resourceDirectory F:\WorkSpace6AM_BOOT\06JavaMailSender\src\test\resources
2025-01-19 23:26:16,583 [Worker-2: Building] INFO  o.a.m.s.f.DefaultMavenResourcesFiltering - Copying 1 resource from src\main\resources to target\classes
2025-01-19 23:26:16,587 [Worker-2: Building] INFO  o.a.m.s.f.DefaultMavenResourcesFiltering - Copying 0 resource from src\main\resources to target\classes
2025-01-19 23:26:16,590 [Worker-2: Building] INFO  o.a.m.s.f.DefaultMavenResourcesFiltering - skip non existing resourceDirectory F:\WorkSpace6AM_BOOT\06JavaMailSender\src\test\resources
2025-01-19 23:26:55,027 [Worker-9: Building] INFO  o.a.m.s.f.DefaultMavenResourcesFiltering - Copying 1 resource from src\main\resources to target\classes
2025-01-19 23:26:55,032 [Worker-9: Building] INFO  o.a.m.s.f.DefaultMavenResourcesFiltering - Copying 0 resource from src\main\resources to target\classes
2025-01-19 23:26:55,034 [Worker-9: Building] INFO  o.a.m.s.f.DefaultMavenResourcesFiltering - skip non existing resourceDirectory F:\WorkSpace6AM_BOOT\06JavaMailSender\src\test\resources
2025-01-19 23:29:02,651 [Worker-1: Building] INFO  o.a.m.s.f.DefaultMavenResourcesFiltering - Copying 1 resource from src\main\resources to target\classes
2025-01-19 23:29:02,655 [Worker-1: Building] INFO  o.a.m.s.f.DefaultMavenResourcesFiltering - Copying 0 resource from src\main\resources to target\classes
2025-01-19 23:29:02,659 [Worker-1: Building] INFO  o.a.m.s.f.DefaultMavenResourcesFiltering - skip non existing resourceDirectory F:\WorkSpace6AM_BOOT\06JavaMailSender\src\test\resources
2025-01-19 23:30:16,903 [Worker-11: Building] INFO  o.a.m.s.f.DefaultMavenResourcesFiltering - Copying 1 resource from src\main\resources to target\classes
2025-01-19 23:30:16,907 [Worker-11: Building] INFO  o.a.m.s.f.DefaultMavenResourcesFiltering - Copying 0 resource from src\main\resources to target\classes
2025-01-19 23:30:16,910 [Worker-11: Building] INFO  o.a.m.s.f.DefaultMavenResourcesFiltering - skip non existing resourceDirectory F:\WorkSpace6AM_BOOT\06JavaMailSender\src\test\resources
2025-01-19 23:30:40,546 [Worker-10: Building] INFO  o.a.m.s.f.DefaultMavenResourcesFiltering - Copying 1 resource from src\main\resources to target\classes
2025-01-19 23:30:40,554 [Worker-10: Building] INFO  o.a.m.s.f.DefaultMavenResourcesFiltering - Copying 0 resource from src\main\resources to target\classes
2025-01-19 23:30:40,558 [Worker-10: Building] INFO  o.a.m.s.f.DefaultMavenResourcesFiltering - skip non existing resourceDirectory F:\WorkSpace6AM_BOOT\06JavaMailSender\src\test\resources
2025-01-19 23:31:31,890 [Worker-1: Building] INFO  o.a.m.s.f.DefaultMavenResourcesFiltering - Copying 1 resource from src\main\resources to target\classes
2025-01-19 23:31:31,896 [Worker-1: Building] INFO  o.a.m.s.f.DefaultMavenResourcesFiltering - Copying 0 resource from src\main\resources to target\classes
2025-01-19 23:31:31,901 [Worker-1: Building] INFO  o.a.m.s.f.DefaultMavenResourcesFiltering - skip non existing resourceDirectory F:\WorkSpace6AM_BOOT\06JavaMailSender\src\test\resources
2025-01-19 23:31:59,432 [Worker-1: Download sources and javadoc] INFO  o.e.m.c.i.e.AbstractTransferListenerAdapter - Downloading https://repo.maven.apache.org/maven2/org/eclipse/angus/jakarta.mail/2.0.3/jakarta.mail-2.0.3-javadoc.jar
2025-01-19 23:32:08,011 [Worker-1: Download sources and javadoc] INFO  o.e.m.c.i.e.AbstractTransferListenerAdapter - Downloaded https://repo.maven.apache.org/maven2/org/eclipse/angus/jakarta.mail/2.0.3/jakarta.mail-2.0.3-javadoc.jar
2025-01-19 23:32:08,015 [Worker-1: Download sources and javadoc] INFO  o.e.m.j.internal.DownloadSourcesJob - Downloaded javadoc for org.eclipse.angus:jakarta.mail:2.0.3
2025-01-19 23:33:55,745 [Worker-10: Building] INFO  o.a.m.s.f.DefaultMavenResourcesFiltering - Copying 1 resource from src\main\resources to target\classes
2025-01-19 23:33:55,749 [Worker-10: Building] INFO  o.a.m.s.f.DefaultMavenResourcesFiltering - Copying 0 resource from src\main\resources to target\classes
2025-01-19 23:33:55,753 [Worker-10: Building] INFO  o.a.m.s.f.DefaultMavenResourcesFiltering - skip non existing resourceDirectory F:\WorkSpace6AM_BOOT\06JavaMailSender\src\test\resources
2025-01-19 23:35:41,302 [Worker-4: Building] INFO  o.a.m.s.f.DefaultMavenResourcesFiltering - Copying 1 resource from src\main\resources to target\classes
2025-01-19 23:35:41,311 [Worker-4: Building] INFO  o.a.m.s.f.DefaultMavenResourcesFiltering - Copying 0 resource from src\main\resources to target\classes
2025-01-19 23:35:41,316 [Worker-4: Building] INFO  o.a.m.s.f.DefaultMavenResourcesFiltering - skip non existing resourceDirectory F:\WorkSpace6AM_BOOT\06JavaMailSender\src\test\resources
2025-01-19 23:37:03,049 [Worker-11: Building] INFO  o.a.m.s.f.DefaultMavenResourcesFiltering - Copying 1 resource from src\main\resources to target\classes
2025-01-19 23:37:03,076 [Worker-11: Building] INFO  o.a.m.s.f.DefaultMavenResourcesFiltering - Copying 0 resource from src\main\resources to target\classes
2025-01-19 23:37:03,081 [Worker-11: Building] INFO  o.a.m.s.f.DefaultMavenResourcesFiltering - skip non existing resourceDirectory F:\WorkSpace6AM_BOOT\06JavaMailSender\src\test\resources
2025-01-19 23:39:34,564 [Worker-16: Building] INFO  o.a.m.s.f.DefaultMavenResourcesFiltering - Copying 1 resource from src\main\resources to target\classes
2025-01-19 23:39:34,570 [Worker-16: Building] INFO  o.a.m.s.f.DefaultMavenResourcesFiltering - Copying 0 resource from src\main\resources to target\classes
2025-01-19 23:39:34,574 [Worker-16: Building] INFO  o.a.m.s.f.DefaultMavenResourcesFiltering - skip non existing resourceDirectory F:\WorkSpace6AM_BOOT\06JavaMailSender\src\test\resources
2025-01-19 23:40:15,530 [Worker-17: Building] INFO  o.a.m.s.f.DefaultMavenResourcesFiltering - Copying 1 resource from src\main\resources to target\classes
2025-01-19 23:40:15,535 [Worker-17: Building] INFO  o.a.m.s.f.DefaultMavenResourcesFiltering - Copying 0 resource from src\main\resources to target\classes
2025-01-19 23:40:15,539 [Worker-17: Building] INFO  o.a.m.s.f.DefaultMavenResourcesFiltering - skip non existing resourceDirectory F:\WorkSpace6AM_BOOT\06JavaMailSender\src\test\resources
2025-01-19 23:43:15,080 [Worker-18: Building] INFO  o.a.m.s.f.DefaultMavenResourcesFiltering - Copying 1 resource from src\main\resources to target\classes
2025-01-19 23:43:15,084 [Worker-18: Building] INFO  o.a.m.s.f.DefaultMavenResourcesFiltering - Copying 0 resource from src\main\resources to target\classes
2025-01-19 23:43:15,087 [Worker-18: Building] INFO  o.a.m.s.f.DefaultMavenResourcesFiltering - skip non existing resourceDirectory F:\WorkSpace6AM_BOOT\06JavaMailSender\src\test\resources
2025-01-19 23:43:30,311 [Worker-22: Building] INFO  o.a.m.s.f.DefaultMavenResourcesFiltering - Copying 1 resource from src\main\resources to target\classes
2025-01-19 23:43:30,316 [Worker-22: Building] INFO  o.a.m.s.f.DefaultMavenResourcesFiltering - Copying 0 resource from src\main\resources to target\classes
2025-01-19 23:43:30,319 [Worker-22: Building] INFO  o.a.m.s.f.DefaultMavenResourcesFiltering - skip non existing resourceDirectory F:\WorkSpace6AM_BOOT\06JavaMailSender\src\test\resources
2025-01-19 23:48:54,863 [Worker-25: Building] INFO  o.a.m.s.f.DefaultMavenResourcesFiltering - Copying 1 resource from src\main\resources to target\classes
2025-01-19 23:48:54,869 [Worker-25: Building] INFO  o.a.m.s.f.DefaultMavenResourcesFiltering - Copying 0 resource from src\main\resources to target\classes
2025-01-19 23:48:54,872 [Worker-25: Building] INFO  o.a.m.s.f.DefaultMavenResourcesFiltering - skip non existing resourceDirectory F:\WorkSpace6AM_BOOT\06JavaMailSender\src\test\resources
2025-01-19 23:49:12,947 [Worker-24: Building] INFO  o.a.m.s.f.DefaultMavenResourcesFiltering - Copying 1 resource from src\main\resources to target\classes
2025-01-19 23:49:12,953 [Worker-24: Building] INFO  o.a.m.s.f.DefaultMavenResourcesFiltering - Copying 0 resource from src\main\resources to target\classes
2025-01-19 23:49:12,956 [Worker-24: Building] INFO  o.a.m.s.f.DefaultMavenResourcesFiltering - skip non existing resourceDirectory F:\WorkSpace6AM_BOOT\06JavaMailSender\src\test\resources
